{
    "info": {
        "contributor": "",
        "date_created": "",
        "description": "",
        "url": "",
        "version": "",
        "year": ""
    },
    "licenses": [
        {
            "name": "",
            "id": 0,
            "url": ""
        }
    ],
    "categories": [
        {
            "id": 1,
            "name": "Road",
            "supercategory": ""
        }
    ],
    "images": [
        {
            "id": 17,
            "width": 224,
            "height": 224,
            "file_name": "1611676815531180.png",
            "license": 0,
            "flickr_url": "",
            "coco_url": "",
            "date_captured": 0
        }
    ],
    "annotations": [
        {
            "id": 17,
            "image_id": 17,
            "category_id": 1,
            "segmentation": [
                [
                    45.92,
                    175.06,
                    43.35,
                    195.23,
                    86.25,
                    174.85,
                    161.4,
                    179.7,
                    188.05,
                    198.71,
                    222.85,
                    195.7,
                    204.05,
                    179.03,
                    153.06,
                    145.87,
                    158.6,
                    135.66,
                    153.75,
                    131.23,
                    92.97,
                    128.68
                ]
            ],
            "area": 5978.0,
            "bbox": [
                43.35,
                128.68,
                179.5,
                70.03
            ],
            "iscrowd": 0,
            "attributes": {
                "occluded": false
            }
        }
    ]
}