{
    "info": {
        "contributor": "",
        "date_created": "",
        "description": "",
        "url": "",
        "version": "",
        "year": ""
    },
    "licenses": [
        {
            "name": "",
            "id": 0,
            "url": ""
        }
    ],
    "categories": [
        {
            "id": 1,
            "name": "Road",
            "supercategory": ""
        }
    ],
    "images": [
        {
            "id": 180,
            "width": 224,
            "height": 224,
            "file_name": "1611677348933084.png",
            "license": 0,
            "flickr_url": "",
            "coco_url": "",
            "date_captured": 0
        }
    ],
    "annotations": [
        {
            "id": 180,
            "image_id": 180,
            "category_id": 1,
            "segmentation": [
                [
                    29.99,
                    193.88,
                    71.03,
                    172.7,
                    160.26,
                    172.96,
                    188.32,
                    195.47,
                    220.89,
                    197.85,
                    204.74,
                    155.22,
                    214.8,
                    136.16,
                    177.73,
                    123.72,
                    82.94,
                    139.34
                ]
            ],
            "area": 7034.0,
            "bbox": [
                29.99,
                123.72,
                190.9,
                74.13
            ],
            "iscrowd": 0,
            "attributes": {
                "occluded": false
            }
        }
    ]
}