{
    "info": {
        "contributor": "",
        "date_created": "",
        "description": "",
        "url": "",
        "version": "",
        "year": ""
    },
    "licenses": [
        {
            "name": "",
            "id": 0,
            "url": ""
        }
    ],
    "categories": [
        {
            "id": 1,
            "name": "Road",
            "supercategory": ""
        }
    ],
    "images": [
        {
            "id": 43,
            "width": 224,
            "height": 224,
            "file_name": "1611676948531674.png",
            "license": 0,
            "flickr_url": "",
            "coco_url": "",
            "date_captured": 0
        }
    ],
    "annotations": [
        {
            "id": 43,
            "image_id": 43,
            "category_id": 1,
            "segmentation": [
                [
                    28.05,
                    194.09,
                    44.73,
                    192.51,
                    75.18,
                    175.0,
                    167.88,
                    177.94,
                    194.62,
                    199.92,
                    222.95,
                    202.57,
                    222.95,
                    162.29,
                    136.9,
                    121.52,
                    105.63,
                    120.49
                ]
            ],
            "area": 7765.0,
            "bbox": [
                28.05,
                120.49,
                194.9,
                82.08
            ],
            "iscrowd": 0,
            "attributes": {
                "occluded": false
            }
        }
    ]
}