{
    "info": {
        "contributor": "",
        "date_created": "",
        "description": "",
        "url": "",
        "version": "",
        "year": ""
    },
    "licenses": [
        {
            "name": "",
            "id": 0,
            "url": ""
        }
    ],
    "categories": [
        {
            "id": 1,
            "name": "Road",
            "supercategory": ""
        }
    ],
    "images": [
        {
            "id": 40,
            "width": 224,
            "height": 224,
            "file_name": "1611676946331666.png",
            "license": 0,
            "flickr_url": "",
            "coco_url": "",
            "date_captured": 0
        }
    ],
    "annotations": [
        {
            "id": 40,
            "image_id": 40,
            "category_id": 1,
            "segmentation": [
                [
                    27.55,
                    197.8,
                    44.73,
                    195.13,
                    73.89,
                    173.44,
                    163.91,
                    176.86,
                    194.09,
                    199.92,
                    221.34,
                    204.92,
                    223.19,
                    161.53,
                    131.58,
                    121.28,
                    103.78,
                    122.31
                ]
            ],
            "area": 7527.0,
            "bbox": [
                27.55,
                121.28,
                195.64,
                83.64
            ],
            "iscrowd": 0,
            "attributes": {
                "occluded": false
            }
        }
    ]
}