{
    "info": {
        "contributor": "",
        "date_created": "",
        "description": "",
        "url": "",
        "version": "",
        "year": ""
    },
    "licenses": [
        {
            "name": "",
            "id": 0,
            "url": ""
        }
    ],
    "categories": [
        {
            "id": 1,
            "name": "Road",
            "supercategory": ""
        }
    ],
    "images": [
        {
            "id": 10,
            "width": 224,
            "height": 224,
            "file_name": "1611676811031163.png",
            "license": 0,
            "flickr_url": "",
            "coco_url": "",
            "date_captured": 0
        }
    ],
    "annotations": [
        {
            "id": 10,
            "image_id": 10,
            "category_id": 1,
            "segmentation": [
                [
                    30.99,
                    197.51,
                    47.41,
                    195.13,
                    82.09,
                    176.59,
                    161.79,
                    178.98,
                    187.18,
                    202.81,
                    224.0,
                    193.0,
                    224.0,
                    191.18,
                    142.99,
                    132.93,
                    81.54,
                    133.46
                ]
            ],
            "area": 6307.0,
            "bbox": [
                30.99,
                132.93,
                193.01,
                69.88
            ],
            "iscrowd": 0,
            "attributes": {
                "occluded": false
            }
        }
    ]
}