{
    "info": {
        "contributor": "",
        "date_created": "",
        "description": "",
        "url": "",
        "version": "",
        "year": ""
    },
    "licenses": [
        {
            "name": "",
            "id": 0,
            "url": ""
        }
    ],
    "categories": [
        {
            "id": 1,
            "name": "Road",
            "supercategory": ""
        }
    ],
    "images": [
        {
            "id": 187,
            "width": 224,
            "height": 224,
            "file_name": "1611677401133263.png",
            "license": 0,
            "flickr_url": "",
            "coco_url": "",
            "date_captured": 0
        }
    ],
    "annotations": [
        {
            "id": 187,
            "image_id": 187,
            "category_id": 1,
            "segmentation": [
                [
                    17.22,
                    191.16,
                    39.97,
                    191.98,
                    71.5,
                    172.89,
                    157.56,
                    173.15,
                    189.59,
                    196.21,
                    223.72,
                    195.95,
                    145.38,
                    126.84,
                    94.27,
                    125.76
                ]
            ],
            "area": 6307.0,
            "bbox": [
                17.22,
                125.76,
                206.5,
                70.45
            ],
            "iscrowd": 0,
            "attributes": {
                "occluded": false
            }
        }
    ]
}