{
    "info": {
        "contributor": "",
        "date_created": "",
        "description": "",
        "url": "",
        "version": "",
        "year": ""
    },
    "licenses": [
        {
            "name": "",
            "id": 0,
            "url": ""
        }
    ],
    "categories": [
        {
            "id": 1,
            "name": "Road",
            "supercategory": ""
        }
    ],
    "images": [
        {
            "id": 35,
            "width": 224,
            "height": 224,
            "file_name": "1611676941631649.png",
            "license": 0,
            "flickr_url": "",
            "coco_url": "",
            "date_captured": 0
        }
    ],
    "annotations": [
        {
            "id": 35,
            "image_id": 35,
            "category_id": 1,
            "segmentation": [
                [
                    27.55,
                    192.74,
                    48.97,
                    192.74,
                    85.8,
                    173.15,
                    170.5,
                    176.09,
                    191.98,
                    202.3,
                    224.0,
                    204.11,
                    224.0,
                    160.45,
                    144.02,
                    122.6,
                    107.22,
                    123.37
                ]
            ],
            "area": 7799.0,
            "bbox": [
                27.55,
                122.6,
                196.45,
                81.51
            ],
            "iscrowd": 0,
            "attributes": {
                "occluded": false
            }
        }
    ]
}