{
    "info": {
        "contributor": "",
        "date_created": "",
        "description": "",
        "url": "",
        "version": "",
        "year": ""
    },
    "licenses": [
        {
            "name": "",
            "id": 0,
            "url": ""
        }
    ],
    "categories": [
        {
            "id": 1,
            "name": "Road",
            "supercategory": ""
        }
    ],
    "images": [
        {
            "id": 155,
            "width": 224,
            "height": 224,
            "file_name": "1611677270232815.png",
            "license": 0,
            "flickr_url": "",
            "coco_url": "",
            "date_captured": 0
        }
    ],
    "annotations": [
        {
            "id": 155,
            "image_id": 155,
            "category_id": 1,
            "segmentation": [
                [
                    19.58,
                    189.3,
                    44.2,
                    189.59,
                    77.59,
                    174.24,
                    165.5,
                    175.82,
                    187.74,
                    198.83,
                    218.72,
                    198.83,
                    150.4,
                    133.4,
                    97.98,
                    132.37
                ]
            ],
            "area": 5532.0,
            "bbox": [
                19.58,
                132.37,
                199.14,
                66.46
            ],
            "iscrowd": 0,
            "attributes": {
                "occluded": false
            }
        }
    ]
}