{
    "info": {
        "contributor": "",
        "date_created": "",
        "description": "",
        "url": "",
        "version": "",
        "year": ""
    },
    "licenses": [
        {
            "name": "",
            "id": 0,
            "url": ""
        }
    ],
    "categories": [
        {
            "id": 1,
            "name": "Road",
            "supercategory": ""
        }
    ],
    "images": [
        {
            "id": 24,
            "width": 224,
            "height": 224,
            "file_name": "1611677012231904.png",
            "license": 0,
            "flickr_url": "",
            "coco_url": "",
            "date_captured": 0
        }
    ],
    "annotations": [
        {
            "id": 24,
            "image_id": 24,
            "category_id": 1,
            "segmentation": [
                [
                    37.61,
                    190.89,
                    76.77,
                    172.89,
                    168.38,
                    173.15,
                    194.62,
                    199.63,
                    221.6,
                    200.45,
                    222.95,
                    152.5,
                    145.3,
                    123.1,
                    106.4,
                    124.2
                ]
            ],
            "area": 7142.0,
            "bbox": [
                37.61,
                123.1,
                185.34,
                77.35
            ],
            "iscrowd": 0,
            "attributes": {
                "occluded": false
            }
        }
    ]
}