{
    "info": {
        "contributor": "",
        "date_created": "",
        "description": "",
        "url": "",
        "version": "",
        "year": ""
    },
    "licenses": [
        {
            "name": "",
            "id": 0,
            "url": ""
        }
    ],
    "categories": [
        {
            "id": 1,
            "name": "Road",
            "supercategory": ""
        }
    ],
    "images": [
        {
            "id": 1,
            "width": 224,
            "height": 224,
            "file_name": "1611676979331787.png",
            "license": 0,
            "flickr_url": "",
            "coco_url": "",
            "date_captured": 0
        }
    ],
    "annotations": [
        {
            "id": 1,
            "image_id": 1,
            "category_id": 1,
            "segmentation": [
                [
                    87.63,
                    133.2,
                    35.2,
                    199.4,
                    68.6,
                    175.6,
                    179.3,
                    177.1,
                    194.09,
                    201.75,
                    224.0,
                    203.04,
                    224.0,
                    201.38,
                    190.12,
                    130.55
                ]
            ],
            "area": 6795.0,
            "bbox": [
                35.2,
                130.55,
                188.8,
                72.49
            ],
            "iscrowd": 0,
            "attributes": {
                "occluded": false
            }
        }
    ]
}