{
    "info": {
        "contributor": "",
        "date_created": "",
        "description": "",
        "url": "",
        "version": "",
        "year": ""
    },
    "licenses": [
        {
            "name": "",
            "id": 0,
            "url": ""
        }
    ],
    "categories": [
        {
            "id": 1,
            "name": "Road",
            "supercategory": ""
        }
    ],
    "images": [
        {
            "id": 17,
            "width": 224,
            "height": 224,
            "file_name": "1611676928331600.png",
            "license": 0,
            "flickr_url": "",
            "coco_url": "",
            "date_captured": 0
        }
    ],
    "annotations": [
        {
            "id": 17,
            "image_id": 17,
            "category_id": 1,
            "segmentation": [
                [
                    1.31,
                    167.62,
                    2.66,
                    199.1,
                    38.11,
                    197.24,
                    65.68,
                    176.86,
                    162.29,
                    176.59,
                    186.65,
                    200.18,
                    224.0,
                    201.68,
                    224.0,
                    200.41,
                    137.7,
                    126.0,
                    81.54,
                    123.9
                ]
            ],
            "area": 8827.0,
            "bbox": [
                1.31,
                123.9,
                222.69,
                77.78
            ],
            "iscrowd": 0,
            "attributes": {
                "occluded": false
            }
        }
    ]
}