{
    "info": {
        "contributor": "",
        "date_created": "",
        "description": "",
        "url": "",
        "version": "",
        "year": ""
    },
    "licenses": [
        {
            "name": "",
            "id": 0,
            "url": ""
        }
    ],
    "categories": [
        {
            "id": 1,
            "name": "Road",
            "supercategory": ""
        }
    ],
    "images": [
        {
            "id": 89,
            "width": 224,
            "height": 224,
            "file_name": "1611677108232246.png",
            "license": 0,
            "flickr_url": "",
            "coco_url": "",
            "date_captured": 0
        }
    ],
    "annotations": [
        {
            "id": 89,
            "image_id": 89,
            "category_id": 1,
            "segmentation": [
                [
                    27.29,
                    189.86,
                    46.06,
                    191.98,
                    71.21,
                    174.74,
                    166.03,
                    176.86,
                    189.3,
                    197.8,
                    224.0,
                    201.4,
                    224.0,
                    200.72,
                    153.32,
                    133.96,
                    94.27,
                    131.34
                ]
            ],
            "area": 5737.0,
            "bbox": [
                27.29,
                131.34,
                196.71,
                70.06
            ],
            "iscrowd": 0,
            "attributes": {
                "occluded": false
            }
        }
    ]
}