{
    "info": {
        "contributor": "",
        "date_created": "",
        "description": "",
        "url": "",
        "version": "",
        "year": ""
    },
    "licenses": [
        {
            "name": "",
            "id": 0,
            "url": ""
        }
    ],
    "categories": [
        {
            "id": 1,
            "name": "Road",
            "supercategory": ""
        }
    ],
    "images": [
        {
            "id": 12,
            "width": 224,
            "height": 224,
            "file_name": "1611676862731356.png",
            "license": 0,
            "flickr_url": "",
            "coco_url": "",
            "date_captured": 0
        }
    ],
    "annotations": [
        {
            "id": 12,
            "image_id": 12,
            "category_id": 1,
            "segmentation": [
                [
                    1.58,
                    177.12,
                    2.66,
                    196.48,
                    51.91,
                    188.77,
                    79.16,
                    170.5,
                    158.59,
                    172.62,
                    185.33,
                    197.24,
                    224.0,
                    201.11,
                    224.0,
                    195.73,
                    220.84,
                    179.53,
                    136.08,
                    128.14,
                    95.31,
                    129.49,
                    92.16,
                    140.58,
                    64.09,
                    140.87
                ]
            ],
            "area": 7652.0,
            "bbox": [
                1.58,
                128.14,
                222.42,
                72.97
            ],
            "iscrowd": 0,
            "attributes": {
                "occluded": false
            }
        }
    ]
}