{
    "info": {
        "contributor": "",
        "date_created": "",
        "description": "",
        "url": "",
        "version": "",
        "year": ""
    },
    "licenses": [
        {
            "name": "",
            "id": 0,
            "url": ""
        }
    ],
    "categories": [
        {
            "id": 1,
            "name": "Road",
            "supercategory": ""
        }
    ],
    "images": [
        {
            "id": 10,
            "width": 224,
            "height": 224,
            "file_name": "1611676861531352.png",
            "license": 0,
            "flickr_url": "",
            "coco_url": "",
            "date_captured": 0
        }
    ],
    "annotations": [
        {
            "id": 10,
            "image_id": 10,
            "category_id": 1,
            "segmentation": [
                [
                    0.81,
                    172.89,
                    1.07,
                    198.07,
                    38.94,
                    195.13,
                    85.8,
                    172.62,
                    157.03,
                    175.27,
                    186.65,
                    197.51,
                    218.72,
                    200.95,
                    138.46,
                    128.4,
                    87.36,
                    128.4,
                    81.01,
                    137.67,
                    65.68,
                    154.88,
                    13.49,
                    159.94
                ]
            ],
            "area": 7253.0,
            "bbox": [
                0.81,
                128.4,
                217.91,
                72.55
            ],
            "iscrowd": 0,
            "attributes": {
                "occluded": false
            }
        }
    ]
}