{
    "info": {
        "contributor": "",
        "date_created": "",
        "description": "",
        "url": "",
        "version": "",
        "year": ""
    },
    "licenses": [
        {
            "name": "",
            "id": 0,
            "url": ""
        }
    ],
    "categories": [
        {
            "id": 1,
            "name": "Road",
            "supercategory": ""
        }
    ],
    "images": [
        {
            "id": 179,
            "width": 224,
            "height": 224,
            "file_name": "1611677347133077.png",
            "license": 0,
            "flickr_url": "",
            "coco_url": "",
            "date_captured": 0
        }
    ],
    "annotations": [
        {
            "id": 179,
            "image_id": 179,
            "category_id": 1,
            "segmentation": [
                [
                    10.66,
                    191.76,
                    35.81,
                    193.09,
                    66.0,
                    173.76,
                    162.9,
                    175.88,
                    190.18,
                    194.68,
                    220.89,
                    197.59,
                    172.7,
                    133.8,
                    66.8,
                    130.1
                ]
            ],
            "area": 7392.0,
            "bbox": [
                10.66,
                130.1,
                210.23,
                67.49
            ],
            "iscrowd": 0,
            "attributes": {
                "occluded": false
            }
        }
    ]
}