{
    "info": {
        "contributor": "",
        "date_created": "",
        "description": "",
        "url": "",
        "version": "",
        "year": ""
    },
    "licenses": [
        {
            "name": "",
            "id": 0,
            "url": ""
        }
    ],
    "categories": [
        {
            "id": 1,
            "name": "Road",
            "supercategory": ""
        }
    ],
    "images": [
        {
            "id": 133,
            "width": 224,
            "height": 224,
            "file_name": "1611677201932578.png",
            "license": 0,
            "flickr_url": "",
            "coco_url": "",
            "date_captured": 0
        }
    ],
    "annotations": [
        {
            "id": 133,
            "image_id": 133,
            "category_id": 1,
            "segmentation": [
                [
                    37.61,
                    194.62,
                    70.95,
                    176.59,
                    154.88,
                    175.82,
                    188.27,
                    197.24,
                    224.0,
                    199.27,
                    224.0,
                    198.06,
                    140.58,
                    128.96,
                    98.25,
                    128.4
                ]
            ],
            "area": 5405.0,
            "bbox": [
                37.61,
                128.4,
                186.39,
                70.87
            ],
            "iscrowd": 0,
            "attributes": {
                "occluded": false
            }
        }
    ]
}