{
    "info": {
        "contributor": "",
        "date_created": "",
        "description": "",
        "url": "",
        "version": "",
        "year": ""
    },
    "licenses": [
        {
            "name": "",
            "id": 0,
            "url": ""
        }
    ],
    "categories": [
        {
            "id": 1,
            "name": "Road",
            "supercategory": ""
        }
    ],
    "images": [
        {
            "id": 154,
            "width": 224,
            "height": 224,
            "file_name": "1611677266632802.png",
            "license": 0,
            "flickr_url": "",
            "coco_url": "",
            "date_captured": 0
        }
    ],
    "annotations": [
        {
            "id": 154,
            "image_id": 154,
            "category_id": 1,
            "segmentation": [
                [
                    18.81,
                    189.86,
                    42.62,
                    190.89,
                    76.77,
                    171.32,
                    176.09,
                    175.82,
                    190.89,
                    197.24,
                    220.31,
                    196.98,
                    158.06,
                    129.99,
                    103.25,
                    127.87
                ]
            ],
            "area": 5875.0,
            "bbox": [
                18.81,
                127.87,
                201.5,
                69.37
            ],
            "iscrowd": 0,
            "attributes": {
                "occluded": false
            }
        }
    ]
}