{
    "info": {
        "contributor": "",
        "date_created": "",
        "description": "",
        "url": "",
        "version": "",
        "year": ""
    },
    "licenses": [
        {
            "name": "",
            "id": 0,
            "url": ""
        }
    ],
    "categories": [
        {
            "id": 1,
            "name": "Road",
            "supercategory": ""
        }
    ],
    "images": [
        {
            "id": 100,
            "width": 224,
            "height": 224,
            "file_name": "1611677138832355.png",
            "license": 0,
            "flickr_url": "",
            "coco_url": "",
            "date_captured": 0
        }
    ],
    "annotations": [
        {
            "id": 100,
            "image_id": 100,
            "category_id": 1,
            "segmentation": [
                [
                    40.3,
                    195.2,
                    76.32,
                    174.55,
                    161.31,
                    176.67,
                    188.85,
                    198.12,
                    223.54,
                    199.97,
                    162.4,
                    131.7,
                    111.27,
                    131.13
                ]
            ],
            "area": 5215.0,
            "bbox": [
                40.3,
                131.13,
                183.24,
                68.84
            ],
            "iscrowd": 0,
            "attributes": {
                "occluded": false
            }
        }
    ]
}