{
    "info": {
        "contributor": "",
        "date_created": "",
        "description": "",
        "url": "",
        "version": "",
        "year": ""
    },
    "licenses": [
        {
            "name": "",
            "id": 0,
            "url": ""
        }
    ],
    "categories": [
        {
            "id": 1,
            "name": "Road",
            "supercategory": ""
        }
    ],
    "images": [
        {
            "id": 40,
            "width": 224,
            "height": 224,
            "file_name": "1611676834531251.png",
            "license": 0,
            "flickr_url": "",
            "coco_url": "",
            "date_captured": 0
        }
    ],
    "annotations": [
        {
            "id": 40,
            "image_id": 40,
            "category_id": 1,
            "segmentation": [
                [
                    16.48,
                    196.86,
                    39.66,
                    198.25,
                    72.59,
                    179.03,
                    173.92,
                    181.32,
                    191.78,
                    201.29,
                    222.13,
                    202.68,
                    223.78,
                    134.94,
                    183.87,
                    133.79,
                    116.16,
                    118.04,
                    32.22,
                    117.79
                ]
            ],
            "area": 12605.0,
            "bbox": [
                16.48,
                117.79,
                207.3,
                84.89
            ],
            "iscrowd": 0,
            "attributes": {
                "occluded": false
            }
        }
    ]
}