{
    "info": {
        "contributor": "",
        "date_created": "",
        "description": "",
        "url": "",
        "version": "",
        "year": ""
    },
    "licenses": [
        {
            "name": "",
            "id": 0,
            "url": ""
        }
    ],
    "categories": [
        {
            "id": 1,
            "name": "Road",
            "supercategory": ""
        }
    ],
    "images": [
        {
            "id": 9,
            "width": 224,
            "height": 224,
            "file_name": "1611676810831163.png",
            "license": 0,
            "flickr_url": "",
            "coco_url": "",
            "date_captured": 0
        }
    ],
    "annotations": [
        {
            "id": 9,
            "image_id": 9,
            "category_id": 1,
            "segmentation": [
                [
                    30.17,
                    191.71,
                    51.64,
                    192.24,
                    81.01,
                    177.94,
                    156.2,
                    178.21,
                    187.18,
                    196.98,
                    224.0,
                    188.4,
                    224.0,
                    187.92,
                    139.55,
                    134.23,
                    83.39,
                    132.37
                ]
            ],
            "area": 6137.0,
            "bbox": [
                30.17,
                132.37,
                193.83,
                64.61
            ],
            "iscrowd": 0,
            "attributes": {
                "occluded": false
            }
        }
    ]
}