{
    "info": {
        "contributor": "",
        "date_created": "",
        "description": "",
        "url": "",
        "version": "",
        "year": ""
    },
    "licenses": [
        {
            "name": "",
            "id": 0,
            "url": ""
        }
    ],
    "categories": [
        {
            "id": 1,
            "name": "Road",
            "supercategory": ""
        }
    ],
    "images": [
        {
            "id": 6,
            "width": 224,
            "height": 224,
            "file_name": "1611676809431157.png",
            "license": 0,
            "flickr_url": "",
            "coco_url": "",
            "date_captured": 0
        }
    ],
    "annotations": [
        {
            "id": 6,
            "image_id": 6,
            "category_id": 1,
            "segmentation": [
                [
                    23.58,
                    197.51,
                    39.97,
                    198.07,
                    69.91,
                    178.98,
                    156.2,
                    178.21,
                    183.21,
                    198.33,
                    215.01,
                    191.98,
                    142.99,
                    130.81,
                    77.3,
                    131.58
                ]
            ],
            "area": 6520.0,
            "bbox": [
                23.58,
                130.81,
                191.43,
                67.52
            ],
            "iscrowd": 0,
            "attributes": {
                "occluded": false
            }
        }
    ]
}