{
    "info": {
        "contributor": "",
        "date_created": "",
        "description": "",
        "url": "",
        "version": "",
        "year": ""
    },
    "licenses": [
        {
            "name": "",
            "id": 0,
            "url": ""
        }
    ],
    "categories": [
        {
            "id": 1,
            "name": "Road",
            "supercategory": ""
        }
    ],
    "images": [
        {
            "id": 102,
            "width": 224,
            "height": 224,
            "file_name": "1611677140132360.png",
            "license": 0,
            "flickr_url": "",
            "coco_url": "",
            "date_captured": 0
        }
    ],
    "annotations": [
        {
            "id": 102,
            "image_id": 102,
            "category_id": 1,
            "segmentation": [
                [
                    32.1,
                    196.79,
                    75.0,
                    176.67,
                    172.2,
                    175.9,
                    189.91,
                    198.12,
                    224.0,
                    199.43,
                    223.7,
                    168.1,
                    157.08,
                    129.54,
                    109.15,
                    130.07
                ]
            ],
            "area": 6433.0,
            "bbox": [
                32.1,
                129.54,
                191.9,
                69.89
            ],
            "iscrowd": 0,
            "attributes": {
                "occluded": false
            }
        }
    ]
}