{
    "info": {
        "contributor": "",
        "date_created": "",
        "description": "",
        "url": "",
        "version": "",
        "year": ""
    },
    "licenses": [
        {
            "name": "",
            "id": 0,
            "url": ""
        }
    ],
    "categories": [
        {
            "id": 1,
            "name": "Road",
            "supercategory": ""
        }
    ],
    "images": [
        {
            "id": 49,
            "width": 224,
            "height": 224,
            "file_name": "1611676964231732.png",
            "license": 0,
            "flickr_url": "",
            "coco_url": "",
            "date_captured": 0
        }
    ],
    "annotations": [
        {
            "id": 49,
            "image_id": 49,
            "category_id": 1,
            "segmentation": [
                [
                    9.86,
                    192.56,
                    42.7,
                    194.15,
                    73.67,
                    177.47,
                    160.52,
                    179.05,
                    191.76,
                    197.85,
                    221.95,
                    203.15,
                    223.8,
                    152.31,
                    138.01,
                    119.22,
                    98.03,
                    119.75
                ]
            ],
            "area": 9664.0,
            "bbox": [
                9.86,
                119.22,
                213.94,
                83.93
            ],
            "iscrowd": 0,
            "attributes": {
                "occluded": false
            }
        }
    ]
}