{
    "info": {
        "contributor": "",
        "date_created": "",
        "description": "",
        "url": "",
        "version": "",
        "year": ""
    },
    "licenses": [
        {
            "name": "",
            "id": 0,
            "url": ""
        }
    ],
    "categories": [
        {
            "id": 1,
            "name": "Road",
            "supercategory": ""
        }
    ],
    "images": [
        {
            "id": 32,
            "width": 224,
            "height": 224,
            "file_name": "1611676939631642.png",
            "license": 0,
            "flickr_url": "",
            "coco_url": "",
            "date_captured": 0
        }
    ],
    "annotations": [
        {
            "id": 32,
            "image_id": 32,
            "category_id": 1,
            "segmentation": [
                [
                    12.72,
                    191.71,
                    45.29,
                    191.98,
                    80.74,
                    174.24,
                    182.68,
                    179.24,
                    199.1,
                    202.3,
                    224.0,
                    203.29,
                    224.0,
                    155.53,
                    169.47,
                    122.05,
                    132.11,
                    123.13
                ]
            ],
            "area": 7987.0,
            "bbox": [
                12.72,
                122.05,
                211.28,
                81.24
            ],
            "iscrowd": 0,
            "attributes": {
                "occluded": false
            }
        }
    ]
}