{
    "info": {
        "contributor": "",
        "date_created": "",
        "description": "",
        "url": "",
        "version": "",
        "year": ""
    },
    "licenses": [
        {
            "name": "",
            "id": 0,
            "url": ""
        }
    ],
    "categories": [
        {
            "id": 1,
            "name": "Road",
            "supercategory": ""
        }
    ],
    "images": [
        {
            "id": 24,
            "width": 224,
            "height": 224,
            "file_name": "1611676935931627.png",
            "license": 0,
            "flickr_url": "",
            "coco_url": "",
            "date_captured": 0
        }
    ],
    "annotations": [
        {
            "id": 24,
            "image_id": 24,
            "category_id": 1,
            "segmentation": [
                [
                    1.39,
                    196.27,
                    44.02,
                    194.94,
                    76.85,
                    172.7,
                    170.32,
                    171.11,
                    190.18,
                    199.18,
                    223.8,
                    204.21,
                    216.39,
                    144.37,
                    141.5,
                    119.7,
                    0.07,
                    127.16
                ]
            ],
            "area": 12479.0,
            "bbox": [
                0.07,
                119.7,
                223.73,
                84.51
            ],
            "iscrowd": 0,
            "attributes": {
                "occluded": false
            }
        }
    ]
}