{
    "info": {
        "contributor": "",
        "date_created": "",
        "description": "",
        "url": "",
        "version": "",
        "year": ""
    },
    "licenses": [
        {
            "name": "",
            "id": 0,
            "url": ""
        }
    ],
    "categories": [
        {
            "id": 1,
            "name": "Road",
            "supercategory": ""
        }
    ],
    "images": [
        {
            "id": 84,
            "width": 224,
            "height": 224,
            "file_name": "1611677098732212.png",
            "license": 0,
            "flickr_url": "",
            "coco_url": "",
            "date_captured": 0
        }
    ],
    "annotations": [
        {
            "id": 84,
            "image_id": 84,
            "category_id": 1,
            "segmentation": [
                [
                    31.76,
                    189.86,
                    49.53,
                    189.86,
                    79.42,
                    173.97,
                    162.06,
                    177.12,
                    189.3,
                    196.98,
                    222.69,
                    202.04,
                    155.44,
                    135.31,
                    95.04,
                    133.46
                ]
            ],
            "area": 5404.0,
            "bbox": [
                31.76,
                133.46,
                190.93,
                68.58
            ],
            "iscrowd": 0,
            "attributes": {
                "occluded": false
            }
        }
    ]
}