{
    "info": {
        "contributor": "",
        "date_created": "",
        "description": "",
        "url": "",
        "version": "",
        "year": ""
    },
    "licenses": [
        {
            "name": "",
            "id": 0,
            "url": ""
        }
    ],
    "categories": [
        {
            "id": 1,
            "name": "Road",
            "supercategory": ""
        }
    ],
    "images": [
        {
            "id": 45,
            "width": 224,
            "height": 224,
            "file_name": "1611677036831992.png",
            "license": 0,
            "flickr_url": "",
            "coco_url": "",
            "date_captured": 0
        }
    ],
    "annotations": [
        {
            "id": 45,
            "image_id": 45,
            "category_id": 1,
            "segmentation": [
                [
                    29.72,
                    138.01,
                    23.37,
                    193.09,
                    42.96,
                    192.56,
                    75.79,
                    175.08,
                    166.88,
                    175.88,
                    190.44,
                    198.65,
                    219.83,
                    202.36,
                    209.24,
                    130.6,
                    156.02,
                    122.13
                ]
            ],
            "area": 10111.0,
            "bbox": [
                23.37,
                122.13,
                196.46,
                80.23
            ],
            "iscrowd": 0,
            "attributes": {
                "occluded": false
            }
        }
    ]
}