{
    "info": {
        "contributor": "",
        "date_created": "",
        "description": "",
        "url": "",
        "version": "",
        "year": ""
    },
    "licenses": [
        {
            "name": "",
            "id": 0,
            "url": ""
        }
    ],
    "categories": [
        {
            "id": 1,
            "name": "Road",
            "supercategory": ""
        }
    ],
    "images": [
        {
            "id": 170,
            "width": 224,
            "height": 224,
            "file_name": "1611677329933019.png",
            "license": 0,
            "flickr_url": "",
            "coco_url": "",
            "date_captured": 0
        }
    ],
    "annotations": [
        {
            "id": 170,
            "image_id": 170,
            "category_id": 1,
            "segmentation": [
                [
                    13.04,
                    192.03,
                    41.37,
                    194.41,
                    70.5,
                    174.82,
                    161.58,
                    174.29,
                    188.06,
                    196.27,
                    220.09,
                    195.74,
                    143.0,
                    134.3,
                    79.23,
                    131.66
                ]
            ],
            "area": 6017.0,
            "bbox": [
                13.04,
                131.66,
                207.05,
                64.61
            ],
            "iscrowd": 0,
            "attributes": {
                "occluded": false
            }
        }
    ]
}