{
    "info": {
        "contributor": "",
        "date_created": "",
        "description": "",
        "url": "",
        "version": "",
        "year": ""
    },
    "licenses": [
        {
            "name": "",
            "id": 0,
            "url": ""
        }
    ],
    "categories": [
        {
            "id": 1,
            "name": "Road",
            "supercategory": ""
        }
    ],
    "images": [
        {
            "id": 123,
            "width": 224,
            "height": 224,
            "file_name": "1611677178932497.png",
            "license": 0,
            "flickr_url": "",
            "coco_url": "",
            "date_captured": 0
        }
    ],
    "annotations": [
        {
            "id": 123,
            "image_id": 123,
            "category_id": 1,
            "segmentation": [
                [
                    54.8,
                    185.62,
                    89.48,
                    172.12,
                    162.29,
                    172.89,
                    197.51,
                    198.6,
                    224.0,
                    198.34,
                    224.0,
                    197.86,
                    141.67,
                    126.02,
                    110.42,
                    124.46,
                    107.49,
                    135.58,
                    89.75,
                    137.94
                ]
            ],
            "area": 4861.0,
            "bbox": [
                54.8,
                124.46,
                169.2,
                74.14
            ],
            "iscrowd": 0,
            "attributes": {
                "occluded": false
            }
        }
    ]
}