{
    "info": {
        "contributor": "",
        "date_created": "",
        "description": "",
        "url": "",
        "version": "",
        "year": ""
    },
    "licenses": [
        {
            "name": "",
            "id": 0,
            "url": ""
        }
    ],
    "categories": [
        {
            "id": 1,
            "name": "Road",
            "supercategory": ""
        }
    ],
    "images": [
        {
            "id": 136,
            "width": 224,
            "height": 224,
            "file_name": "1611677207932599.png",
            "license": 0,
            "flickr_url": "",
            "coco_url": "",
            "date_captured": 0
        }
    ],
    "annotations": [
        {
            "id": 136,
            "image_id": 136,
            "category_id": 1,
            "segmentation": [
                [
                    33.96,
                    194.94,
                    75.53,
                    175.88,
                    159.99,
                    175.61,
                    191.5,
                    197.32,
                    224.0,
                    196.82,
                    224.0,
                    195.24,
                    152.84,
                    128.48,
                    94.33,
                    128.22
                ]
            ],
            "area": 6096.0,
            "bbox": [
                33.96,
                128.22,
                190.04,
                69.1
            ],
            "iscrowd": 0,
            "attributes": {
                "occluded": false
            }
        }
    ]
}