{
    "info": {
        "contributor": "",
        "date_created": "",
        "description": "",
        "url": "",
        "version": "",
        "year": ""
    },
    "licenses": [
        {
            "name": "",
            "id": 0,
            "url": ""
        }
    ],
    "categories": [
        {
            "id": 1,
            "name": "Road",
            "supercategory": ""
        }
    ],
    "images": [
        {
            "id": 143,
            "width": 224,
            "height": 224,
            "file_name": "1611677216332628.png",
            "license": 0,
            "flickr_url": "",
            "coco_url": "",
            "date_captured": 0
        }
    ],
    "annotations": [
        {
            "id": 143,
            "image_id": 143,
            "category_id": 1,
            "segmentation": [
                [
                    34.41,
                    191.98,
                    75.18,
                    174.74,
                    160.97,
                    173.15,
                    190.63,
                    198.07,
                    222.95,
                    198.6,
                    145.64,
                    129.49,
                    96.92,
                    129.49
                ]
            ],
            "area": 5298.0,
            "bbox": [
                34.41,
                129.49,
                188.54,
                69.11
            ],
            "iscrowd": 0,
            "attributes": {
                "occluded": false
            }
        }
    ]
}