{
    "info": {
        "contributor": "",
        "date_created": "",
        "description": "",
        "url": "",
        "version": "",
        "year": ""
    },
    "licenses": [
        {
            "name": "",
            "id": 0,
            "url": ""
        }
    ],
    "categories": [
        {
            "id": 1,
            "name": "Road",
            "supercategory": ""
        }
    ],
    "images": [
        {
            "id": 35,
            "width": 224,
            "height": 224,
            "file_name": "1611676888131451.png",
            "license": 0,
            "flickr_url": "",
            "coco_url": "",
            "date_captured": 0
        }
    ],
    "annotations": [
        {
            "id": 35,
            "image_id": 35,
            "category_id": 1,
            "segmentation": [
                [
                    1.07,
                    128.14,
                    2.4,
                    193.54,
                    41.85,
                    194.86,
                    66.21,
                    178.21,
                    174.74,
                    179.8,
                    189.3,
                    199.1,
                    223.72,
                    202.81,
                    223.19,
                    136.9,
                    127.37,
                    112.54,
                    73.33,
                    112.54,
                    64.59,
                    120.75,
                    26.2,
                    122.05
                ]
            ],
            "area": 14553.0,
            "bbox": [
                1.07,
                112.54,
                222.65,
                90.27
            ],
            "iscrowd": 0,
            "attributes": {
                "occluded": false
            }
        }
    ]
}