{
    "info": {
        "contributor": "",
        "date_created": "",
        "description": "",
        "url": "",
        "version": "",
        "year": ""
    },
    "licenses": [
        {
            "name": "",
            "id": 0,
            "url": ""
        }
    ],
    "categories": [
        {
            "id": 1,
            "name": "Road",
            "supercategory": ""
        }
    ],
    "images": [
        {
            "id": 45,
            "width": 224,
            "height": 224,
            "file_name": "1611676840731274.png",
            "license": 0,
            "flickr_url": "",
            "coco_url": "",
            "date_captured": 0
        }
    ],
    "annotations": [
        {
            "id": 45,
            "image_id": 45,
            "category_id": 1,
            "segmentation": [
                [
                    3.03,
                    189.69,
                    30.85,
                    189.23,
                    67.23,
                    176.94,
                    165.11,
                    176.48,
                    191.99,
                    200.59,
                    222.39,
                    202.21,
                    223.06,
                    158.6,
                    97.15,
                    125.92,
                    42.89,
                    124.3
                ]
            ],
            "area": 9590.0,
            "bbox": [
                3.03,
                124.3,
                220.03,
                77.91
            ],
            "iscrowd": 0,
            "attributes": {
                "occluded": false
            }
        }
    ]
}