{
    "info": {
        "contributor": "",
        "date_created": "",
        "description": "",
        "url": "",
        "version": "",
        "year": ""
    },
    "licenses": [
        {
            "name": "",
            "id": 0,
            "url": ""
        }
    ],
    "categories": [
        {
            "id": 1,
            "name": "Road",
            "supercategory": ""
        }
    ],
    "images": [
        {
            "id": 121,
            "width": 224,
            "height": 224,
            "file_name": "1611677174932483.png",
            "license": 0,
            "flickr_url": "",
            "coco_url": "",
            "date_captured": 0
        }
    ],
    "annotations": [
        {
            "id": 121,
            "image_id": 121,
            "category_id": 1,
            "segmentation": [
                [
                    39.2,
                    193.83,
                    70.68,
                    176.86,
                    161.53,
                    175.56,
                    186.65,
                    196.72,
                    217.9,
                    199.1,
                    158.59,
                    132.37,
                    113.07,
                    130.55
                ]
            ],
            "area": 4924.0,
            "bbox": [
                39.2,
                130.55,
                178.7,
                68.55
            ],
            "iscrowd": 0,
            "attributes": {
                "occluded": false
            }
        }
    ]
}