{
    "info": {
        "contributor": "",
        "date_created": "",
        "description": "",
        "url": "",
        "version": "",
        "year": ""
    },
    "licenses": [
        {
            "name": "",
            "id": 0,
            "url": ""
        }
    ],
    "categories": [
        {
            "id": 1,
            "name": "Road",
            "supercategory": ""
        }
    ],
    "images": [
        {
            "id": 20,
            "width": 224,
            "height": 224,
            "file_name": "1611677010331898.png",
            "license": 0,
            "flickr_url": "",
            "coco_url": "",
            "date_captured": 0
        }
    ],
    "annotations": [
        {
            "id": 20,
            "image_id": 20,
            "category_id": 1,
            "segmentation": [
                [
                    43.4,
                    195.2,
                    74.92,
                    175.56,
                    167.06,
                    177.12,
                    190.63,
                    198.6,
                    221.6,
                    203.33,
                    224.0,
                    172.81,
                    224.0,
                    158.68,
                    148.8,
                    126.0,
                    104.86,
                    126.29
                ]
            ],
            "area": 7099.0,
            "bbox": [
                43.4,
                126.0,
                180.6,
                77.33
            ],
            "iscrowd": 0,
            "attributes": {
                "occluded": false
            }
        }
    ]
}