{
    "info": {
        "contributor": "",
        "date_created": "",
        "description": "",
        "url": "",
        "version": "",
        "year": ""
    },
    "licenses": [
        {
            "name": "",
            "id": 0,
            "url": ""
        }
    ],
    "categories": [
        {
            "id": 1,
            "name": "Road",
            "supercategory": ""
        }
    ],
    "images": [
        {
            "id": 35,
            "width": 224,
            "height": 224,
            "file_name": "1611676823931211.png",
            "license": 0,
            "flickr_url": "",
            "coco_url": "",
            "date_captured": 0
        }
    ],
    "annotations": [
        {
            "id": 35,
            "image_id": 35,
            "category_id": 1,
            "segmentation": [
                [
                    25.75,
                    191.52,
                    42.68,
                    190.13,
                    76.77,
                    178.56,
                    162.31,
                    178.77,
                    184.34,
                    198.71,
                    216.8,
                    195.49,
                    166.5,
                    135.66,
                    188.77,
                    128.94,
                    169.06,
                    122.89,
                    119.87,
                    128.68,
                    75.35,
                    143.32
                ]
            ],
            "area": 6987.0,
            "bbox": [
                25.75,
                122.89,
                191.05,
                75.82
            ],
            "iscrowd": 0,
            "attributes": {
                "occluded": false
            }
        }
    ]
}