{
    "info": {
        "contributor": "",
        "date_created": "",
        "description": "",
        "url": "",
        "version": "",
        "year": ""
    },
    "licenses": [
        {
            "name": "",
            "id": 0,
            "url": ""
        }
    ],
    "categories": [
        {
            "id": 1,
            "name": "Road",
            "supercategory": ""
        }
    ],
    "images": [
        {
            "id": 174,
            "width": 224,
            "height": 224,
            "file_name": "1611677336133040.png",
            "license": 0,
            "flickr_url": "",
            "coco_url": "",
            "date_captured": 0
        }
    ],
    "annotations": [
        {
            "id": 174,
            "image_id": 174,
            "category_id": 1,
            "segmentation": [
                [
                    16.4,
                    189.04,
                    42.35,
                    190.63,
                    77.3,
                    170.5,
                    163.12,
                    173.97,
                    189.3,
                    195.95,
                    222.42,
                    196.72,
                    172.6,
                    131.1,
                    94.8,
                    126.84
                ]
            ],
            "area": 6788.0,
            "bbox": [
                16.4,
                126.84,
                206.02,
                69.88
            ],
            "iscrowd": 0,
            "attributes": {
                "occluded": false
            }
        }
    ]
}