{
    "info": {
        "contributor": "",
        "date_created": "",
        "description": "",
        "url": "",
        "version": "",
        "year": ""
    },
    "licenses": [
        {
            "name": "",
            "id": 0,
            "url": ""
        }
    ],
    "categories": [
        {
            "id": 1,
            "name": "Road",
            "supercategory": ""
        }
    ],
    "images": [
        {
            "id": 129,
            "width": 224,
            "height": 224,
            "file_name": "1611677197732563.png",
            "license": 0,
            "flickr_url": "",
            "coco_url": "",
            "date_captured": 0
        }
    ],
    "annotations": [
        {
            "id": 129,
            "image_id": 129,
            "category_id": 1,
            "segmentation": [
                [
                    38.38,
                    192.5,
                    77.3,
                    175.0,
                    163.64,
                    175.56,
                    195.39,
                    197.51,
                    223.7,
                    194.9,
                    144.8,
                    132.9,
                    99.81,
                    133.96
                ]
            ],
            "area": 4792.0,
            "bbox": [
                38.38,
                132.9,
                185.32,
                64.61
            ],
            "iscrowd": 0,
            "attributes": {
                "occluded": false
            }
        }
    ]
}