{
    "info": {
        "contributor": "",
        "date_created": "",
        "description": "",
        "url": "",
        "version": "",
        "year": ""
    },
    "licenses": [
        {
            "name": "",
            "id": 0,
            "url": ""
        }
    ],
    "categories": [
        {
            "id": 1,
            "name": "Road",
            "supercategory": ""
        }
    ],
    "images": [
        {
            "id": 24,
            "width": 224,
            "height": 224,
            "file_name": "1611676878431415.png",
            "license": 0,
            "flickr_url": "",
            "coco_url": "",
            "date_captured": 0
        }
    ],
    "annotations": [
        {
            "id": 24,
            "image_id": 24,
            "category_id": 1,
            "segmentation": [
                [
                    1.07,
                    165.5,
                    3.69,
                    199.1,
                    42.35,
                    195.13,
                    77.04,
                    175.0,
                    173.97,
                    181.09,
                    188.77,
                    198.83,
                    224.0,
                    199.62,
                    224.0,
                    146.11,
                    223.99,
                    144.85,
                    184.03,
                    140.58,
                    154.35,
                    134.23,
                    101.13,
                    128.14,
                    63.27,
                    131.08
                ]
            ],
            "area": 10715.0,
            "bbox": [
                1.07,
                128.14,
                222.93,
                71.48
            ],
            "iscrowd": 0,
            "attributes": {
                "occluded": false
            }
        }
    ]
}