{
    "info": {
        "contributor": "",
        "date_created": "",
        "description": "",
        "url": "",
        "version": "",
        "year": ""
    },
    "licenses": [
        {
            "name": "",
            "id": 0,
            "url": ""
        }
    ],
    "categories": [
        {
            "id": 1,
            "name": "Road",
            "supercategory": ""
        }
    ],
    "images": [
        {
            "id": 21,
            "width": 224,
            "height": 224,
            "file_name": "1611677010431898.png",
            "license": 0,
            "flickr_url": "",
            "coco_url": "",
            "date_captured": 0
        }
    ],
    "annotations": [
        {
            "id": 21,
            "image_id": 21,
            "category_id": 1,
            "segmentation": [
                [
                    41.6,
                    196.3,
                    76.59,
                    175.61,
                    172.17,
                    176.94,
                    191.23,
                    199.18,
                    224.0,
                    202.08,
                    224.0,
                    159.72,
                    148.1,
                    126.4,
                    105.2,
                    127.4
                ]
            ],
            "area": 6928.0,
            "bbox": [
                41.6,
                126.4,
                182.4,
                75.68
            ],
            "iscrowd": 0,
            "attributes": {
                "occluded": false
            }
        }
    ]
}