{
    "info": {
        "contributor": "",
        "date_created": "",
        "description": "",
        "url": "",
        "version": "",
        "year": ""
    },
    "licenses": [
        {
            "name": "",
            "id": 0,
            "url": ""
        }
    ],
    "categories": [
        {
            "id": 1,
            "name": "Road",
            "supercategory": ""
        }
    ],
    "images": [
        {
            "id": 2,
            "width": 224,
            "height": 224,
            "file_name": "1611676902531505.png",
            "license": 0,
            "flickr_url": "",
            "coco_url": "",
            "date_captured": 0
        }
    ],
    "annotations": [
        {
            "id": 2,
            "image_id": 2,
            "category_id": 1,
            "segmentation": [
                [
                    2.93,
                    196.71,
                    40.5,
                    196.98,
                    69.36,
                    176.33,
                    164.41,
                    179.8,
                    190.12,
                    198.33,
                    223.46,
                    203.07,
                    223.72,
                    170.0,
                    134.78,
                    126.58,
                    91.07,
                    126.58
                ]
            ],
            "area": 8345.0,
            "bbox": [
                2.93,
                126.58,
                220.79,
                76.49
            ],
            "iscrowd": 0,
            "attributes": {
                "occluded": false
            }
        }
    ]
}