{
    "info": {
        "contributor": "",
        "date_created": "",
        "description": "",
        "url": "",
        "version": "",
        "year": ""
    },
    "licenses": [
        {
            "name": "",
            "id": 0,
            "url": ""
        }
    ],
    "categories": [
        {
            "id": 1,
            "name": "Road",
            "supercategory": ""
        }
    ],
    "images": [
        {
            "id": 42,
            "width": 224,
            "height": 224,
            "file_name": "1611677034431983.png",
            "license": 0,
            "flickr_url": "",
            "coco_url": "",
            "date_captured": 0
        }
    ],
    "annotations": [
        {
            "id": 42,
            "image_id": 42,
            "category_id": 1,
            "segmentation": [
                [
                    4.0,
                    199.4,
                    40.76,
                    194.36,
                    61.15,
                    177.68,
                    152.23,
                    169.18,
                    194.86,
                    195.39,
                    216.07,
                    192.51,
                    132.37,
                    126.29,
                    90.6,
                    126.0,
                    0.0,
                    164.67,
                    0.0,
                    164.71
                ]
            ],
            "area": 7675.0,
            "bbox": [
                0.0,
                126.0,
                216.07,
                73.4
            ],
            "iscrowd": 0,
            "attributes": {
                "occluded": false
            }
        }
    ]
}