{
    "info": {
        "contributor": "",
        "date_created": "",
        "description": "",
        "url": "",
        "version": "",
        "year": ""
    },
    "licenses": [
        {
            "name": "",
            "id": 0,
            "url": ""
        }
    ],
    "categories": [
        {
            "id": 1,
            "name": "Road",
            "supercategory": ""
        }
    ],
    "images": [
        {
            "id": 138,
            "width": 224,
            "height": 224,
            "file_name": "1611677209732606.png",
            "license": 0,
            "flickr_url": "",
            "coco_url": "",
            "date_captured": 0
        }
    ],
    "annotations": [
        {
            "id": 138,
            "image_id": 138,
            "category_id": 1,
            "segmentation": [
                [
                    38.12,
                    193.54,
                    72.03,
                    174.47,
                    158.06,
                    175.56,
                    189.3,
                    197.24,
                    223.99,
                    197.51,
                    148.79,
                    127.87,
                    94.27,
                    126.84
                ]
            ],
            "area": 5803.0,
            "bbox": [
                38.12,
                126.84,
                185.87,
                70.67
            ],
            "iscrowd": 0,
            "attributes": {
                "occluded": false
            }
        }
    ]
}