{
    "info": {
        "contributor": "",
        "date_created": "",
        "description": "",
        "url": "",
        "version": "",
        "year": ""
    },
    "licenses": [
        {
            "name": "",
            "id": 0,
            "url": ""
        }
    ],
    "categories": [
        {
            "id": 1,
            "name": "Road",
            "supercategory": ""
        }
    ],
    "images": [
        {
            "id": 20,
            "width": 224,
            "height": 224,
            "file_name": "1611676930031607.png",
            "license": 0,
            "flickr_url": "",
            "coco_url": "",
            "date_captured": 0
        }
    ],
    "annotations": [
        {
            "id": 20,
            "image_id": 20,
            "category_id": 1,
            "segmentation": [
                [
                    1.58,
                    166.8,
                    2.11,
                    197.8,
                    39.47,
                    195.39,
                    70.44,
                    176.09,
                    159.94,
                    175.0,
                    186.92,
                    199.63,
                    224.0,
                    203.28,
                    224.0,
                    202.85,
                    151.97,
                    139.02,
                    151.47,
                    122.31,
                    86.07,
                    120.2
                ]
            ],
            "area": 8995.0,
            "bbox": [
                1.58,
                120.2,
                222.42,
                83.08
            ],
            "iscrowd": 0,
            "attributes": {
                "occluded": false
            }
        }
    ]
}