{
    "info": {
        "contributor": "",
        "date_created": "",
        "description": "",
        "url": "",
        "version": "",
        "year": ""
    },
    "licenses": [
        {
            "name": "",
            "id": 0,
            "url": ""
        }
    ],
    "categories": [
        {
            "id": 1,
            "name": "Road",
            "supercategory": ""
        }
    ],
    "images": [
        {
            "id": 99,
            "width": 224,
            "height": 224,
            "file_name": "1611677137332350.png",
            "license": 0,
            "flickr_url": "",
            "coco_url": "",
            "date_captured": 0
        }
    ],
    "annotations": [
        {
            "id": 99,
            "image_id": 99,
            "category_id": 1,
            "segmentation": [
                [
                    41.11,
                    193.88,
                    71.03,
                    176.94,
                    163.7,
                    175.35,
                    192.82,
                    199.44,
                    223.54,
                    201.03,
                    162.4,
                    131.4,
                    110.74,
                    130.6
                ]
            ],
            "area": 5270.0,
            "bbox": [
                41.11,
                130.6,
                182.43,
                70.43
            ],
            "iscrowd": 0,
            "attributes": {
                "occluded": false
            }
        }
    ]
}