{
    "info": {
        "contributor": "",
        "date_created": "",
        "description": "",
        "url": "",
        "version": "",
        "year": ""
    },
    "licenses": [
        {
            "name": "",
            "id": 0,
            "url": ""
        }
    ],
    "categories": [
        {
            "id": 1,
            "name": "Road",
            "supercategory": ""
        }
    ],
    "images": [
        {
            "id": 23,
            "width": 224,
            "height": 224,
            "file_name": "1611677012031904.png",
            "license": 0,
            "flickr_url": "",
            "coco_url": "",
            "date_captured": 0
        }
    ],
    "annotations": [
        {
            "id": 23,
            "image_id": 23,
            "category_id": 1,
            "segmentation": [
                [
                    40.58,
                    193.88,
                    70.76,
                    177.2,
                    165.55,
                    173.76,
                    189.91,
                    198.91,
                    221.42,
                    202.09,
                    224.0,
                    163.77,
                    224.0,
                    150.69,
                    145.96,
                    123.98,
                    106.51,
                    124.25
                ]
            ],
            "area": 7475.0,
            "bbox": [
                40.58,
                123.98,
                183.42,
                78.11
            ],
            "iscrowd": 0,
            "attributes": {
                "occluded": false
            }
        }
    ]
}