{
    "info": {
        "contributor": "",
        "date_created": "",
        "description": "",
        "url": "",
        "version": "",
        "year": ""
    },
    "licenses": [
        {
            "name": "",
            "id": 0,
            "url": ""
        }
    ],
    "categories": [
        {
            "id": 1,
            "name": "Road",
            "supercategory": ""
        }
    ],
    "images": [
        {
            "id": 172,
            "width": 224,
            "height": 224,
            "file_name": "1611677333933032.png",
            "license": 0,
            "flickr_url": "",
            "coco_url": "",
            "date_captured": 0
        }
    ],
    "annotations": [
        {
            "id": 172,
            "image_id": 172,
            "category_id": 1,
            "segmentation": [
                [
                    11.4,
                    190.89,
                    39.97,
                    191.42,
                    78.89,
                    171.85,
                    165.76,
                    173.71,
                    190.12,
                    196.72,
                    221.34,
                    198.33,
                    161.53,
                    127.61,
                    103.78,
                    126.02
                ]
            ],
            "area": 6524.0,
            "bbox": [
                11.4,
                126.02,
                209.94,
                72.31
            ],
            "iscrowd": 0,
            "attributes": {
                "occluded": false
            }
        }
    ]
}