{
    "info": {
        "contributor": "",
        "date_created": "",
        "description": "",
        "url": "",
        "version": "",
        "year": ""
    },
    "licenses": [
        {
            "name": "",
            "id": 0,
            "url": ""
        }
    ],
    "categories": [
        {
            "id": 1,
            "name": "Road",
            "supercategory": ""
        }
    ],
    "images": [
        {
            "id": 23,
            "width": 224,
            "height": 224,
            "file_name": "1611676817131186.png",
            "license": 0,
            "flickr_url": "",
            "coco_url": "",
            "date_captured": 0
        }
    ],
    "annotations": [
        {
            "id": 23,
            "image_id": 23,
            "category_id": 1,
            "segmentation": [
                [
                    4.86,
                    197.32,
                    40.59,
                    197.11,
                    78.6,
                    178.31,
                    168.59,
                    176.22,
                    188.97,
                    202.21,
                    223.78,
                    201.29,
                    221.44,
                    163.03,
                    179.95,
                    160.68,
                    148.86,
                    138.42,
                    152.59,
                    131.95,
                    139.35,
                    124.51,
                    95.06,
                    123.84
                ]
            ],
            "area": 8048.0,
            "bbox": [
                4.86,
                123.84,
                218.92,
                78.37
            ],
            "iscrowd": 0,
            "attributes": {
                "occluded": false
            }
        }
    ]
}