{
    "info": {
        "contributor": "",
        "date_created": "",
        "description": "",
        "url": "",
        "version": "",
        "year": ""
    },
    "licenses": [
        {
            "name": "",
            "id": 0,
            "url": ""
        }
    ],
    "categories": [
        {
            "id": 1,
            "name": "Road",
            "supercategory": ""
        }
    ],
    "images": [
        {
            "id": 126,
            "width": 224,
            "height": 224,
            "file_name": "1611677182632510.png",
            "license": 0,
            "flickr_url": "",
            "coco_url": "",
            "date_captured": 0
        }
    ],
    "annotations": [
        {
            "id": 126,
            "image_id": 126,
            "category_id": 1,
            "segmentation": [
                [
                    25.49,
                    195.74,
                    40.31,
                    194.41,
                    74.73,
                    173.49,
                    159.99,
                    173.76,
                    188.06,
                    196.53,
                    224.0,
                    198.1,
                    224.0,
                    197.79,
                    156.81,
                    131.92,
                    103.86,
                    130.87
                ]
            ],
            "area": 5513.0,
            "bbox": [
                25.49,
                130.87,
                198.51,
                67.23
            ],
            "iscrowd": 0,
            "attributes": {
                "occluded": false
            }
        }
    ]
}