{
    "info": {
        "contributor": "",
        "date_created": "",
        "description": "",
        "url": "",
        "version": "",
        "year": ""
    },
    "licenses": [
        {
            "name": "",
            "id": 0,
            "url": ""
        }
    ],
    "categories": [
        {
            "id": 1,
            "name": "Road",
            "supercategory": ""
        }
    ],
    "images": [
        {
            "id": 185,
            "width": 224,
            "height": 224,
            "file_name": "1611677395633244.png",
            "license": 0,
            "flickr_url": "",
            "coco_url": "",
            "date_captured": 0
        }
    ],
    "annotations": [
        {
            "id": 185,
            "image_id": 185,
            "category_id": 1,
            "segmentation": [
                [
                    11.4,
                    191.98,
                    39.47,
                    192.74,
                    68.56,
                    172.36,
                    162.06,
                    172.12,
                    189.04,
                    196.21,
                    217.63,
                    196.21,
                    129.99,
                    131.08,
                    75.18,
                    130.55
                ]
            ],
            "area": 5568.0,
            "bbox": [
                11.4,
                130.55,
                206.23,
                65.66
            ],
            "iscrowd": 0,
            "attributes": {
                "occluded": false
            }
        }
    ]
}