{
    "info": {
        "contributor": "",
        "date_created": "",
        "description": "",
        "url": "",
        "version": "",
        "year": ""
    },
    "licenses": [
        {
            "name": "",
            "id": 0,
            "url": ""
        }
    ],
    "categories": [
        {
            "id": 1,
            "name": "Road",
            "supercategory": ""
        }
    ],
    "images": [
        {
            "id": 33,
            "width": 224,
            "height": 224,
            "file_name": "1611676823331209.png",
            "license": 0,
            "flickr_url": "",
            "coco_url": "",
            "date_captured": 0
        }
    ],
    "annotations": [
        {
            "id": 33,
            "image_id": 33,
            "category_id": 1,
            "segmentation": [
                [
                    21.58,
                    190.6,
                    48.68,
                    191.32,
                    80.94,
                    173.92,
                    166.71,
                    179.7,
                    185.75,
                    201.29,
                    222.6,
                    205.23,
                    218.42,
                    175.32,
                    166.94,
                    131.49,
                    187.14,
                    123.35,
                    175.52,
                    119.2,
                    138.89,
                    119.66,
                    76.97,
                    133.11
                ]
            ],
            "area": 8672.0,
            "bbox": [
                21.58,
                119.2,
                201.02,
                86.03
            ],
            "iscrowd": 0,
            "attributes": {
                "occluded": false
            }
        }
    ]
}