{
    "info": {
        "contributor": "",
        "date_created": "",
        "description": "",
        "url": "",
        "version": "",
        "year": ""
    },
    "licenses": [
        {
            "name": "",
            "id": 0,
            "url": ""
        }
    ],
    "categories": [
        {
            "id": 1,
            "name": "Road",
            "supercategory": ""
        }
    ],
    "images": [
        {
            "id": 9,
            "width": 224,
            "height": 224,
            "file_name": "1611676918631564.png",
            "license": 0,
            "flickr_url": "",
            "coco_url": "",
            "date_captured": 0
        }
    ],
    "annotations": [
        {
            "id": 9,
            "image_id": 9,
            "category_id": 1,
            "segmentation": [
                [
                    0.81,
                    173.15,
                    1.31,
                    196.98,
                    38.94,
                    196.72,
                    75.74,
                    176.09,
                    165.76,
                    176.09,
                    191.16,
                    202.04,
                    223.46,
                    203.89,
                    223.46,
                    169.47,
                    117.8,
                    124.7,
                    54.6,
                    124.2,
                    43.17,
                    152.5
                ]
            ],
            "area": 9660.0,
            "bbox": [
                0.81,
                124.2,
                222.65,
                79.69
            ],
            "iscrowd": 0,
            "attributes": {
                "occluded": false
            }
        }
    ]
}