{
    "info": {
        "contributor": "",
        "date_created": "",
        "description": "",
        "url": "",
        "version": "",
        "year": ""
    },
    "licenses": [
        {
            "name": "",
            "id": 0,
            "url": ""
        }
    ],
    "categories": [
        {
            "id": 1,
            "name": "Road",
            "supercategory": ""
        }
    ],
    "images": [
        {
            "id": 16,
            "width": 224,
            "height": 224,
            "file_name": "1611676927031596.png",
            "license": 0,
            "flickr_url": "",
            "coco_url": "",
            "date_captured": 0
        }
    ],
    "annotations": [
        {
            "id": 16,
            "image_id": 16,
            "category_id": 1,
            "segmentation": [
                [
                    1.58,
                    162.56,
                    4.22,
                    196.98,
                    42.09,
                    193.83,
                    73.33,
                    175.27,
                    168.65,
                    175.56,
                    186.65,
                    198.83,
                    222.95,
                    202.57,
                    137.43,
                    124.46,
                    91.07,
                    121.02
                ]
            ],
            "area": 8650.0,
            "bbox": [
                1.58,
                121.02,
                221.37,
                81.55
            ],
            "iscrowd": 0,
            "attributes": {
                "occluded": false
            }
        }
    ]
}