{
    "info": {
        "contributor": "",
        "date_created": "",
        "description": "",
        "url": "",
        "version": "",
        "year": ""
    },
    "licenses": [
        {
            "name": "",
            "id": 0,
            "url": ""
        }
    ],
    "categories": [
        {
            "id": 1,
            "name": "Road",
            "supercategory": ""
        }
    ],
    "images": [
        {
            "id": 41,
            "width": 224,
            "height": 224,
            "file_name": "1611677027831960.png",
            "license": 0,
            "flickr_url": "",
            "coco_url": "",
            "date_captured": 0
        }
    ],
    "annotations": [
        {
            "id": 41,
            "image_id": 41,
            "category_id": 1,
            "segmentation": [
                [
                    30.44,
                    188.53,
                    78.39,
                    172.89,
                    168.91,
                    176.09,
                    191.16,
                    198.07,
                    224.0,
                    202.2,
                    224.0,
                    201.45,
                    153.85,
                    127.11,
                    114.4,
                    126.58
                ]
            ],
            "area": 5416.0,
            "bbox": [
                30.44,
                126.58,
                193.56,
                75.62
            ],
            "iscrowd": 0,
            "attributes": {
                "occluded": false
            }
        }
    ]
}