{
    "info": {
        "contributor": "",
        "date_created": "",
        "description": "",
        "url": "",
        "version": "",
        "year": ""
    },
    "licenses": [
        {
            "name": "",
            "id": 0,
            "url": ""
        }
    ],
    "categories": [
        {
            "id": 1,
            "name": "Road",
            "supercategory": ""
        }
    ],
    "images": [
        {
            "id": 42,
            "width": 224,
            "height": 224,
            "file_name": "1611676896431482.png",
            "license": 0,
            "flickr_url": "",
            "coco_url": "",
            "date_captured": 0
        }
    ],
    "annotations": [
        {
            "id": 42,
            "image_id": 42,
            "category_id": 1,
            "segmentation": [
                [
                    1.84,
                    171.03,
                    1.84,
                    198.6,
                    41.32,
                    195.95,
                    74.92,
                    173.15,
                    174.47,
                    177.94,
                    189.04,
                    198.6,
                    223.72,
                    201.48,
                    224.0,
                    182.46,
                    224.0,
                    163.29,
                    121.28,
                    131.34,
                    75.74,
                    124.99,
                    1.07,
                    135.58
                ]
            ],
            "area": 10630.0,
            "bbox": [
                1.07,
                124.99,
                222.93,
                76.49
            ],
            "iscrowd": 0,
            "attributes": {
                "occluded": false
            }
        }
    ]
}