{
    "info": {
        "contributor": "",
        "date_created": "",
        "description": "",
        "url": "",
        "version": "",
        "year": ""
    },
    "licenses": [
        {
            "name": "",
            "id": 0,
            "url": ""
        }
    ],
    "categories": [
        {
            "id": 1,
            "name": "Road",
            "supercategory": ""
        }
    ],
    "images": [
        {
            "id": 153,
            "width": 224,
            "height": 224,
            "file_name": "1611677255232763.png",
            "license": 0,
            "flickr_url": "",
            "coco_url": "",
            "date_captured": 0
        }
    ],
    "annotations": [
        {
            "id": 153,
            "image_id": 153,
            "category_id": 1,
            "segmentation": [
                [
                    22.78,
                    188.27,
                    44.47,
                    189.86,
                    76.53,
                    173.44,
                    168.15,
                    175.27,
                    189.04,
                    197.51,
                    222.95,
                    198.07,
                    143.26,
                    132.93,
                    83.39,
                    130.26
                ]
            ],
            "area": 5791.0,
            "bbox": [
                22.78,
                130.26,
                200.17,
                67.81
            ],
            "iscrowd": 0,
            "attributes": {
                "occluded": false
            }
        }
    ]
}