{
    "info": {
        "contributor": "",
        "date_created": "",
        "description": "",
        "url": "",
        "version": "",
        "year": ""
    },
    "licenses": [
        {
            "name": "",
            "id": 0,
            "url": ""
        }
    ],
    "categories": [
        {
            "id": 1,
            "name": "Road",
            "supercategory": ""
        }
    ],
    "images": [
        {
            "id": 69,
            "width": 224,
            "height": 224,
            "file_name": "1611677065732095.png",
            "license": 0,
            "flickr_url": "",
            "coco_url": "",
            "date_captured": 0
        }
    ],
    "annotations": [
        {
            "id": 69,
            "image_id": 69,
            "category_id": 1,
            "segmentation": [
                [
                    25.94,
                    189.3,
                    44.73,
                    190.39,
                    80.24,
                    174.24,
                    160.44,
                    176.86,
                    186.65,
                    197.8,
                    221.6,
                    201.22,
                    140.87,
                    127.11,
                    97.98,
                    125.76
                ]
            ],
            "area": 5970.0,
            "bbox": [
                25.94,
                125.76,
                195.66,
                75.46
            ],
            "iscrowd": 0,
            "attributes": {
                "occluded": false
            }
        }
    ]
}