{
    "info": {
        "contributor": "",
        "date_created": "",
        "description": "",
        "url": "",
        "version": "",
        "year": ""
    },
    "licenses": [
        {
            "name": "",
            "id": 0,
            "url": ""
        }
    ],
    "categories": [
        {
            "id": 1,
            "name": "Road",
            "supercategory": ""
        }
    ],
    "images": [
        {
            "id": 125,
            "width": 224,
            "height": 224,
            "file_name": "1611677181532506.png",
            "license": 0,
            "flickr_url": "",
            "coco_url": "",
            "date_captured": 0
        }
    ],
    "annotations": [
        {
            "id": 125,
            "image_id": 125,
            "category_id": 1,
            "segmentation": [
                [
                    37.13,
                    194.68,
                    77.12,
                    174.02,
                    160.79,
                    174.02,
                    192.56,
                    198.65,
                    224.0,
                    198.1,
                    148.34,
                    128.22,
                    104.65,
                    128.48
                ]
            ],
            "area": 5249.0,
            "bbox": [
                37.13,
                128.22,
                186.87,
                70.43
            ],
            "iscrowd": 0,
            "attributes": {
                "occluded": false
            }
        }
    ]
}