{
    "info": {
        "contributor": "",
        "date_created": "",
        "description": "",
        "url": "",
        "version": "",
        "year": ""
    },
    "licenses": [
        {
            "name": "",
            "id": 0,
            "url": ""
        }
    ],
    "categories": [
        {
            "id": 1,
            "name": "Road",
            "supercategory": ""
        }
    ],
    "images": [
        {
            "id": 40,
            "width": 224,
            "height": 224,
            "file_name": "1611676895331477.png",
            "license": 0,
            "flickr_url": "",
            "coco_url": "",
            "date_captured": 0
        }
    ],
    "annotations": [
        {
            "id": 40,
            "image_id": 40,
            "category_id": 1,
            "segmentation": [
                [
                    0.54,
                    164.41,
                    0.81,
                    194.09,
                    39.73,
                    196.21,
                    82.86,
                    175.0,
                    159.94,
                    174.74,
                    185.07,
                    199.92,
                    222.16,
                    202.04,
                    223.46,
                    152.5,
                    79.98,
                    126.02,
                    0.54,
                    125.49
                ]
            ],
            "area": 11507.0,
            "bbox": [
                0.54,
                125.49,
                222.92,
                76.55
            ],
            "iscrowd": 0,
            "attributes": {
                "occluded": false
            }
        }
    ]
}