{
    "info": {
        "contributor": "",
        "date_created": "",
        "description": "",
        "url": "",
        "version": "",
        "year": ""
    },
    "licenses": [
        {
            "name": "",
            "id": 0,
            "url": ""
        }
    ],
    "categories": [
        {
            "id": 1,
            "name": "Road",
            "supercategory": ""
        }
    ],
    "images": [
        {
            "id": 37,
            "width": 224,
            "height": 224,
            "file_name": "1611677024331948.png",
            "license": 0,
            "flickr_url": "",
            "coco_url": "",
            "date_captured": 0
        }
    ],
    "annotations": [
        {
            "id": 37,
            "image_id": 37,
            "category_id": 1,
            "segmentation": [
                [
                    24.43,
                    194.15,
                    41.11,
                    194.94,
                    75.53,
                    176.14,
                    173.23,
                    178.53,
                    192.03,
                    199.44,
                    223.54,
                    205.0,
                    147.81,
                    127.69,
                    98.03,
                    128.22
                ]
            ],
            "area": 6074.0,
            "bbox": [
                24.43,
                127.69,
                199.11,
                77.31
            ],
            "iscrowd": 0,
            "attributes": {
                "occluded": false
            }
        }
    ]
}