{
    "info": {
        "contributor": "",
        "date_created": "",
        "description": "",
        "url": "",
        "version": "",
        "year": ""
    },
    "licenses": [
        {
            "name": "",
            "id": 0,
            "url": ""
        }
    ],
    "categories": [
        {
            "id": 1,
            "name": "Road",
            "supercategory": ""
        }
    ],
    "images": [
        {
            "id": 11,
            "width": 224,
            "height": 224,
            "file_name": "1611677000331862.png",
            "license": 0,
            "flickr_url": "",
            "coco_url": "",
            "date_captured": 0
        }
    ],
    "annotations": [
        {
            "id": 11,
            "image_id": 11,
            "category_id": 1,
            "segmentation": [
                [
                    35.55,
                    185.94,
                    54.61,
                    186.73,
                    86.65,
                    173.49,
                    172.44,
                    177.2,
                    192.29,
                    197.85,
                    223.01,
                    202.09,
                    223.54,
                    156.81,
                    149.66,
                    126.63,
                    102.01,
                    124.51
                ]
            ],
            "area": 7546.0,
            "bbox": [
                35.55,
                124.51,
                187.99,
                77.58
            ],
            "iscrowd": 0,
            "attributes": {
                "occluded": false
            }
        }
    ]
}