{
    "info": {
        "contributor": "",
        "date_created": "",
        "description": "",
        "url": "",
        "version": "",
        "year": ""
    },
    "licenses": [
        {
            "name": "",
            "id": 0,
            "url": ""
        }
    ],
    "categories": [
        {
            "id": 1,
            "name": "Road",
            "supercategory": ""
        }
    ],
    "images": [
        {
            "id": 164,
            "width": 224,
            "height": 224,
            "file_name": "1611677318132978.png",
            "license": 0,
            "flickr_url": "",
            "coco_url": "",
            "date_captured": 0
        }
    ],
    "annotations": [
        {
            "id": 164,
            "image_id": 164,
            "category_id": 1,
            "segmentation": [
                [
                    26.46,
                    157.82,
                    29.14,
                    193.83,
                    81.01,
                    173.44,
                    168.91,
                    172.89,
                    192.24,
                    196.98,
                    222.42,
                    198.6,
                    177.41,
                    131.58,
                    113.84,
                    126.29
                ]
            ],
            "area": 7453.0,
            "bbox": [
                26.46,
                126.29,
                195.96,
                72.31
            ],
            "iscrowd": 0,
            "attributes": {
                "occluded": false
            }
        }
    ]
}