{
    "info": {
        "contributor": "",
        "date_created": "",
        "description": "",
        "url": "",
        "version": "",
        "year": ""
    },
    "licenses": [
        {
            "name": "",
            "id": 0,
            "url": ""
        }
    ],
    "categories": [
        {
            "id": 1,
            "name": "Road",
            "supercategory": ""
        }
    ],
    "images": [
        {
            "id": 34,
            "width": 224,
            "height": 224,
            "file_name": "1611676940931646.png",
            "license": 0,
            "flickr_url": "",
            "coco_url": "",
            "date_captured": 0
        }
    ],
    "annotations": [
        {
            "id": 34,
            "image_id": 34,
            "category_id": 1,
            "segmentation": [
                [
                    22.49,
                    197.25,
                    43.97,
                    196.21,
                    66.21,
                    179.24,
                    173.71,
                    177.12,
                    194.62,
                    200.18,
                    222.69,
                    202.81,
                    224.0,
                    167.01,
                    224.0,
                    159.28,
                    142.17,
                    120.49,
                    113.84,
                    122.05
                ]
            ],
            "area": 7960.0,
            "bbox": [
                22.49,
                120.49,
                201.51,
                82.32
            ],
            "iscrowd": 0,
            "attributes": {
                "occluded": false
            }
        }
    ]
}