{
    "info": {
        "contributor": "",
        "date_created": "",
        "description": "",
        "url": "",
        "version": "",
        "year": ""
    },
    "licenses": [
        {
            "name": "",
            "id": 0,
            "url": ""
        }
    ],
    "categories": [
        {
            "id": 1,
            "name": "Road",
            "supercategory": ""
        }
    ],
    "images": [
        {
            "id": 39,
            "width": 224,
            "height": 224,
            "file_name": "1611677025531952.png",
            "license": 0,
            "flickr_url": "",
            "coco_url": "",
            "date_captured": 0
        }
    ],
    "annotations": [
        {
            "id": 39,
            "image_id": 39,
            "category_id": 1,
            "segmentation": [
                [
                    25.94,
                    197.51,
                    66.45,
                    177.68,
                    170.77,
                    176.09,
                    191.98,
                    198.6,
                    224.0,
                    203.03,
                    224.0,
                    202.78,
                    148.79,
                    125.25,
                    99.28,
                    126.02
                ]
            ],
            "area": 6032.0,
            "bbox": [
                25.94,
                125.25,
                198.06,
                77.78
            ],
            "iscrowd": 0,
            "attributes": {
                "occluded": false
            }
        }
    ]
}