{
    "info": {
        "contributor": "",
        "date_created": "",
        "description": "",
        "url": "",
        "version": "",
        "year": ""
    },
    "licenses": [
        {
            "name": "",
            "id": 0,
            "url": ""
        }
    ],
    "categories": [
        {
            "id": 1,
            "name": "Road",
            "supercategory": ""
        }
    ],
    "images": [
        {
            "id": 167,
            "width": 224,
            "height": 224,
            "file_name": "1611677325533004.png",
            "license": 0,
            "flickr_url": "",
            "coco_url": "",
            "date_captured": 0
        }
    ],
    "annotations": [
        {
            "id": 167,
            "image_id": 167,
            "category_id": 1,
            "segmentation": [
                [
                    11.64,
                    194.86,
                    39.73,
                    195.13,
                    68.83,
                    173.44,
                    167.06,
                    172.62,
                    193.01,
                    199.92,
                    224.0,
                    199.38,
                    222.9,
                    184.7,
                    193.3,
                    153.6,
                    99.0,
                    130.0,
                    18.26,
                    136.08
                ]
            ],
            "area": 8445.0,
            "bbox": [
                11.64,
                130.0,
                212.36,
                69.92
            ],
            "iscrowd": 0,
            "attributes": {
                "occluded": false
            }
        }
    ]
}