{
    "info": {
        "contributor": "",
        "date_created": "",
        "description": "",
        "url": "",
        "version": "",
        "year": ""
    },
    "licenses": [
        {
            "name": "",
            "id": 0,
            "url": ""
        }
    ],
    "categories": [
        {
            "id": 1,
            "name": "Road",
            "supercategory": ""
        }
    ],
    "images": [
        {
            "id": 142,
            "width": 224,
            "height": 224,
            "file_name": "1611677214532622.png",
            "license": 0,
            "flickr_url": "",
            "coco_url": "",
            "date_captured": 0
        }
    ],
    "annotations": [
        {
            "id": 142,
            "image_id": 142,
            "category_id": 1,
            "segmentation": [
                [
                    33.88,
                    194.09,
                    78.39,
                    174.74,
                    162.29,
                    173.44,
                    189.59,
                    196.48,
                    223.99,
                    195.95,
                    147.49,
                    129.73,
                    97.42,
                    129.49
                ]
            ],
            "area": 5384.0,
            "bbox": [
                33.88,
                129.49,
                190.11,
                66.99
            ],
            "iscrowd": 0,
            "attributes": {
                "occluded": false
            }
        }
    ]
}