{
    "info": {
        "contributor": "",
        "date_created": "",
        "description": "",
        "url": "",
        "version": "",
        "year": ""
    },
    "licenses": [
        {
            "name": "",
            "id": 0,
            "url": ""
        }
    ],
    "categories": [
        {
            "id": 1,
            "name": "Road",
            "supercategory": ""
        }
    ],
    "images": [
        {
            "id": 50,
            "width": 224,
            "height": 224,
            "file_name": "1611676967331743.png",
            "license": 0,
            "flickr_url": "",
            "coco_url": "",
            "date_captured": 0
        }
    ],
    "annotations": [
        {
            "id": 50,
            "image_id": 50,
            "category_id": 1,
            "segmentation": [
                [
                    7.67,
                    194.36,
                    39.97,
                    194.36,
                    71.5,
                    175.82,
                    164.41,
                    178.21,
                    189.86,
                    198.33,
                    222.42,
                    202.81,
                    224.0,
                    158.48,
                    224.0,
                    150.54,
                    135.0,
                    119.7,
                    96.13,
                    119.4
                ]
            ],
            "area": 9600.0,
            "bbox": [
                7.67,
                119.4,
                216.33,
                83.41
            ],
            "iscrowd": 0,
            "attributes": {
                "occluded": false
            }
        }
    ]
}