{
    "info": {
        "contributor": "",
        "date_created": "",
        "description": "",
        "url": "",
        "version": "",
        "year": ""
    },
    "licenses": [
        {
            "name": "",
            "id": 0,
            "url": ""
        }
    ],
    "categories": [
        {
            "id": 1,
            "name": "Road",
            "supercategory": ""
        }
    ],
    "images": [
        {
            "id": 195,
            "width": 224,
            "height": 224,
            "file_name": "1611677432833373.png",
            "license": 0,
            "flickr_url": "",
            "coco_url": "",
            "date_captured": 0
        }
    ],
    "annotations": [
        {
            "id": 195,
            "image_id": 195,
            "category_id": 1,
            "segmentation": [
                [
                    28.13,
                    195.21,
                    78.97,
                    172.7,
                    159.46,
                    174.55,
                    190.7,
                    197.59,
                    223.3,
                    192.6,
                    120.27,
                    133.51,
                    45.61,
                    132.72
                ]
            ],
            "area": 5901.0,
            "bbox": [
                28.13,
                132.72,
                195.17,
                64.87
            ],
            "iscrowd": 0,
            "attributes": {
                "occluded": false
            }
        }
    ]
}