{
    "info": {
        "contributor": "",
        "date_created": "",
        "description": "",
        "url": "",
        "version": "",
        "year": ""
    },
    "licenses": [
        {
            "name": "",
            "id": 0,
            "url": ""
        }
    ],
    "categories": [
        {
            "id": 1,
            "name": "Road",
            "supercategory": ""
        }
    ],
    "images": [
        {
            "id": 14,
            "width": 224,
            "height": 224,
            "file_name": "1611677003931875.png",
            "license": 0,
            "flickr_url": "",
            "coco_url": "",
            "date_captured": 0
        }
    ],
    "annotations": [
        {
            "id": 14,
            "image_id": 14,
            "category_id": 1,
            "segmentation": [
                [
                    37.85,
                    191.42,
                    80.74,
                    172.12,
                    166.03,
                    175.82,
                    194.09,
                    199.1,
                    222.95,
                    202.57,
                    223.72,
                    156.47,
                    143.0,
                    124.7,
                    100.63,
                    124.17
                ]
            ],
            "area": 7317.0,
            "bbox": [
                37.85,
                124.17,
                185.87,
                78.4
            ],
            "iscrowd": 0,
            "attributes": {
                "occluded": false
            }
        }
    ]
}