{
    "info": {
        "contributor": "",
        "date_created": "",
        "description": "",
        "url": "",
        "version": "",
        "year": ""
    },
    "licenses": [
        {
            "name": "",
            "id": 0,
            "url": ""
        }
    ],
    "categories": [
        {
            "id": 1,
            "name": "Road",
            "supercategory": ""
        }
    ],
    "images": [
        {
            "id": 80,
            "width": 224,
            "height": 224,
            "file_name": "1611677089732180.png",
            "license": 0,
            "flickr_url": "",
            "coco_url": "",
            "date_captured": 0
        }
    ],
    "annotations": [
        {
            "id": 80,
            "image_id": 80,
            "category_id": 1,
            "segmentation": [
                [
                    23.82,
                    191.98,
                    42.35,
                    193.54,
                    72.3,
                    176.33,
                    158.85,
                    177.41,
                    191.42,
                    198.33,
                    221.6,
                    202.3,
                    148.79,
                    133.2,
                    95.57,
                    131.85
                ]
            ],
            "area": 5716.0,
            "bbox": [
                23.82,
                131.85,
                197.78,
                70.45
            ],
            "iscrowd": 0,
            "attributes": {
                "occluded": false
            }
        }
    ]
}