{
    "info": {
        "contributor": "",
        "date_created": "",
        "description": "",
        "url": "",
        "version": "",
        "year": ""
    },
    "licenses": [
        {
            "name": "",
            "id": 0,
            "url": ""
        }
    ],
    "categories": [
        {
            "id": 1,
            "name": "Road",
            "supercategory": ""
        }
    ],
    "images": [
        {
            "id": 7,
            "width": 224,
            "height": 224,
            "file_name": "1611676859131343.png",
            "license": 0,
            "flickr_url": "",
            "coco_url": "",
            "date_captured": 0
        }
    ],
    "annotations": [
        {
            "id": 7,
            "image_id": 7,
            "category_id": 1,
            "segmentation": [
                [
                    2.93,
                    196.98,
                    43.97,
                    196.21,
                    69.91,
                    174.24,
                    166.27,
                    176.59,
                    190.12,
                    197.8,
                    223.19,
                    199.1,
                    126.02,
                    129.73,
                    73.33,
                    130.26
                ]
            ],
            "area": 6454.0,
            "bbox": [
                2.93,
                129.73,
                220.26,
                69.37
            ],
            "iscrowd": 0,
            "attributes": {
                "occluded": false
            }
        }
    ]
}