{
    "info": {
        "contributor": "",
        "date_created": "",
        "description": "",
        "url": "",
        "version": "",
        "year": ""
    },
    "licenses": [
        {
            "name": "",
            "id": 0,
            "url": ""
        }
    ],
    "categories": [
        {
            "id": 1,
            "name": "Road",
            "supercategory": ""
        }
    ],
    "images": [
        {
            "id": 177,
            "width": 224,
            "height": 224,
            "file_name": "1611677345233072.png",
            "license": 0,
            "flickr_url": "",
            "coco_url": "",
            "date_captured": 0
        }
    ],
    "annotations": [
        {
            "id": 177,
            "image_id": 177,
            "category_id": 1,
            "segmentation": [
                [
                    16.14,
                    191.98,
                    43.97,
                    193.83,
                    74.92,
                    175.82,
                    160.18,
                    176.09,
                    186.92,
                    196.98,
                    215.51,
                    197.8,
                    148.26,
                    134.23,
                    86.33,
                    131.58
                ]
            ],
            "area": 5979.0,
            "bbox": [
                16.14,
                131.58,
                199.37,
                66.22
            ],
            "iscrowd": 0,
            "attributes": {
                "occluded": false
            }
        }
    ]
}