{
    "info": {
        "contributor": "",
        "date_created": "",
        "description": "",
        "url": "",
        "version": "",
        "year": ""
    },
    "licenses": [
        {
            "name": "",
            "id": 0,
            "url": ""
        }
    ],
    "categories": [
        {
            "id": 1,
            "name": "Road",
            "supercategory": ""
        }
    ],
    "images": [
        {
            "id": 64,
            "width": 224,
            "height": 224,
            "file_name": "1611677060332076.png",
            "license": 0,
            "flickr_url": "",
            "coco_url": "",
            "date_captured": 0
        }
    ],
    "annotations": [
        {
            "id": 64,
            "image_id": 64,
            "category_id": 1,
            "segmentation": [
                [
                    33.11,
                    194.36,
                    73.89,
                    172.89,
                    160.18,
                    175.82,
                    187.18,
                    196.72,
                    223.46,
                    203.6,
                    134.49,
                    129.22,
                    85.24,
                    127.87
                ]
            ],
            "area": 5289.0,
            "bbox": [
                33.11,
                127.87,
                190.35,
                75.73
            ],
            "iscrowd": 0,
            "attributes": {
                "occluded": false
            }
        }
    ]
}