{
    "info": {
        "contributor": "",
        "date_created": "",
        "description": "",
        "url": "",
        "version": "",
        "year": ""
    },
    "licenses": [
        {
            "name": "",
            "id": 0,
            "url": ""
        }
    ],
    "categories": [
        {
            "id": 1,
            "name": "Road",
            "supercategory": ""
        }
    ],
    "images": [
        {
            "id": 183,
            "width": 224,
            "height": 224,
            "file_name": "1611677390933228.png",
            "license": 0,
            "flickr_url": "",
            "coco_url": "",
            "date_captured": 0
        }
    ],
    "annotations": [
        {
            "id": 183,
            "image_id": 183,
            "category_id": 1,
            "segmentation": [
                [
                    12.72,
                    193.54,
                    37.61,
                    193.54,
                    75.45,
                    172.62,
                    172.89,
                    176.33,
                    123.64,
                    126.02,
                    83.13,
                    126.84
                ]
            ],
            "area": 4913.0,
            "bbox": [
                12.72,
                126.02,
                160.17,
                67.52
            ],
            "iscrowd": 0,
            "attributes": {
                "occluded": false
            }
        }
    ]
}