{
    "info": {
        "contributor": "",
        "date_created": "",
        "description": "",
        "url": "",
        "version": "",
        "year": ""
    },
    "licenses": [
        {
            "name": "",
            "id": 0,
            "url": ""
        }
    ],
    "categories": [
        {
            "id": 1,
            "name": "Road",
            "supercategory": ""
        }
    ],
    "images": [
        {
            "id": 44,
            "width": 224,
            "height": 224,
            "file_name": "1611677035731989.png",
            "license": 0,
            "flickr_url": "",
            "coco_url": "",
            "date_captured": 0
        }
    ],
    "annotations": [
        {
            "id": 44,
            "image_id": 44,
            "category_id": 1,
            "segmentation": [
                [
                    11.45,
                    196.79,
                    38.72,
                    195.74,
                    74.47,
                    174.55,
                    161.05,
                    173.49,
                    190.97,
                    196.53,
                    220.89,
                    200.5,
                    190.97,
                    134.57,
                    132.19,
                    124.25,
                    10.13,
                    148.61
                ]
            ],
            "area": 9468.0,
            "bbox": [
                10.13,
                124.25,
                210.76,
                76.25
            ],
            "iscrowd": 0,
            "attributes": {
                "occluded": false
            }
        }
    ]
}