{
    "info": {
        "contributor": "",
        "date_created": "",
        "description": "",
        "url": "",
        "version": "",
        "year": ""
    },
    "licenses": [
        {
            "name": "",
            "id": 0,
            "url": ""
        }
    ],
    "categories": [
        {
            "id": 1,
            "name": "Road",
            "supercategory": ""
        }
    ],
    "images": [
        {
            "id": 168,
            "width": 224,
            "height": 224,
            "file_name": "1611677327333010.png",
            "license": 0,
            "flickr_url": "",
            "coco_url": "",
            "date_captured": 0
        }
    ],
    "annotations": [
        {
            "id": 168,
            "image_id": 168,
            "category_id": 1,
            "segmentation": [
                [
                    10.13,
                    194.41,
                    36.61,
                    196.0,
                    73.94,
                    173.76,
                    157.08,
                    172.96,
                    187.79,
                    197.32,
                    220.09,
                    199.97,
                    174.82,
                    151.78,
                    107.83,
                    136.16,
                    22.04,
                    135.37
                ]
            ],
            "area": 7358.0,
            "bbox": [
                10.13,
                135.37,
                209.96,
                64.6
            ],
            "iscrowd": 0,
            "attributes": {
                "occluded": false
            }
        }
    ]
}