{
    "info": {
        "contributor": "",
        "date_created": "",
        "description": "",
        "url": "",
        "version": "",
        "year": ""
    },
    "licenses": [
        {
            "name": "",
            "id": 0,
            "url": ""
        }
    ],
    "categories": [
        {
            "id": 1,
            "name": "Road",
            "supercategory": ""
        }
    ],
    "images": [
        {
            "id": 196,
            "width": 224,
            "height": 224,
            "file_name": "1611677434033378.png",
            "license": 0,
            "flickr_url": "",
            "coco_url": "",
            "date_captured": 0
        }
    ],
    "annotations": [
        {
            "id": 196,
            "image_id": 196,
            "category_id": 1,
            "segmentation": [
                [
                    15.42,
                    192.56,
                    42.43,
                    192.82,
                    71.29,
                    174.02,
                    158.67,
                    173.76,
                    191.23,
                    196.79,
                    222.48,
                    197.59,
                    134.57,
                    134.84,
                    61.76,
                    134.04
                ]
            ],
            "area": 5944.0,
            "bbox": [
                15.42,
                134.04,
                207.06,
                63.55
            ],
            "iscrowd": 0,
            "attributes": {
                "occluded": false
            }
        }
    ]
}