{
    "info": {
        "contributor": "",
        "date_created": "",
        "description": "",
        "url": "",
        "version": "",
        "year": ""
    },
    "licenses": [
        {
            "name": "",
            "id": 0,
            "url": ""
        }
    ],
    "categories": [
        {
            "id": 1,
            "name": "Road",
            "supercategory": ""
        }
    ],
    "images": [
        {
            "id": 38,
            "width": 224,
            "height": 224,
            "file_name": "1611676891631464.png",
            "license": 0,
            "flickr_url": "",
            "coco_url": "",
            "date_captured": 0
        }
    ],
    "annotations": [
        {
            "id": 38,
            "image_id": 38,
            "category_id": 1,
            "segmentation": [
                [
                    1.58,
                    137.67,
                    1.07,
                    195.68,
                    46.32,
                    189.86,
                    91.89,
                    173.71,
                    163.38,
                    179.24,
                    191.98,
                    198.83,
                    224.0,
                    205.6,
                    224.0,
                    173.27,
                    223.46,
                    140.87,
                    171.85,
                    125.76,
                    60.36,
                    123.37
                ]
            ],
            "area": 12899.0,
            "bbox": [
                1.07,
                123.37,
                222.93,
                82.23
            ],
            "iscrowd": 0,
            "attributes": {
                "occluded": false
            }
        }
    ]
}