{
    "info": {
        "contributor": "",
        "date_created": "",
        "description": "",
        "url": "",
        "version": "",
        "year": ""
    },
    "licenses": [
        {
            "name": "",
            "id": 0,
            "url": ""
        }
    ],
    "categories": [
        {
            "id": 1,
            "name": "Road",
            "supercategory": ""
        }
    ],
    "images": [
        {
            "id": 16,
            "width": 224,
            "height": 224,
            "file_name": "1611676864531363.png",
            "license": 0,
            "flickr_url": "",
            "coco_url": "",
            "date_captured": 0
        }
    ],
    "annotations": [
        {
            "id": 16,
            "image_id": 16,
            "category_id": 1,
            "segmentation": [
                [
                    9.02,
                    196.98,
                    39.97,
                    196.72,
                    70.68,
                    174.74,
                    159.41,
                    174.74,
                    185.07,
                    198.83,
                    203.6,
                    197.51,
                    139.29,
                    128.69,
                    92.16,
                    128.69
                ]
            ],
            "area": 5699.0,
            "bbox": [
                9.02,
                128.69,
                194.58,
                70.14
            ],
            "iscrowd": 0,
            "attributes": {
                "occluded": false
            }
        }
    ]
}