{
    "info": {
        "contributor": "",
        "date_created": "",
        "description": "",
        "url": "",
        "version": "",
        "year": ""
    },
    "licenses": [
        {
            "name": "",
            "id": 0,
            "url": ""
        }
    ],
    "categories": [
        {
            "id": 1,
            "name": "Road",
            "supercategory": ""
        }
    ],
    "images": [
        {
            "id": 115,
            "width": 224,
            "height": 224,
            "file_name": "1611677163532443.png",
            "license": 0,
            "flickr_url": "",
            "coco_url": "",
            "date_captured": 0
        }
    ],
    "annotations": [
        {
            "id": 115,
            "image_id": 115,
            "category_id": 1,
            "segmentation": [
                [
                    21.7,
                    193.54,
                    41.05,
                    193.54,
                    71.77,
                    176.09,
                    160.18,
                    176.33,
                    188.53,
                    200.18,
                    222.69,
                    203.07,
                    151.47,
                    128.69,
                    103.25,
                    129.22
                ]
            ],
            "area": 6026.0,
            "bbox": [
                21.7,
                128.69,
                200.99,
                74.38
            ],
            "iscrowd": 0,
            "attributes": {
                "occluded": false
            }
        }
    ]
}