{
    "info": {
        "contributor": "",
        "date_created": "",
        "description": "",
        "url": "",
        "version": "",
        "year": ""
    },
    "licenses": [
        {
            "name": "",
            "id": 0,
            "url": ""
        }
    ],
    "categories": [
        {
            "id": 1,
            "name": "Road",
            "supercategory": ""
        }
    ],
    "images": [
        {
            "id": 28,
            "width": 224,
            "height": 224,
            "file_name": "1611676818731192.png",
            "license": 0,
            "flickr_url": "",
            "coco_url": "",
            "date_captured": 0
        }
    ],
    "annotations": [
        {
            "id": 28,
            "image_id": 28,
            "category_id": 1,
            "segmentation": [
                [
                    14.6,
                    198.95,
                    42.42,
                    196.65,
                    73.29,
                    178.56,
                    171.84,
                    178.31,
                    195.7,
                    203.35,
                    223.06,
                    202.89,
                    223.06,
                    172.77,
                    144.22,
                    126.85,
                    92.51,
                    126.85
                ]
            ],
            "area": 7922.0,
            "bbox": [
                14.6,
                126.85,
                208.46,
                76.5
            ],
            "iscrowd": 0,
            "attributes": {
                "occluded": false
            }
        }
    ]
}