{
    "info": {
        "contributor": "",
        "date_created": "",
        "description": "",
        "url": "",
        "version": "",
        "year": ""
    },
    "licenses": [
        {
            "name": "",
            "id": 0,
            "url": ""
        }
    ],
    "categories": [
        {
            "id": 1,
            "name": "Road",
            "supercategory": ""
        }
    ],
    "images": [
        {
            "id": 54,
            "width": 224,
            "height": 224,
            "file_name": "1611677044632020.png",
            "license": 0,
            "flickr_url": "",
            "coco_url": "",
            "date_captured": 0
        }
    ],
    "annotations": [
        {
            "id": 54,
            "image_id": 54,
            "category_id": 1,
            "segmentation": [
                [
                    35.81,
                    192.03,
                    76.06,
                    174.55,
                    167.4,
                    177.2,
                    193.09,
                    199.44,
                    223.27,
                    202.62,
                    222.74,
                    164.23,
                    148.87,
                    127.16,
                    98.0,
                    124.8
                ]
            ],
            "area": 7218.0,
            "bbox": [
                35.81,
                124.8,
                187.46,
                77.82
            ],
            "iscrowd": 0,
            "attributes": {
                "occluded": false
            }
        }
    ]
}