{
    "info": {
        "contributor": "",
        "date_created": "",
        "description": "",
        "url": "",
        "version": "",
        "year": ""
    },
    "licenses": [
        {
            "name": "",
            "id": 0,
            "url": ""
        }
    ],
    "categories": [
        {
            "id": 1,
            "name": "Road",
            "supercategory": ""
        }
    ],
    "images": [
        {
            "id": 51,
            "width": 224,
            "height": 224,
            "file_name": "1611676967831745.png",
            "license": 0,
            "flickr_url": "",
            "coco_url": "",
            "date_captured": 0
        }
    ],
    "annotations": [
        {
            "id": 51,
            "image_id": 51,
            "category_id": 1,
            "segmentation": [
                [
                    10.92,
                    194.94,
                    42.43,
                    195.47,
                    72.35,
                    177.73,
                    165.82,
                    176.94,
                    188.59,
                    199.97,
                    224.0,
                    204.92,
                    224.0,
                    163.47,
                    223.8,
                    149.66,
                    137.7,
                    120.3,
                    90.88,
                    121.33
                ]
            ],
            "area": 9822.0,
            "bbox": [
                10.92,
                120.3,
                213.08,
                84.62
            ],
            "iscrowd": 0,
            "attributes": {
                "occluded": false
            }
        }
    ]
}