{
    "info": {
        "contributor": "",
        "date_created": "",
        "description": "",
        "url": "",
        "version": "",
        "year": ""
    },
    "licenses": [
        {
            "name": "",
            "id": 0,
            "url": ""
        }
    ],
    "categories": [
        {
            "id": 1,
            "name": "Road",
            "supercategory": ""
        }
    ],
    "images": [
        {
            "id": 22,
            "width": 224,
            "height": 224,
            "file_name": "1611677011631902.png",
            "license": 0,
            "flickr_url": "",
            "coco_url": "",
            "date_captured": 0
        }
    ],
    "annotations": [
        {
            "id": 22,
            "image_id": 22,
            "category_id": 1,
            "segmentation": [
                [
                    43.0,
                    195.7,
                    67.85,
                    178.0,
                    161.05,
                    174.82,
                    191.5,
                    199.97,
                    223.54,
                    204.21,
                    223.8,
                    153.11,
                    145.43,
                    124.51,
                    106.24,
                    124.25
                ]
            ],
            "area": 7460.0,
            "bbox": [
                43.0,
                124.25,
                180.8,
                79.96
            ],
            "iscrowd": 0,
            "attributes": {
                "occluded": false
            }
        }
    ]
}