{
    "info": {
        "contributor": "",
        "date_created": "",
        "description": "",
        "url": "",
        "version": "",
        "year": ""
    },
    "licenses": [
        {
            "name": "",
            "id": 0,
            "url": ""
        }
    ],
    "categories": [
        {
            "id": 1,
            "name": "Road",
            "supercategory": ""
        }
    ],
    "images": [
        {
            "id": 23,
            "width": 224,
            "height": 224,
            "file_name": "1611676878331415.png",
            "license": 0,
            "flickr_url": "",
            "coco_url": "",
            "date_captured": 0
        }
    ],
    "annotations": [
        {
            "id": 23,
            "image_id": 23,
            "category_id": 1,
            "segmentation": [
                [
                    1.31,
                    166.27,
                    2.11,
                    199.1,
                    40.5,
                    194.62,
                    69.91,
                    174.24,
                    164.68,
                    173.71,
                    187.45,
                    198.33,
                    224.0,
                    200.93,
                    224.0,
                    146.27,
                    183.21,
                    139.55,
                    155.7,
                    132.67,
                    100.36,
                    127.87,
                    66.98,
                    129.99
                ]
            ],
            "area": 10347.0,
            "bbox": [
                1.31,
                127.87,
                222.69,
                73.06
            ],
            "iscrowd": 0,
            "attributes": {
                "occluded": false
            }
        }
    ]
}