{
    "info": {
        "contributor": "",
        "date_created": "",
        "description": "",
        "url": "",
        "version": "",
        "year": ""
    },
    "licenses": [
        {
            "name": "",
            "id": 0,
            "url": ""
        }
    ],
    "categories": [
        {
            "id": 1,
            "name": "Road",
            "supercategory": ""
        }
    ],
    "images": [
        {
            "id": 91,
            "width": 224,
            "height": 224,
            "file_name": "1611677111332257.png",
            "license": 0,
            "flickr_url": "",
            "coco_url": "",
            "date_captured": 0
        }
    ],
    "annotations": [
        {
            "id": 91,
            "image_id": 91,
            "category_id": 1,
            "segmentation": [
                [
                    39.52,
                    194.94,
                    76.32,
                    174.55,
                    163.7,
                    176.67,
                    193.35,
                    198.12,
                    223.01,
                    202.36,
                    151.78,
                    133.78,
                    97.24,
                    131.66
                ]
            ],
            "area": 5009.0,
            "bbox": [
                39.52,
                131.66,
                183.49,
                70.7
            ],
            "iscrowd": 0,
            "attributes": {
                "occluded": false
            }
        }
    ]
}