{
    "info": {
        "contributor": "",
        "date_created": "",
        "description": "",
        "url": "",
        "version": "",
        "year": ""
    },
    "licenses": [
        {
            "name": "",
            "id": 0,
            "url": ""
        }
    ],
    "categories": [
        {
            "id": 1,
            "name": "Road",
            "supercategory": ""
        }
    ],
    "images": [
        {
            "id": 47,
            "width": 224,
            "height": 224,
            "file_name": "1611677037431994.png",
            "license": 0,
            "flickr_url": "",
            "coco_url": "",
            "date_captured": 0
        }
    ],
    "annotations": [
        {
            "id": 47,
            "image_id": 47,
            "category_id": 1,
            "segmentation": [
                [
                    22.31,
                    192.82,
                    43.49,
                    192.56,
                    76.85,
                    172.7,
                    167.67,
                    177.2,
                    189.38,
                    199.18,
                    216.92,
                    199.71,
                    124.78,
                    126.1,
                    99.62,
                    123.72,
                    45.34,
                    124.78
                ]
            ],
            "area": 7090.0,
            "bbox": [
                22.31,
                123.72,
                194.61,
                75.99
            ],
            "iscrowd": 0,
            "attributes": {
                "occluded": false
            }
        }
    ]
}