{
    "info": {
        "contributor": "",
        "date_created": "",
        "description": "",
        "url": "",
        "version": "",
        "year": ""
    },
    "licenses": [
        {
            "name": "",
            "id": 0,
            "url": ""
        }
    ],
    "categories": [
        {
            "id": 1,
            "name": "Road",
            "supercategory": ""
        }
    ],
    "images": [
        {
            "id": 57,
            "width": 224,
            "height": 224,
            "file_name": "1611677051332044.png",
            "license": 0,
            "flickr_url": "",
            "coco_url": "",
            "date_captured": 0
        }
    ],
    "annotations": [
        {
            "id": 57,
            "image_id": 57,
            "category_id": 1,
            "segmentation": [
                [
                    41.6,
                    196.3,
                    68.91,
                    177.47,
                    167.93,
                    175.08,
                    188.32,
                    197.85,
                    223.27,
                    201.56,
                    141.7,
                    126.4,
                    101.48,
                    126.36
                ]
            ],
            "area": 5231.0,
            "bbox": [
                41.6,
                126.36,
                181.67,
                75.2
            ],
            "iscrowd": 0,
            "attributes": {
                "occluded": false
            }
        }
    ]
}