{
    "info": {
        "contributor": "",
        "date_created": "",
        "description": "",
        "url": "",
        "version": "",
        "year": ""
    },
    "licenses": [
        {
            "name": "",
            "id": 0,
            "url": ""
        }
    ],
    "categories": [
        {
            "id": 1,
            "name": "Road",
            "supercategory": ""
        }
    ],
    "images": [
        {
            "id": 68,
            "width": 224,
            "height": 224,
            "file_name": "1611677065032093.png",
            "license": 0,
            "flickr_url": "",
            "coco_url": "",
            "date_captured": 0
        }
    ],
    "annotations": [
        {
            "id": 68,
            "image_id": 68,
            "category_id": 1,
            "segmentation": [
                [
                    37.85,
                    186.92,
                    52.94,
                    187.18,
                    74.42,
                    174.74,
                    154.88,
                    175.56,
                    184.03,
                    197.24,
                    215.25,
                    200.18,
                    143.5,
                    130.3,
                    101.13,
                    128.14
                ]
            ],
            "area": 5136.0,
            "bbox": [
                37.85,
                128.14,
                177.4,
                72.04
            ],
            "iscrowd": 0,
            "attributes": {
                "occluded": false
            }
        }
    ]
}