{
    "info": {
        "contributor": "",
        "date_created": "",
        "description": "",
        "url": "",
        "version": "",
        "year": ""
    },
    "licenses": [
        {
            "name": "",
            "id": 0,
            "url": ""
        }
    ],
    "categories": [
        {
            "id": 1,
            "name": "Road",
            "supercategory": ""
        }
    ],
    "images": [
        {
            "id": 61,
            "width": 224,
            "height": 224,
            "file_name": "1611677058532070.png",
            "license": 0,
            "flickr_url": "",
            "coco_url": "",
            "date_captured": 0
        }
    ],
    "annotations": [
        {
            "id": 61,
            "image_id": 61,
            "category_id": 1,
            "segmentation": [
                [
                    37.61,
                    194.36,
                    68.33,
                    175.27,
                    162.82,
                    174.74,
                    192.74,
                    196.98,
                    220.31,
                    199.92,
                    138.2,
                    131.9,
                    83.13,
                    131.34
                ]
            ],
            "area": 4950.0,
            "bbox": [
                37.61,
                131.34,
                182.7,
                68.58
            ],
            "iscrowd": 0,
            "attributes": {
                "occluded": false
            }
        }
    ]
}