{
    "info": {
        "contributor": "",
        "date_created": "",
        "description": "",
        "url": "",
        "version": "",
        "year": ""
    },
    "licenses": [
        {
            "name": "",
            "id": 0,
            "url": ""
        }
    ],
    "categories": [
        {
            "id": 1,
            "name": "Road",
            "supercategory": ""
        }
    ],
    "images": [
        {
            "id": 98,
            "width": 224,
            "height": 224,
            "file_name": "1611677136532347.png",
            "license": 0,
            "flickr_url": "",
            "coco_url": "",
            "date_captured": 0
        }
    ],
    "annotations": [
        {
            "id": 98,
            "image_id": 98,
            "category_id": 1,
            "segmentation": [
                [
                    38.9,
                    195.4,
                    71.0,
                    176.4,
                    163.64,
                    174.47,
                    189.04,
                    196.98,
                    222.42,
                    201.48,
                    168.7,
                    136.9,
                    109.1,
                    135.82
                ]
            ],
            "area": 4743.0,
            "bbox": [
                38.9,
                135.82,
                183.52,
                65.66
            ],
            "iscrowd": 0,
            "attributes": {
                "occluded": false
            }
        }
    ]
}