{
    "info": {
        "contributor": "",
        "date_created": "",
        "description": "",
        "url": "",
        "version": "",
        "year": ""
    },
    "licenses": [
        {
            "name": "",
            "id": 0,
            "url": ""
        }
    ],
    "categories": [
        {
            "id": 1,
            "name": "Road",
            "supercategory": ""
        }
    ],
    "images": [
        {
            "id": 95,
            "width": 224,
            "height": 224,
            "file_name": "1611677129932323.png",
            "license": 0,
            "flickr_url": "",
            "coco_url": "",
            "date_captured": 0
        }
    ],
    "annotations": [
        {
            "id": 95,
            "image_id": 95,
            "category_id": 1,
            "segmentation": [
                [
                    51.91,
                    187.18,
                    81.54,
                    173.44,
                    166.03,
                    175.27,
                    197.24,
                    197.8,
                    224.0,
                    202.26,
                    224.0,
                    202.05,
                    148.79,
                    133.46,
                    97.98,
                    131.85
                ]
            ],
            "area": 4552.0,
            "bbox": [
                51.91,
                131.85,
                172.09,
                70.41
            ],
            "iscrowd": 0,
            "attributes": {
                "occluded": false
            }
        }
    ]
}