{
    "info": {
        "contributor": "",
        "date_created": "",
        "description": "",
        "url": "",
        "version": "",
        "year": ""
    },
    "licenses": [
        {
            "name": "",
            "id": 0,
            "url": ""
        }
    ],
    "categories": [
        {
            "id": 1,
            "name": "Road",
            "supercategory": ""
        }
    ],
    "images": [
        {
            "id": 40,
            "width": 224,
            "height": 224,
            "file_name": "1611677027231958.png",
            "license": 0,
            "flickr_url": "",
            "coco_url": "",
            "date_captured": 0
        }
    ],
    "annotations": [
        {
            "id": 40,
            "image_id": 40,
            "category_id": 1,
            "segmentation": [
                [
                    29.67,
                    194.36,
                    73.62,
                    174.24,
                    160.18,
                    173.97,
                    190.12,
                    197.51,
                    224.0,
                    198.6,
                    154.35,
                    127.87,
                    108.31,
                    126.02
                ]
            ],
            "area": 5635.0,
            "bbox": [
                29.67,
                126.02,
                194.33,
                72.58
            ],
            "iscrowd": 0,
            "attributes": {
                "occluded": false
            }
        }
    ]
}