{
    "info": {
        "contributor": "",
        "date_created": "",
        "description": "",
        "url": "",
        "version": "",
        "year": ""
    },
    "licenses": [
        {
            "name": "",
            "id": 0,
            "url": ""
        }
    ],
    "categories": [
        {
            "id": 1,
            "name": "Road",
            "supercategory": ""
        }
    ],
    "images": [
        {
            "id": 36,
            "width": 224,
            "height": 224,
            "file_name": "1611676889231455.png",
            "license": 0,
            "flickr_url": "",
            "coco_url": "",
            "date_captured": 0
        }
    ],
    "annotations": [
        {
            "id": 36,
            "image_id": 36,
            "category_id": 1,
            "segmentation": [
                [
                    2.11,
                    135.31,
                    2.93,
                    196.98,
                    43.97,
                    193.83,
                    73.62,
                    175.0,
                    166.27,
                    176.33,
                    189.3,
                    199.63,
                    224.0,
                    203.48,
                    224.0,
                    145.63,
                    132.11,
                    117.81,
                    77.86,
                    116.51,
                    46.06,
                    134.78
                ]
            ],
            "area": 12831.0,
            "bbox": [
                2.11,
                116.51,
                221.89,
                86.97
            ],
            "iscrowd": 0,
            "attributes": {
                "occluded": false
            }
        }
    ]
}