{
    "info": {
        "contributor": "",
        "date_created": "",
        "description": "",
        "url": "",
        "version": "",
        "year": ""
    },
    "licenses": [
        {
            "name": "",
            "id": 0,
            "url": ""
        }
    ],
    "categories": [
        {
            "id": 1,
            "name": "Road",
            "supercategory": ""
        }
    ],
    "images": [
        {
            "id": 194,
            "width": 224,
            "height": 224,
            "file_name": "1611677431033368.png",
            "license": 0,
            "flickr_url": "",
            "coco_url": "",
            "date_captured": 0
        }
    ],
    "annotations": [
        {
            "id": 194,
            "image_id": 194,
            "category_id": 1,
            "segmentation": [
                [
                    29.19,
                    197.32,
                    69.17,
                    175.88,
                    168.2,
                    178.53,
                    206.33,
                    200.77,
                    176.41,
                    136.96,
                    103.86,
                    133.25,
                    23.6,
                    132.2
                ]
            ],
            "area": 7655.0,
            "bbox": [
                23.6,
                132.2,
                182.73,
                68.57
            ],
            "iscrowd": 0,
            "attributes": {
                "occluded": false
            }
        }
    ]
}