{
    "info": {
        "contributor": "",
        "date_created": "",
        "description": "",
        "url": "",
        "version": "",
        "year": ""
    },
    "licenses": [
        {
            "name": "",
            "id": 0,
            "url": ""
        }
    ],
    "categories": [
        {
            "id": 1,
            "name": "Road",
            "supercategory": ""
        }
    ],
    "images": [
        {
            "id": 39,
            "width": 224,
            "height": 224,
            "file_name": "1611676893931473.png",
            "license": 0,
            "flickr_url": "",
            "coco_url": "",
            "date_captured": 0
        }
    ],
    "annotations": [
        {
            "id": 39,
            "image_id": 39,
            "category_id": 1,
            "segmentation": [
                [
                    1.58,
                    160.71,
                    2.66,
                    198.6,
                    42.35,
                    194.62,
                    76.0,
                    173.71,
                    156.2,
                    176.33,
                    190.63,
                    200.95,
                    222.69,
                    204.69,
                    223.46,
                    137.67,
                    51.91,
                    125.76,
                    22.23,
                    153.58
                ]
            ],
            "area": 11374.0,
            "bbox": [
                1.58,
                125.76,
                221.88,
                78.93
            ],
            "iscrowd": 0,
            "attributes": {
                "occluded": false
            }
        }
    ]
}