{
    "info": {
        "contributor": "",
        "date_created": "",
        "description": "",
        "url": "",
        "version": "",
        "year": ""
    },
    "licenses": [
        {
            "name": "",
            "id": 0,
            "url": ""
        }
    ],
    "categories": [
        {
            "id": 1,
            "name": "Road",
            "supercategory": ""
        }
    ],
    "images": [
        {
            "id": 12,
            "width": 224,
            "height": 224,
            "file_name": "1611676920931572.png",
            "license": 0,
            "flickr_url": "",
            "coco_url": "",
            "date_captured": 0
        }
    ],
    "annotations": [
        {
            "id": 12,
            "image_id": 12,
            "category_id": 1,
            "segmentation": [
                [
                    16.96,
                    196.48,
                    39.97,
                    196.72,
                    69.91,
                    176.09,
                    172.89,
                    175.27,
                    190.39,
                    199.92,
                    223.46,
                    203.6,
                    224.0,
                    187.66,
                    224.0,
                    163.69,
                    74.2,
                    119.4,
                    22.8,
                    125.0,
                    35.76,
                    150.94
                ]
            ],
            "area": 9299.0,
            "bbox": [
                16.96,
                119.4,
                207.04,
                84.2
            ],
            "iscrowd": 0,
            "attributes": {
                "occluded": false
            }
        }
    ]
}