{
    "info": {
        "contributor": "",
        "date_created": "",
        "description": "",
        "url": "",
        "version": "",
        "year": ""
    },
    "licenses": [
        {
            "name": "",
            "id": 0,
            "url": ""
        }
    ],
    "categories": [
        {
            "id": 1,
            "name": "Road",
            "supercategory": ""
        }
    ],
    "images": [
        {
            "id": 47,
            "width": 224,
            "height": 224,
            "file_name": "1611676957031705.png",
            "license": 0,
            "flickr_url": "",
            "coco_url": "",
            "date_captured": 0
        }
    ],
    "annotations": [
        {
            "id": 47,
            "image_id": 47,
            "category_id": 1,
            "segmentation": [
                [
                    4.78,
                    193.54,
                    42.35,
                    192.51,
                    69.09,
                    177.68,
                    166.53,
                    177.12,
                    193.54,
                    200.71,
                    222.69,
                    203.33,
                    224.0,
                    170.78,
                    224.0,
                    157.06,
                    134.23,
                    119.4,
                    100.89,
                    120.49
                ]
            ],
            "area": 9230.0,
            "bbox": [
                4.78,
                119.4,
                219.22,
                83.93
            ],
            "iscrowd": 0,
            "attributes": {
                "occluded": false
            }
        }
    ]
}