{
    "info": {
        "contributor": "",
        "date_created": "",
        "description": "",
        "url": "",
        "version": "",
        "year": ""
    },
    "licenses": [
        {
            "name": "",
            "id": 0,
            "url": ""
        }
    ],
    "categories": [
        {
            "id": 1,
            "name": "Road",
            "supercategory": ""
        }
    ],
    "images": [
        {
            "id": 37,
            "width": 224,
            "height": 224,
            "file_name": "1611676942731653.png",
            "license": 0,
            "flickr_url": "",
            "coco_url": "",
            "date_captured": 0
        }
    ],
    "annotations": [
        {
            "id": 37,
            "image_id": 37,
            "category_id": 1,
            "segmentation": [
                [
                    34.41,
                    188.77,
                    56.91,
                    188.0,
                    79.71,
                    175.0,
                    166.27,
                    176.33,
                    191.16,
                    200.45,
                    223.46,
                    203.07,
                    224.0,
                    175.25,
                    224.0,
                    160.85,
                    133.7,
                    120.75,
                    104.86,
                    121.02
                ]
            ],
            "area": 7786.0,
            "bbox": [
                34.41,
                120.75,
                189.59,
                82.32
            ],
            "iscrowd": 0,
            "attributes": {
                "occluded": false
            }
        }
    ]
}