{
    "info": {
        "contributor": "",
        "date_created": "",
        "description": "",
        "url": "",
        "version": "",
        "year": ""
    },
    "licenses": [
        {
            "name": "",
            "id": 0,
            "url": ""
        }
    ],
    "categories": [
        {
            "id": 1,
            "name": "Road",
            "supercategory": ""
        }
    ],
    "images": [
        {
            "id": 160,
            "width": 224,
            "height": 224,
            "file_name": "1611677304532932.png",
            "license": 0,
            "flickr_url": "",
            "coco_url": "",
            "date_captured": 0
        }
    ],
    "annotations": [
        {
            "id": 160,
            "image_id": 160,
            "category_id": 1,
            "segmentation": [
                [
                    26.46,
                    188.77,
                    45.56,
                    191.16,
                    87.92,
                    172.36,
                    168.15,
                    175.27,
                    194.36,
                    198.33,
                    222.42,
                    198.83,
                    156.73,
                    128.14,
                    108.02,
                    127.87
                ]
            ],
            "area": 5874.0,
            "bbox": [
                26.46,
                127.87,
                195.96,
                70.96
            ],
            "iscrowd": 0,
            "attributes": {
                "occluded": false
            }
        }
    ]
}