{
    "info": {
        "contributor": "",
        "date_created": "",
        "description": "",
        "url": "",
        "version": "",
        "year": ""
    },
    "licenses": [
        {
            "name": "",
            "id": 0,
            "url": ""
        }
    ],
    "categories": [
        {
            "id": 1,
            "name": "Road",
            "supercategory": ""
        }
    ],
    "images": [
        {
            "id": 41,
            "width": 224,
            "height": 224,
            "file_name": "1611676895931479.png",
            "license": 0,
            "flickr_url": "",
            "coco_url": "",
            "date_captured": 0
        }
    ],
    "annotations": [
        {
            "id": 41,
            "image_id": 41,
            "category_id": 1,
            "segmentation": [
                [
                    0.0,
                    163.44,
                    1.31,
                    197.24,
                    43.17,
                    193.27,
                    73.62,
                    175.27,
                    162.82,
                    176.33,
                    194.36,
                    199.1,
                    224.0,
                    201.42,
                    224.0,
                    174.25,
                    223.46,
                    155.97,
                    99.01,
                    126.58,
                    65.94,
                    120.49,
                    1.58,
                    128.96,
                    0.0,
                    162.84
                ]
            ],
            "area": 11539.0,
            "bbox": [
                0.0,
                120.49,
                224.0,
                80.93
            ],
            "iscrowd": 0,
            "attributes": {
                "occluded": false
            }
        }
    ]
}