{
    "info": {
        "contributor": "",
        "date_created": "",
        "description": "",
        "url": "",
        "version": "",
        "year": ""
    },
    "licenses": [
        {
            "name": "",
            "id": 0,
            "url": ""
        }
    ],
    "categories": [
        {
            "id": 1,
            "name": "Road",
            "supercategory": ""
        }
    ],
    "images": [
        {
            "id": 146,
            "width": 224,
            "height": 224,
            "file_name": "1611677219332639.png",
            "license": 0,
            "flickr_url": "",
            "coco_url": "",
            "date_captured": 0
        }
    ],
    "annotations": [
        {
            "id": 146,
            "image_id": 146,
            "category_id": 1,
            "segmentation": [
                [
                    34.22,
                    193.62,
                    75.79,
                    175.35,
                    162.9,
                    178.0,
                    194.68,
                    198.12,
                    223.54,
                    197.85,
                    153.37,
                    130.07,
                    103.59,
                    127.95
                ]
            ],
            "area": 5689.0,
            "bbox": [
                34.22,
                127.95,
                189.32,
                70.17
            ],
            "iscrowd": 0,
            "attributes": {
                "occluded": false
            }
        }
    ]
}