{
    "info": {
        "contributor": "",
        "date_created": "",
        "description": "",
        "url": "",
        "version": "",
        "year": ""
    },
    "licenses": [
        {
            "name": "",
            "id": 0,
            "url": ""
        }
    ],
    "categories": [
        {
            "id": 1,
            "name": "Road",
            "supercategory": ""
        }
    ],
    "images": [
        {
            "id": 169,
            "width": 224,
            "height": 224,
            "file_name": "1611677329133016.png",
            "license": 0,
            "flickr_url": "",
            "coco_url": "",
            "date_captured": 0
        }
    ],
    "annotations": [
        {
            "id": 169,
            "image_id": 169,
            "category_id": 1,
            "segmentation": [
                [
                    12.17,
                    192.5,
                    36.79,
                    191.98,
                    72.03,
                    171.59,
                    165.23,
                    172.36,
                    191.71,
                    198.6,
                    214.75,
                    198.07,
                    134.0,
                    133.7,
                    69.36,
                    133.2
                ]
            ],
            "area": 5307.0,
            "bbox": [
                12.17,
                133.2,
                202.58,
                65.4
            ],
            "iscrowd": 0,
            "attributes": {
                "occluded": false
            }
        }
    ]
}