{
    "info": {
        "contributor": "",
        "date_created": "",
        "description": "",
        "url": "",
        "version": "",
        "year": ""
    },
    "licenses": [
        {
            "name": "",
            "id": 0,
            "url": ""
        }
    ],
    "categories": [
        {
            "id": 1,
            "name": "Road",
            "supercategory": ""
        }
    ],
    "images": [
        {
            "id": 200,
            "width": 224,
            "height": 224,
            "file_name": "1611677448433428.png",
            "license": 0,
            "flickr_url": "",
            "coco_url": "",
            "date_captured": 0
        }
    ],
    "annotations": [
        {
            "id": 200,
            "image_id": 200,
            "category_id": 1,
            "segmentation": [
                [
                    38.38,
                    193.27,
                    78.39,
                    174.24,
                    161.53,
                    176.59,
                    191.16,
                    197.24,
                    221.34,
                    197.8,
                    152.0,
                    130.8,
                    100.6,
                    129.5
                ]
            ],
            "area": 5306.0,
            "bbox": [
                38.38,
                129.5,
                182.96,
                68.3
            ],
            "iscrowd": 0,
            "attributes": {
                "occluded": false
            }
        }
    ]
}