{
    "info": {
        "contributor": "",
        "date_created": "",
        "description": "",
        "url": "",
        "version": "",
        "year": ""
    },
    "licenses": [
        {
            "name": "",
            "id": 0,
            "url": ""
        }
    ],
    "categories": [
        {
            "id": 1,
            "name": "Road",
            "supercategory": ""
        }
    ],
    "images": [
        {
            "id": 103,
            "width": 224,
            "height": 224,
            "file_name": "1611677141332364.png",
            "license": 0,
            "flickr_url": "",
            "coco_url": "",
            "date_captured": 0
        }
    ],
    "annotations": [
        {
            "id": 103,
            "image_id": 103,
            "category_id": 1,
            "segmentation": [
                [
                    31.84,
                    196.79,
                    74.2,
                    175.61,
                    165.02,
                    176.67,
                    190.7,
                    198.91,
                    223.27,
                    201.56,
                    223.8,
                    172.17,
                    153.9,
                    131.4,
                    105.18,
                    130.34
                ]
            ],
            "area": 6338.0,
            "bbox": [
                31.84,
                130.34,
                191.96,
                71.22
            ],
            "iscrowd": 0,
            "attributes": {
                "occluded": false
            }
        }
    ]
}