{
    "info": {
        "contributor": "",
        "date_created": "",
        "description": "",
        "url": "",
        "version": "",
        "year": ""
    },
    "licenses": [
        {
            "name": "",
            "id": 0,
            "url": ""
        }
    ],
    "categories": [
        {
            "id": 1,
            "name": "Road",
            "supercategory": ""
        }
    ],
    "images": [
        {
            "id": 65,
            "width": 224,
            "height": 224,
            "file_name": "1611677062132082.png",
            "license": 0,
            "flickr_url": "",
            "coco_url": "",
            "date_captured": 0
        }
    ],
    "annotations": [
        {
            "id": 65,
            "image_id": 65,
            "category_id": 1,
            "segmentation": [
                [
                    27.02,
                    192.5,
                    45.03,
                    192.51,
                    76.53,
                    175.0,
                    160.18,
                    174.74,
                    188.53,
                    198.6,
                    223.46,
                    203.89,
                    221.6,
                    174.74,
                    135.6,
                    126.8,
                    92.4,
                    127.3
                ]
            ],
            "area": 6970.0,
            "bbox": [
                27.02,
                126.8,
                196.44,
                77.09
            ],
            "iscrowd": 0,
            "attributes": {
                "occluded": false
            }
        }
    ]
}