{
    "info": {
        "contributor": "",
        "date_created": "",
        "description": "",
        "url": "",
        "version": "",
        "year": ""
    },
    "licenses": [
        {
            "name": "",
            "id": 0,
            "url": ""
        }
    ],
    "categories": [
        {
            "id": 1,
            "name": "Road",
            "supercategory": ""
        }
    ],
    "images": [
        {
            "id": 44,
            "width": 224,
            "height": 224,
            "file_name": "1611676899431493.png",
            "license": 0,
            "flickr_url": "",
            "coco_url": "",
            "date_captured": 0
        }
    ],
    "annotations": [
        {
            "id": 44,
            "image_id": 44,
            "category_id": 1,
            "segmentation": [
                [
                    2.66,
                    166.53,
                    2.11,
                    194.62,
                    46.59,
                    191.71,
                    85.8,
                    175.82,
                    158.85,
                    177.41,
                    185.89,
                    197.51,
                    206.54,
                    200.18,
                    179.53,
                    134.78,
                    126.29,
                    129.73
                ]
            ],
            "area": 7902.0,
            "bbox": [
                2.11,
                129.73,
                204.43,
                70.45
            ],
            "iscrowd": 0,
            "attributes": {
                "occluded": false
            }
        }
    ]
}