{
    "info": {
        "contributor": "",
        "date_created": "",
        "description": "",
        "url": "",
        "version": "",
        "year": ""
    },
    "licenses": [
        {
            "name": "",
            "id": 0,
            "url": ""
        }
    ],
    "categories": [
        {
            "id": 1,
            "name": "Road",
            "supercategory": ""
        }
    ],
    "images": [
        {
            "id": 34,
            "width": 224,
            "height": 224,
            "file_name": "1611676823631210.png",
            "license": 0,
            "flickr_url": "",
            "coco_url": "",
            "date_captured": 0
        }
    ],
    "annotations": [
        {
            "id": 34,
            "image_id": 34,
            "category_id": 1,
            "segmentation": [
                [
                    13.44,
                    198.71,
                    37.79,
                    198.5,
                    67.95,
                    180.65,
                    167.66,
                    182.04,
                    185.75,
                    200.59,
                    219.58,
                    202.21,
                    198.71,
                    170.68,
                    164.42,
                    134.25,
                    193.87,
                    124.77,
                    176.22,
                    120.59,
                    127.52,
                    126.13,
                    71.41,
                    143.78
                ]
            ],
            "area": 7952.0,
            "bbox": [
                13.44,
                120.59,
                206.14,
                81.62
            ],
            "iscrowd": 0,
            "attributes": {
                "occluded": false
            }
        }
    ]
}