{
    "info": {
        "contributor": "",
        "date_created": "",
        "description": "",
        "url": "",
        "version": "",
        "year": ""
    },
    "licenses": [
        {
            "name": "",
            "id": 0,
            "url": ""
        }
    ],
    "categories": [
        {
            "id": 1,
            "name": "Road",
            "supercategory": ""
        }
    ],
    "images": [
        {
            "id": 25,
            "width": 224,
            "height": 224,
            "file_name": "1611677012931906.png",
            "license": 0,
            "flickr_url": "",
            "coco_url": "",
            "date_captured": 0
        }
    ],
    "annotations": [
        {
            "id": 25,
            "image_id": 25,
            "category_id": 1,
            "segmentation": [
                [
                    40.3,
                    195.7,
                    75.26,
                    174.82,
                    161.58,
                    176.94,
                    186.2,
                    196.27,
                    224.0,
                    204.4,
                    224.0,
                    156.67,
                    153.4,
                    127.2,
                    104.9,
                    127.7
                ]
            ],
            "area": 7172.0,
            "bbox": [
                40.3,
                127.2,
                183.7,
                77.2
            ],
            "iscrowd": 0,
            "attributes": {
                "occluded": false
            }
        }
    ]
}