{
    "info": {
        "contributor": "",
        "date_created": "",
        "description": "",
        "url": "",
        "version": "",
        "year": ""
    },
    "licenses": [
        {
            "name": "",
            "id": 0,
            "url": ""
        }
    ],
    "categories": [
        {
            "id": 1,
            "name": "Road",
            "supercategory": ""
        }
    ],
    "images": [
        {
            "id": 46,
            "width": 224,
            "height": 224,
            "file_name": "1611676956431703.png",
            "license": 0,
            "flickr_url": "",
            "coco_url": "",
            "date_captured": 0
        }
    ],
    "annotations": [
        {
            "id": 46,
            "image_id": 46,
            "category_id": 1,
            "segmentation": [
                [
                    27.29,
                    189.3,
                    45.56,
                    192.74,
                    74.15,
                    175.56,
                    162.82,
                    177.12,
                    189.3,
                    198.07,
                    223.72,
                    202.3,
                    223.46,
                    156.73,
                    135.31,
                    120.49,
                    104.6,
                    119.93
                ]
            ],
            "area": 8370.0,
            "bbox": [
                27.29,
                119.93,
                196.43,
                82.37
            ],
            "iscrowd": 0,
            "attributes": {
                "occluded": false
            }
        }
    ]
}