{
    "info": {
        "contributor": "",
        "date_created": "",
        "description": "",
        "url": "",
        "version": "",
        "year": ""
    },
    "licenses": [
        {
            "name": "",
            "id": 0,
            "url": ""
        }
    ],
    "categories": [
        {
            "id": 1,
            "name": "Road",
            "supercategory": ""
        }
    ],
    "images": [
        {
            "id": 190,
            "width": 224,
            "height": 224,
            "file_name": "1611677410733297.png",
            "license": 0,
            "flickr_url": "",
            "coco_url": "",
            "date_captured": 0
        }
    ],
    "annotations": [
        {
            "id": 190,
            "image_id": 190,
            "category_id": 1,
            "segmentation": [
                [
                    15.95,
                    190.97,
                    41.37,
                    193.35,
                    77.91,
                    173.76,
                    162.64,
                    173.23,
                    189.38,
                    196.53,
                    219.3,
                    198.65,
                    151.25,
                    132.72,
                    88.5,
                    130.6
                ]
            ],
            "area": 5946.0,
            "bbox": [
                15.95,
                130.6,
                203.35,
                68.05
            ],
            "iscrowd": 0,
            "attributes": {
                "occluded": false
            }
        }
    ]
}