{
    "info": {
        "contributor": "",
        "date_created": "",
        "description": "",
        "url": "",
        "version": "",
        "year": ""
    },
    "licenses": [
        {
            "name": "",
            "id": 0,
            "url": ""
        }
    ],
    "categories": [
        {
            "id": 1,
            "name": "Road",
            "supercategory": ""
        }
    ],
    "images": [
        {
            "id": 41,
            "width": 224,
            "height": 224,
            "file_name": "1611676835031253.png",
            "license": 0,
            "flickr_url": "",
            "coco_url": "",
            "date_captured": 0
        }
    ],
    "annotations": [
        {
            "id": 41,
            "image_id": 41,
            "category_id": 1,
            "segmentation": [
                [
                    17.4,
                    196.65,
                    44.3,
                    195.7,
                    73.5,
                    177.61,
                    164.42,
                    175.99,
                    191.78,
                    200.34,
                    223.99,
                    204.05,
                    222.85,
                    144.68,
                    199.41,
                    134.71,
                    121.06,
                    119.41,
                    33.15,
                    121.29,
                    16.9,
                    133.9,
                    42.4,
                    156.7
                ]
            ],
            "area": 11664.0,
            "bbox": [
                16.9,
                119.41,
                207.09,
                84.64
            ],
            "iscrowd": 0,
            "attributes": {
                "occluded": false
            }
        }
    ]
}