{
    "info": {
        "contributor": "",
        "date_created": "",
        "description": "",
        "url": "",
        "version": "",
        "year": ""
    },
    "licenses": [
        {
            "name": "",
            "id": 0,
            "url": ""
        }
    ],
    "categories": [
        {
            "id": 1,
            "name": "Road",
            "supercategory": ""
        }
    ],
    "images": [
        {
            "id": 39,
            "width": 224,
            "height": 224,
            "file_name": "1611676944531660.png",
            "license": 0,
            "flickr_url": "",
            "coco_url": "",
            "date_captured": 0
        }
    ],
    "annotations": [
        {
            "id": 39,
            "image_id": 39,
            "category_id": 1,
            "segmentation": [
                [
                    33.88,
                    188.27,
                    53.23,
                    188.27,
                    77.86,
                    175.82,
                    160.71,
                    175.27,
                    193.01,
                    200.95,
                    222.69,
                    202.04,
                    224.0,
                    168.41,
                    224.0,
                    161.14,
                    133.46,
                    121.52,
                    105.37,
                    121.52
                ]
            ],
            "area": 7655.0,
            "bbox": [
                33.88,
                121.52,
                190.12,
                80.52
            ],
            "iscrowd": 0,
            "attributes": {
                "occluded": false
            }
        }
    ]
}