{
    "info": {
        "contributor": "",
        "date_created": "",
        "description": "",
        "url": "",
        "version": "",
        "year": ""
    },
    "licenses": [
        {
            "name": "",
            "id": 0,
            "url": ""
        }
    ],
    "categories": [
        {
            "id": 1,
            "name": "Road",
            "supercategory": ""
        }
    ],
    "images": [
        {
            "id": 27,
            "width": 224,
            "height": 224,
            "file_name": "1611676818531191.png",
            "license": 0,
            "flickr_url": "",
            "coco_url": "",
            "date_captured": 0
        }
    ],
    "annotations": [
        {
            "id": 27,
            "image_id": 27,
            "category_id": 1,
            "segmentation": [
                [
                    16.94,
                    195.03,
                    46.13,
                    195.23,
                    79.78,
                    177.61,
                    162.56,
                    176.68,
                    191.99,
                    199.66,
                    224.0,
                    199.86,
                    224.0,
                    190.11,
                    221.44,
                    174.6,
                    143.32,
                    127.99,
                    92.05,
                    127.52
                ]
            ],
            "area": 7605.0,
            "bbox": [
                16.94,
                127.52,
                207.06,
                72.34
            ],
            "iscrowd": 0,
            "attributes": {
                "occluded": false
            }
        }
    ]
}