{
    "info": {
        "contributor": "",
        "date_created": "",
        "description": "",
        "url": "",
        "version": "",
        "year": ""
    },
    "licenses": [
        {
            "name": "",
            "id": 0,
            "url": ""
        }
    ],
    "categories": [
        {
            "id": 1,
            "name": "Road",
            "supercategory": ""
        }
    ],
    "images": [
        {
            "id": 197,
            "width": 224,
            "height": 224,
            "file_name": "1611677434633380.png",
            "license": 0,
            "flickr_url": "",
            "coco_url": "",
            "date_captured": 0
        }
    ],
    "annotations": [
        {
            "id": 197,
            "image_id": 197,
            "category_id": 1,
            "segmentation": [
                [
                    18.26,
                    191.98,
                    42.35,
                    192.74,
                    82.09,
                    172.36,
                    165.76,
                    177.12,
                    188.53,
                    196.98,
                    221.6,
                    197.8,
                    138.76,
                    133.2,
                    71.5,
                    132.93
                ]
            ],
            "area": 6005.0,
            "bbox": [
                18.26,
                132.93,
                203.34,
                64.87
            ],
            "iscrowd": 0,
            "attributes": {
                "occluded": false
            }
        }
    ]
}