{
    "info": {
        "contributor": "",
        "date_created": "",
        "description": "",
        "url": "",
        "version": "",
        "year": ""
    },
    "licenses": [
        {
            "name": "",
            "id": 0,
            "url": ""
        }
    ],
    "categories": [
        {
            "id": 1,
            "name": "Road",
            "supercategory": ""
        }
    ],
    "images": [
        {
            "id": 47,
            "width": 224,
            "height": 224,
            "file_name": "1611676842531281.png",
            "license": 0,
            "flickr_url": "",
            "coco_url": "",
            "date_captured": 0
        }
    ],
    "annotations": [
        {
            "id": 47,
            "image_id": 47,
            "category_id": 1,
            "segmentation": [
                [
                    15.78,
                    189.92,
                    52.65,
                    190.85,
                    79.06,
                    175.99,
                    180.86,
                    180.65,
                    192.22,
                    199.66,
                    221.23,
                    202.89,
                    224.0,
                    169.59,
                    224.0,
                    166.83,
                    161.61,
                    134.04,
                    173.23,
                    123.58,
                    149.32,
                    119.41,
                    107.35,
                    127.52,
                    54.5,
                    142.85
                ]
            ],
            "area": 8962.0,
            "bbox": [
                15.78,
                119.41,
                208.22,
                83.48
            ],
            "iscrowd": 0,
            "attributes": {
                "occluded": false
            }
        }
    ]
}