{
    "info": {
        "contributor": "",
        "date_created": "",
        "description": "",
        "url": "",
        "version": "",
        "year": ""
    },
    "licenses": [
        {
            "name": "",
            "id": 0,
            "url": ""
        }
    ],
    "categories": [
        {
            "id": 1,
            "name": "Road",
            "supercategory": ""
        }
    ],
    "images": [
        {
            "id": 90,
            "width": 224,
            "height": 224,
            "file_name": "1611677108932248.png",
            "license": 0,
            "flickr_url": "",
            "coco_url": "",
            "date_captured": 0
        }
    ],
    "annotations": [
        {
            "id": 90,
            "image_id": 90,
            "category_id": 1,
            "segmentation": [
                [
                    40.23,
                    190.12,
                    77.59,
                    174.47,
                    155.97,
                    175.27,
                    189.59,
                    197.24,
                    222.16,
                    200.95,
                    152.2,
                    134.3,
                    95.84,
                    132.93
                ]
            ],
            "area": 5023.0,
            "bbox": [
                40.23,
                132.93,
                181.93,
                68.02
            ],
            "iscrowd": 0,
            "attributes": {
                "occluded": false
            }
        }
    ]
}