{
    "info": {
        "contributor": "",
        "date_created": "",
        "description": "",
        "url": "",
        "version": "",
        "year": ""
    },
    "licenses": [
        {
            "name": "",
            "id": 0,
            "url": ""
        }
    ],
    "categories": [
        {
            "id": 1,
            "name": "Road",
            "supercategory": ""
        }
    ],
    "images": [
        {
            "id": 75,
            "width": 224,
            "height": 224,
            "file_name": "1611677079432144.png",
            "license": 0,
            "flickr_url": "",
            "coco_url": "",
            "date_captured": 0
        }
    ],
    "annotations": [
        {
            "id": 75,
            "image_id": 75,
            "category_id": 1,
            "segmentation": [
                [
                    36.26,
                    193.54,
                    72.03,
                    174.47,
                    161.79,
                    173.71,
                    187.45,
                    196.72,
                    220.31,
                    203.07,
                    139.0,
                    127.3,
                    97.5,
                    127.3
                ]
            ],
            "area": 5003.0,
            "bbox": [
                36.26,
                127.3,
                184.05,
                75.77
            ],
            "iscrowd": 0,
            "attributes": {
                "occluded": false
            }
        }
    ]
}