{
    "info": {
        "contributor": "",
        "date_created": "",
        "description": "",
        "url": "",
        "version": "",
        "year": ""
    },
    "licenses": [
        {
            "name": "",
            "id": 0,
            "url": ""
        }
    ],
    "categories": [
        {
            "id": 1,
            "name": "Road",
            "supercategory": ""
        }
    ],
    "images": [
        {
            "id": 4,
            "width": 224,
            "height": 224,
            "file_name": "1611676808931155.png",
            "license": 0,
            "flickr_url": "",
            "coco_url": "",
            "date_captured": 0
        }
    ],
    "annotations": [
        {
            "id": 4,
            "image_id": 4,
            "category_id": 1,
            "segmentation": [
                [
                    29.14,
                    194.86,
                    43.44,
                    197.24,
                    74.15,
                    178.21,
                    157.29,
                    177.94,
                    179.24,
                    196.48,
                    216.34,
                    192.74,
                    142.44,
                    128.96,
                    79.16,
                    129.22
                ]
            ],
            "area": 6546.0,
            "bbox": [
                29.14,
                128.96,
                187.2,
                68.28
            ],
            "iscrowd": 0,
            "attributes": {
                "occluded": false
            }
        }
    ]
}