{
    "info": {
        "contributor": "",
        "date_created": "",
        "description": "",
        "url": "",
        "version": "",
        "year": ""
    },
    "licenses": [
        {
            "name": "",
            "id": 0,
            "url": ""
        }
    ],
    "categories": [
        {
            "id": 1,
            "name": "Road",
            "supercategory": ""
        }
    ],
    "images": [
        {
            "id": 14,
            "width": 224,
            "height": 224,
            "file_name": "1611676924031585.png",
            "license": 0,
            "flickr_url": "",
            "coco_url": "",
            "date_captured": 0
        }
    ],
    "annotations": [
        {
            "id": 14,
            "image_id": 14,
            "category_id": 1,
            "segmentation": [
                [
                    1.84,
                    164.94,
                    3.19,
                    196.72,
                    36.79,
                    198.07,
                    67.53,
                    177.41,
                    171.59,
                    177.68,
                    186.92,
                    200.71,
                    213.4,
                    202.57,
                    121.28,
                    125.76,
                    71.21,
                    122.87
                ]
            ],
            "area": 8030.0,
            "bbox": [
                1.84,
                122.87,
                211.56,
                79.7
            ],
            "iscrowd": 0,
            "attributes": {
                "occluded": false
            }
        }
    ]
}