{
    "info": {
        "contributor": "",
        "date_created": "",
        "description": "",
        "url": "",
        "version": "",
        "year": ""
    },
    "licenses": [
        {
            "name": "",
            "id": 0,
            "url": ""
        }
    ],
    "categories": [
        {
            "id": 1,
            "name": "Road",
            "supercategory": ""
        }
    ],
    "images": [
        {
            "id": 38,
            "width": 224,
            "height": 224,
            "file_name": "1611677025431951.png",
            "license": 0,
            "flickr_url": "",
            "coco_url": "",
            "date_captured": 0
        }
    ],
    "annotations": [
        {
            "id": 38,
            "image_id": 38,
            "category_id": 1,
            "segmentation": [
                [
                    30.44,
                    193.27,
                    69.91,
                    178.45,
                    174.24,
                    177.12,
                    195.13,
                    201.48,
                    224.0,
                    204.39,
                    224.0,
                    204.12,
                    154.35,
                    128.69,
                    98.77,
                    127.37
                ]
            ],
            "area": 6049.0,
            "bbox": [
                30.44,
                127.37,
                193.56,
                77.02
            ],
            "iscrowd": 0,
            "attributes": {
                "occluded": false
            }
        }
    ]
}