{
    "info": {
        "contributor": "",
        "date_created": "",
        "description": "",
        "url": "",
        "version": "",
        "year": ""
    },
    "licenses": [
        {
            "name": "",
            "id": 0,
            "url": ""
        }
    ],
    "categories": [
        {
            "id": 1,
            "name": "Road",
            "supercategory": ""
        }
    ],
    "images": [
        {
            "id": 151,
            "width": 224,
            "height": 224,
            "file_name": "1611677239732709.png",
            "license": 0,
            "flickr_url": "",
            "coco_url": "",
            "date_captured": 0
        }
    ],
    "annotations": [
        {
            "id": 151,
            "image_id": 151,
            "category_id": 1,
            "segmentation": [
                [
                    16.48,
                    193.62,
                    38.19,
                    194.15,
                    77.12,
                    174.29,
                    169.26,
                    175.88,
                    188.59,
                    196.79,
                    219.3,
                    196.79,
                    152.58,
                    131.13,
                    96.44,
                    130.87
                ]
            ],
            "area": 5909.0,
            "bbox": [
                16.48,
                130.87,
                202.82,
                65.92
            ],
            "iscrowd": 0,
            "attributes": {
                "occluded": false
            }
        }
    ]
}