{
    "info": {
        "contributor": "",
        "date_created": "",
        "description": "",
        "url": "",
        "version": "",
        "year": ""
    },
    "licenses": [
        {
            "name": "",
            "id": 0,
            "url": ""
        }
    ],
    "categories": [
        {
            "id": 1,
            "name": "Road",
            "supercategory": ""
        }
    ],
    "images": [
        {
            "id": 50,
            "width": 224,
            "height": 224,
            "file_name": "1611677041032008.png",
            "license": 0,
            "flickr_url": "",
            "coco_url": "",
            "date_captured": 0
        }
    ],
    "annotations": [
        {
            "id": 50,
            "image_id": 50,
            "category_id": 1,
            "segmentation": [
                [
                    6.37,
                    194.36,
                    36.79,
                    194.36,
                    68.83,
                    175.56,
                    166.27,
                    177.12,
                    191.16,
                    198.07,
                    222.69,
                    202.3,
                    223.99,
                    166.27,
                    144.02,
                    123.13,
                    94.8,
                    123.13
                ]
            ],
            "area": 8581.0,
            "bbox": [
                6.37,
                123.13,
                217.62,
                79.17
            ],
            "iscrowd": 0,
            "attributes": {
                "occluded": false
            }
        }
    ]
}