{
    "info": {
        "contributor": "",
        "date_created": "",
        "description": "",
        "url": "",
        "version": "",
        "year": ""
    },
    "licenses": [
        {
            "name": "",
            "id": 0,
            "url": ""
        }
    ],
    "categories": [
        {
            "id": 1,
            "name": "Road",
            "supercategory": ""
        }
    ],
    "images": [
        {
            "id": 105,
            "width": 224,
            "height": 224,
            "file_name": "1611677142432369.png",
            "license": 0,
            "flickr_url": "",
            "coco_url": "",
            "date_captured": 0
        }
    ],
    "annotations": [
        {
            "id": 105,
            "image_id": 105,
            "category_id": 1,
            "segmentation": [
                [
                    28.32,
                    192.74,
                    44.2,
                    193.01,
                    79.16,
                    175.27,
                    163.12,
                    175.56,
                    188.53,
                    196.98,
                    222.95,
                    201.22,
                    222.95,
                    175.27,
                    151.5,
                    129.5,
                    104.3,
                    130.1
                ]
            ],
            "area": 6512.0,
            "bbox": [
                28.32,
                129.5,
                194.63,
                71.72
            ],
            "iscrowd": 0,
            "attributes": {
                "occluded": false
            }
        }
    ]
}