{
    "info": {
        "contributor": "",
        "date_created": "",
        "description": "",
        "url": "",
        "version": "",
        "year": ""
    },
    "licenses": [
        {
            "name": "",
            "id": 0,
            "url": ""
        }
    ],
    "categories": [
        {
            "id": 1,
            "name": "Road",
            "supercategory": ""
        }
    ],
    "images": [
        {
            "id": 1,
            "width": 224,
            "height": 224,
            "file_name": "1611676900731498.png",
            "license": 0,
            "flickr_url": "",
            "coco_url": "",
            "date_captured": 0
        }
    ],
    "annotations": [
        {
            "id": 1,
            "image_id": 1,
            "category_id": 1,
            "segmentation": [
                [
                    11.9,
                    195.68,
                    39.2,
                    195.39,
                    78.63,
                    172.89,
                    169.18,
                    178.21,
                    195.39,
                    201.75,
                    223.46,
                    203.07,
                    151.73,
                    129.49,
                    101.13,
                    128.14
                ]
            ],
            "area": 6270.0,
            "bbox": [
                11.9,
                128.14,
                211.56,
                74.93
            ],
            "iscrowd": 0,
            "attributes": {
                "occluded": false
            }
        }
    ]
}