{
    "info": {
        "contributor": "",
        "date_created": "",
        "description": "",
        "url": "",
        "version": "",
        "year": ""
    },
    "licenses": [
        {
            "name": "",
            "id": 0,
            "url": ""
        }
    ],
    "categories": [
        {
            "id": 1,
            "name": "Road",
            "supercategory": ""
        }
    ],
    "images": [
        {
            "id": 81,
            "width": 224,
            "height": 224,
            "file_name": "1611677093232193.png",
            "license": 0,
            "flickr_url": "",
            "coco_url": "",
            "date_captured": 0
        }
    ],
    "annotations": [
        {
            "id": 81,
            "image_id": 81,
            "category_id": 1,
            "segmentation": [
                [
                    36.79,
                    193.01,
                    69.09,
                    174.74,
                    158.32,
                    175.82,
                    186.65,
                    196.98,
                    223.72,
                    202.3,
                    147.23,
                    131.34,
                    98.77,
                    130.55
                ]
            ],
            "area": 5133.0,
            "bbox": [
                36.79,
                130.55,
                186.93,
                71.75
            ],
            "iscrowd": 0,
            "attributes": {
                "occluded": false
            }
        }
    ]
}