{
    "info": {
        "contributor": "",
        "date_created": "",
        "description": "",
        "url": "",
        "version": "",
        "year": ""
    },
    "licenses": [
        {
            "name": "",
            "id": 0,
            "url": ""
        }
    ],
    "categories": [
        {
            "id": 1,
            "name": "Road",
            "supercategory": ""
        }
    ],
    "images": [
        {
            "id": 191,
            "width": 224,
            "height": 224,
            "file_name": "1611677415333313.png",
            "license": 0,
            "flickr_url": "",
            "coco_url": "",
            "date_captured": 0
        }
    ],
    "annotations": [
        {
            "id": 191,
            "image_id": 191,
            "category_id": 1,
            "segmentation": [
                [
                    14.29,
                    193.27,
                    41.32,
                    194.86,
                    75.45,
                    173.44,
                    160.44,
                    174.74,
                    189.86,
                    195.95,
                    221.6,
                    195.95,
                    144.02,
                    132.67,
                    88.71,
                    131.85
                ]
            ],
            "area": 5866.0,
            "bbox": [
                14.29,
                131.85,
                207.31,
                64.1
            ],
            "iscrowd": 0,
            "attributes": {
                "occluded": false
            }
        }
    ]
}