{
    "info": {
        "contributor": "",
        "date_created": "",
        "description": "",
        "url": "",
        "version": "",
        "year": ""
    },
    "licenses": [
        {
            "name": "",
            "id": 0,
            "url": ""
        }
    ],
    "categories": [
        {
            "id": 1,
            "name": "Road",
            "supercategory": ""
        }
    ],
    "images": [
        {
            "id": 20,
            "width": 224,
            "height": 224,
            "file_name": "1611676873731397.png",
            "license": 0,
            "flickr_url": "",
            "coco_url": "",
            "date_captured": 0
        }
    ],
    "annotations": [
        {
            "id": 20,
            "image_id": 20,
            "category_id": 1,
            "segmentation": [
                [
                    0.54,
                    171.85,
                    1.31,
                    196.72,
                    40.76,
                    195.95,
                    75.45,
                    175.27,
                    174.74,
                    178.98,
                    191.71,
                    202.04,
                    222.95,
                    201.48,
                    222.95,
                    174.74,
                    130.26,
                    123.13,
                    130.26,
                    123.13,
                    90.57,
                    122.87
                ]
            ],
            "area": 9497.0,
            "bbox": [
                0.54,
                122.87,
                222.41,
                79.17
            ],
            "iscrowd": 0,
            "attributes": {
                "occluded": false
            }
        }
    ]
}