{
    "info": {
        "contributor": "",
        "date_created": "",
        "description": "",
        "url": "",
        "version": "",
        "year": ""
    },
    "licenses": [
        {
            "name": "",
            "id": 0,
            "url": ""
        }
    ],
    "categories": [
        {
            "id": 1,
            "name": "Road",
            "supercategory": ""
        }
    ],
    "images": [
        {
            "id": 114,
            "width": 224,
            "height": 224,
            "file_name": "1611677163432443.png",
            "license": 0,
            "flickr_url": "",
            "coco_url": "",
            "date_captured": 0
        }
    ],
    "annotations": [
        {
            "id": 114,
            "image_id": 114,
            "category_id": 1,
            "segmentation": [
                [
                    26.46,
                    193.01,
                    43.7,
                    194.09,
                    68.56,
                    176.59,
                    157.82,
                    175.82,
                    189.59,
                    195.68,
                    223.46,
                    199.36,
                    149.35,
                    127.87,
                    106.19,
                    128.14
                ]
            ],
            "area": 5810.0,
            "bbox": [
                26.46,
                127.87,
                197.0,
                71.49
            ],
            "iscrowd": 0,
            "attributes": {
                "occluded": false
            }
        }
    ]
}