{
    "info": {
        "contributor": "",
        "date_created": "",
        "description": "",
        "url": "",
        "version": "",
        "year": ""
    },
    "licenses": [
        {
            "name": "",
            "id": 0,
            "url": ""
        }
    ],
    "categories": [
        {
            "id": 1,
            "name": "Road",
            "supercategory": ""
        }
    ],
    "images": [
        {
            "id": 70,
            "width": 224,
            "height": 224,
            "file_name": "1611677069832110.png",
            "license": 0,
            "flickr_url": "",
            "coco_url": "",
            "date_captured": 0
        }
    ],
    "annotations": [
        {
            "id": 70,
            "image_id": 70,
            "category_id": 1,
            "segmentation": [
                [
                    30.99,
                    194.86,
                    65.94,
                    175.56,
                    150.38,
                    173.44,
                    187.74,
                    197.51,
                    222.95,
                    201.48,
                    145.38,
                    129.99,
                    95.84,
                    128.96
                ]
            ],
            "area": 5406.0,
            "bbox": [
                30.99,
                128.96,
                191.96,
                72.52
            ],
            "iscrowd": 0,
            "attributes": {
                "occluded": false
            }
        }
    ]
}