{
    "info": {
        "contributor": "",
        "date_created": "",
        "description": "",
        "url": "",
        "version": "",
        "year": ""
    },
    "licenses": [
        {
            "name": "",
            "id": 0,
            "url": ""
        }
    ],
    "categories": [
        {
            "id": 1,
            "name": "Road",
            "supercategory": ""
        }
    ],
    "images": [
        {
            "id": 54,
            "width": 224,
            "height": 224,
            "file_name": "1611676975031771.png",
            "license": 0,
            "flickr_url": "",
            "coco_url": "",
            "date_captured": 0
        }
    ],
    "annotations": [
        {
            "id": 54,
            "image_id": 54,
            "category_id": 1,
            "segmentation": [
                [
                    0.0,
                    189.1,
                    40.31,
                    194.68,
                    71.29,
                    176.67,
                    158.93,
                    175.88,
                    188.85,
                    199.44,
                    224.0,
                    202.18,
                    224.0,
                    141.0,
                    152.31,
                    117.63,
                    120.8,
                    118.16,
                    118.16,
                    125.57,
                    101.74,
                    123.98,
                    102.8,
                    118.69,
                    93.27,
                    118.69
                ]
            ],
            "area": 10879.0,
            "bbox": [
                0.0,
                117.63,
                224.0,
                84.55
            ],
            "iscrowd": 0,
            "attributes": {
                "occluded": false
            }
        }
    ]
}