{
    "info": {
        "contributor": "",
        "date_created": "",
        "description": "",
        "url": "",
        "version": "",
        "year": ""
    },
    "licenses": [
        {
            "name": "",
            "id": 0,
            "url": ""
        }
    ],
    "categories": [
        {
            "id": 1,
            "name": "Road",
            "supercategory": ""
        }
    ],
    "images": [
        {
            "id": 29,
            "width": 224,
            "height": 224,
            "file_name": "1611677016531920.png",
            "license": 0,
            "flickr_url": "",
            "coco_url": "",
            "date_captured": 0
        }
    ],
    "annotations": [
        {
            "id": 29,
            "image_id": 29,
            "category_id": 1,
            "segmentation": [
                [
                    27.87,
                    193.62,
                    99.62,
                    128.48,
                    141.19,
                    128.75,
                    224.0,
                    202.03,
                    224.0,
                    202.08,
                    191.5,
                    199.44,
                    154.2,
                    175.0,
                    81.8,
                    175.4
                ]
            ],
            "area": 5539.0,
            "bbox": [
                27.87,
                128.48,
                196.13,
                73.6
            ],
            "iscrowd": 0,
            "attributes": {
                "occluded": false
            }
        }
    ]
}