{
    "info": {
        "contributor": "",
        "date_created": "",
        "description": "",
        "url": "",
        "version": "",
        "year": ""
    },
    "licenses": [
        {
            "name": "",
            "id": 0,
            "url": ""
        }
    ],
    "categories": [
        {
            "id": 1,
            "name": "Road",
            "supercategory": ""
        }
    ],
    "images": [
        {
            "id": 120,
            "width": 224,
            "height": 224,
            "file_name": "1611677174832483.png",
            "license": 0,
            "flickr_url": "",
            "coco_url": "",
            "date_captured": 0
        }
    ],
    "annotations": [
        {
            "id": 120,
            "image_id": 120,
            "category_id": 1,
            "segmentation": [
                [
                    27.29,
                    191.98,
                    47.14,
                    191.42,
                    77.59,
                    175.27,
                    166.27,
                    178.21,
                    188.53,
                    198.07,
                    214.48,
                    197.51,
                    158.06,
                    133.46,
                    111.72,
                    131.34
                ]
            ],
            "area": 5262.0,
            "bbox": [
                27.29,
                131.34,
                187.19,
                66.73
            ],
            "iscrowd": 0,
            "attributes": {
                "occluded": false
            }
        }
    ]
}