{
    "info": {
        "contributor": "",
        "date_created": "",
        "description": "",
        "url": "",
        "version": "",
        "year": ""
    },
    "licenses": [
        {
            "name": "",
            "id": 0,
            "url": ""
        }
    ],
    "categories": [
        {
            "id": 1,
            "name": "Road",
            "supercategory": ""
        }
    ],
    "images": [
        {
            "id": 184,
            "width": 224,
            "height": 224,
            "file_name": "1611677392733234.png",
            "license": 0,
            "flickr_url": "",
            "coco_url": "",
            "date_captured": 0
        }
    ],
    "annotations": [
        {
            "id": 184,
            "image_id": 184,
            "category_id": 1,
            "segmentation": [
                [
                    13.76,
                    193.83,
                    38.38,
                    194.86,
                    69.36,
                    173.97,
                    167.06,
                    175.27,
                    192.74,
                    198.6,
                    221.6,
                    196.98,
                    145.88,
                    134.23,
                    86.33,
                    131.85
                ]
            ],
            "area": 5794.0,
            "bbox": [
                13.76,
                131.85,
                207.84,
                66.75
            ],
            "iscrowd": 0,
            "attributes": {
                "occluded": false
            }
        }
    ]
}