{
    "info": {
        "contributor": "",
        "date_created": "",
        "description": "",
        "url": "",
        "version": "",
        "year": ""
    },
    "licenses": [
        {
            "name": "",
            "id": 0,
            "url": ""
        }
    ],
    "categories": [
        {
            "id": 1,
            "name": "Road",
            "supercategory": ""
        }
    ],
    "images": [
        {
            "id": 6,
            "width": 224,
            "height": 224,
            "file_name": "1611676857431336.png",
            "license": 0,
            "flickr_url": "",
            "coco_url": "",
            "date_captured": 0
        }
    ],
    "annotations": [
        {
            "id": 6,
            "image_id": 6,
            "category_id": 1,
            "segmentation": [
                [
                    8.49,
                    196.71,
                    40.23,
                    197.24,
                    62.47,
                    176.86,
                    161.79,
                    173.97,
                    184.8,
                    197.51,
                    224.0,
                    201.43,
                    224.0,
                    183.48,
                    223.46,
                    165.5,
                    109.6,
                    125.76,
                    60.36,
                    127.87
                ]
            ],
            "area": 8588.0,
            "bbox": [
                8.49,
                125.76,
                215.51,
                75.67
            ],
            "iscrowd": 0,
            "attributes": {
                "occluded": false
            }
        }
    ]
}