{
    "info": {
        "contributor": "",
        "date_created": "",
        "description": "",
        "url": "",
        "version": "",
        "year": ""
    },
    "licenses": [
        {
            "name": "",
            "id": 0,
            "url": ""
        }
    ],
    "categories": [
        {
            "id": 1,
            "name": "Road",
            "supercategory": ""
        }
    ],
    "images": [
        {
            "id": 42,
            "width": 224,
            "height": 224,
            "file_name": "1611676947231670.png",
            "license": 0,
            "flickr_url": "",
            "coco_url": "",
            "date_captured": 0
        }
    ],
    "annotations": [
        {
            "id": 42,
            "image_id": 42,
            "category_id": 1,
            "segmentation": [
                [
                    41.58,
                    181.36,
                    173.15,
                    174.47,
                    193.01,
                    200.18,
                    221.6,
                    202.04,
                    224.0,
                    170.74,
                    224.0,
                    163.39,
                    133.96,
                    121.52,
                    105.63,
                    120.75
                ]
            ],
            "area": 7389.0,
            "bbox": [
                41.58,
                120.75,
                182.42,
                81.29
            ],
            "iscrowd": 0,
            "attributes": {
                "occluded": false
            }
        }
    ]
}