{
    "info": {
        "contributor": "",
        "date_created": "",
        "description": "",
        "url": "",
        "version": "",
        "year": ""
    },
    "licenses": [
        {
            "name": "",
            "id": 0,
            "url": ""
        }
    ],
    "categories": [
        {
            "id": 1,
            "name": "Road",
            "supercategory": ""
        }
    ],
    "images": [
        {
            "id": 157,
            "width": 224,
            "height": 224,
            "file_name": "1611677278032841.png",
            "license": 0,
            "flickr_url": "",
            "coco_url": "",
            "date_captured": 0
        }
    ],
    "annotations": [
        {
            "id": 157,
            "image_id": 157,
            "category_id": 1,
            "segmentation": [
                [
                    21.96,
                    191.98,
                    42.35,
                    192.24,
                    74.65,
                    173.71,
                    167.88,
                    174.24,
                    189.59,
                    198.83,
                    221.87,
                    201.22,
                    144.02,
                    127.87,
                    100.36,
                    127.61
                ]
            ],
            "area": 5634.0,
            "bbox": [
                21.96,
                127.61,
                199.91,
                73.61
            ],
            "iscrowd": 0,
            "attributes": {
                "occluded": false
            }
        }
    ]
}