{
    "info": {
        "contributor": "",
        "date_created": "",
        "description": "",
        "url": "",
        "version": "",
        "year": ""
    },
    "licenses": [
        {
            "name": "",
            "id": 0,
            "url": ""
        }
    ],
    "categories": [
        {
            "id": 1,
            "name": "Road",
            "supercategory": ""
        }
    ],
    "images": [
        {
            "id": 85,
            "width": 224,
            "height": 224,
            "file_name": "1611677102232226.png",
            "license": 0,
            "flickr_url": "",
            "coco_url": "",
            "date_captured": 0
        }
    ],
    "annotations": [
        {
            "id": 85,
            "image_id": 85,
            "category_id": 1,
            "segmentation": [
                [
                    24.08,
                    190.12,
                    47.67,
                    191.98,
                    75.18,
                    174.47,
                    158.59,
                    176.86,
                    186.92,
                    197.51,
                    223.72,
                    200.71,
                    149.61,
                    135.05,
                    93.72,
                    134.23
                ]
            ],
            "area": 5579.0,
            "bbox": [
                24.08,
                134.23,
                199.64,
                66.48
            ],
            "iscrowd": 0,
            "attributes": {
                "occluded": false
            }
        }
    ]
}