{
    "info": {
        "contributor": "",
        "date_created": "",
        "description": "",
        "url": "",
        "version": "",
        "year": ""
    },
    "licenses": [
        {
            "name": "",
            "id": 0,
            "url": ""
        }
    ],
    "categories": [
        {
            "id": 1,
            "name": "Road",
            "supercategory": ""
        }
    ],
    "images": [
        {
            "id": 175,
            "width": 224,
            "height": 224,
            "file_name": "1611677340933056.png",
            "license": 0,
            "flickr_url": "",
            "coco_url": "",
            "date_captured": 0
        }
    ],
    "annotations": [
        {
            "id": 175,
            "image_id": 175,
            "category_id": 1,
            "segmentation": [
                [
                    16.69,
                    187.74,
                    44.47,
                    189.59,
                    77.86,
                    172.36,
                    165.76,
                    177.41,
                    189.86,
                    198.6,
                    221.87,
                    200.95,
                    176.59,
                    130.55,
                    112.54,
                    129.22
                ]
            ],
            "area": 6572.0,
            "bbox": [
                16.69,
                129.22,
                205.18,
                71.73
            ],
            "iscrowd": 0,
            "attributes": {
                "occluded": false
            }
        }
    ]
}