{
    "info": {
        "contributor": "",
        "date_created": "",
        "description": "",
        "url": "",
        "version": "",
        "year": ""
    },
    "licenses": [
        {
            "name": "",
            "id": 0,
            "url": ""
        }
    ],
    "categories": [
        {
            "id": 1,
            "name": "Road",
            "supercategory": ""
        }
    ],
    "images": [
        {
            "id": 131,
            "width": 224,
            "height": 224,
            "file_name": "1611677200732574.png",
            "license": 0,
            "flickr_url": "",
            "coco_url": "",
            "date_captured": 0
        }
    ],
    "annotations": [
        {
            "id": 131,
            "image_id": 131,
            "category_id": 1,
            "segmentation": [
                [
                    30.78,
                    194.94,
                    67.32,
                    175.88,
                    161.58,
                    175.35,
                    190.44,
                    197.59,
                    223.27,
                    198.12,
                    141.19,
                    132.45,
                    98.3,
                    131.92
                ]
            ],
            "area": 4958.0,
            "bbox": [
                30.78,
                131.92,
                192.49,
                66.2
            ],
            "iscrowd": 0,
            "attributes": {
                "occluded": false
            }
        }
    ]
}