{
    "info": {
        "contributor": "",
        "date_created": "",
        "description": "",
        "url": "",
        "version": "",
        "year": ""
    },
    "licenses": [
        {
            "name": "",
            "id": 0,
            "url": ""
        }
    ],
    "categories": [
        {
            "id": 1,
            "name": "Road",
            "supercategory": ""
        }
    ],
    "images": [
        {
            "id": 3,
            "width": 224,
            "height": 224,
            "file_name": "1611676852731320.png",
            "license": 0,
            "flickr_url": "",
            "coco_url": "",
            "date_captured": 0
        }
    ],
    "annotations": [
        {
            "id": 3,
            "image_id": 3,
            "category_id": 1,
            "segmentation": [
                [
                    1.31,
                    183.21,
                    2.11,
                    200.45,
                    35.49,
                    199.36,
                    68.06,
                    178.98,
                    157.56,
                    173.97,
                    183.21,
                    199.92,
                    223.72,
                    204.16,
                    223.99,
                    194.36,
                    131.58,
                    130.55,
                    61.97,
                    129.99
                ]
            ],
            "area": 8249.0,
            "bbox": [
                1.31,
                129.99,
                222.68,
                74.17
            ],
            "iscrowd": 0,
            "attributes": {
                "occluded": false
            }
        }
    ]
}