{
    "info": {
        "contributor": "",
        "date_created": "",
        "description": "",
        "url": "",
        "version": "",
        "year": ""
    },
    "licenses": [
        {
            "name": "",
            "id": 0,
            "url": ""
        }
    ],
    "categories": [
        {
            "id": 1,
            "name": "Road",
            "supercategory": ""
        }
    ],
    "images": [
        {
            "id": 150,
            "width": 224,
            "height": 224,
            "file_name": "1611677239032707.png",
            "license": 0,
            "flickr_url": "",
            "coco_url": "",
            "date_captured": 0
        }
    ],
    "annotations": [
        {
            "id": 150,
            "image_id": 150,
            "category_id": 1,
            "segmentation": [
                [
                    35.76,
                    194.62,
                    75.74,
                    175.27,
                    162.56,
                    175.0,
                    188.77,
                    196.48,
                    224.0,
                    198.02,
                    224.0,
                    197.1,
                    149.1,
                    130.5,
                    100.6,
                    130.8
                ]
            ],
            "area": 5233.0,
            "bbox": [
                35.76,
                130.5,
                188.24,
                67.52
            ],
            "iscrowd": 0,
            "attributes": {
                "occluded": false
            }
        }
    ]
}