{
    "info": {
        "contributor": "",
        "date_created": "",
        "description": "",
        "url": "",
        "version": "",
        "year": ""
    },
    "licenses": [
        {
            "name": "",
            "id": 0,
            "url": ""
        }
    ],
    "categories": [
        {
            "id": 1,
            "name": "Road",
            "supercategory": ""
        }
    ],
    "images": [
        {
            "id": 109,
            "width": 224,
            "height": 224,
            "file_name": "1611677155632415.png",
            "license": 0,
            "flickr_url": "",
            "coco_url": "",
            "date_captured": 0
        }
    ],
    "annotations": [
        {
            "id": 109,
            "image_id": 109,
            "category_id": 1,
            "segmentation": [
                [
                    32.1,
                    193.09,
                    111.01,
                    129.01,
                    156.02,
                    129.81,
                    223.54,
                    199.44,
                    185.41,
                    196.27,
                    162.11,
                    175.88,
                    75.3,
                    176.4
                ]
            ],
            "area": 5499.0,
            "bbox": [
                32.1,
                129.01,
                191.44,
                70.43
            ],
            "iscrowd": 0,
            "attributes": {
                "occluded": false
            }
        }
    ]
}