{
    "info": {
        "contributor": "",
        "date_created": "",
        "description": "",
        "url": "",
        "version": "",
        "year": ""
    },
    "licenses": [
        {
            "name": "",
            "id": 0,
            "url": ""
        }
    ],
    "categories": [
        {
            "id": 1,
            "name": "Road",
            "supercategory": ""
        }
    ],
    "images": [
        {
            "id": 25,
            "width": 224,
            "height": 224,
            "file_name": "1611676880031422.png",
            "license": 0,
            "flickr_url": "",
            "coco_url": "",
            "date_captured": 0
        }
    ],
    "annotations": [
        {
            "id": 25,
            "image_id": 25,
            "category_id": 1,
            "segmentation": [
                [
                    0.81,
                    195.13,
                    42.35,
                    190.89,
                    82.86,
                    172.89,
                    177.94,
                    174.47,
                    199.63,
                    198.07,
                    224.0,
                    198.32,
                    224.0,
                    152.99,
                    223.46,
                    134.23,
                    157.56,
                    145.38,
                    98.51,
                    135.05,
                    90.57,
                    119.93,
                    0.0,
                    122.87,
                    -0.0,
                    124.0
                ]
            ],
            "area": 11305.0,
            "bbox": [
                0.0,
                119.93,
                224.0,
                78.39
            ],
            "iscrowd": 0,
            "attributes": {
                "occluded": false
            }
        }
    ]
}