{
    "info": {
        "contributor": "",
        "date_created": "",
        "description": "",
        "url": "",
        "version": "",
        "year": ""
    },
    "licenses": [
        {
            "name": "",
            "id": 0,
            "url": ""
        }
    ],
    "categories": [
        {
            "id": 1,
            "name": "Road",
            "supercategory": ""
        }
    ],
    "images": [
        {
            "id": 27,
            "width": 224,
            "height": 224,
            "file_name": "1611677013731910.png",
            "license": 0,
            "flickr_url": "",
            "coco_url": "",
            "date_captured": 0
        }
    ],
    "annotations": [
        {
            "id": 27,
            "image_id": 27,
            "category_id": 1,
            "segmentation": [
                [
                    39.0,
                    195.7,
                    74.73,
                    175.88,
                    171.38,
                    178.53,
                    192.82,
                    201.3,
                    223.8,
                    205.53,
                    224.0,
                    191.66,
                    224.0,
                    186.95,
                    143.9,
                    130.6,
                    102.0,
                    130.3
                ]
            ],
            "area": 5729.0,
            "bbox": [
                39.0,
                130.3,
                185.0,
                75.23
            ],
            "iscrowd": 0,
            "attributes": {
                "occluded": false
            }
        }
    ]
}