{
    "info": {
        "contributor": "",
        "date_created": "",
        "description": "",
        "url": "",
        "version": "",
        "year": ""
    },
    "licenses": [
        {
            "name": "",
            "id": 0,
            "url": ""
        }
    ],
    "categories": [
        {
            "id": 1,
            "name": "Road",
            "supercategory": ""
        }
    ],
    "images": [
        {
            "id": 53,
            "width": 224,
            "height": 224,
            "file_name": "1611677044132019.png",
            "license": 0,
            "flickr_url": "",
            "coco_url": "",
            "date_captured": 0
        }
    ],
    "annotations": [
        {
            "id": 53,
            "image_id": 53,
            "category_id": 1,
            "segmentation": [
                [
                    11.19,
                    193.62,
                    42.17,
                    193.62,
                    72.09,
                    175.35,
                    159.73,
                    176.67,
                    189.91,
                    197.85,
                    223.8,
                    204.21,
                    223.8,
                    164.76,
                    146.2,
                    127.4,
                    91.4,
                    125.8
                ]
            ],
            "area": 8346.0,
            "bbox": [
                11.19,
                125.8,
                212.61,
                78.41
            ],
            "iscrowd": 0,
            "attributes": {
                "occluded": false
            }
        }
    ]
}