{
    "info": {
        "contributor": "",
        "date_created": "",
        "description": "",
        "url": "",
        "version": "",
        "year": ""
    },
    "licenses": [
        {
            "name": "",
            "id": 0,
            "url": ""
        }
    ],
    "categories": [
        {
            "id": 1,
            "name": "Road",
            "supercategory": ""
        }
    ],
    "images": [
        {
            "id": 22,
            "width": 224,
            "height": 224,
            "file_name": "1611676933031618.png",
            "license": 0,
            "flickr_url": "",
            "coco_url": "",
            "date_captured": 0
        }
    ],
    "annotations": [
        {
            "id": 22,
            "image_id": 22,
            "category_id": 1,
            "segmentation": [
                [
                    28.87,
                    140.32,
                    0.54,
                    151.97,
                    1.84,
                    198.07,
                    36.26,
                    195.68,
                    65.68,
                    179.53,
                    166.03,
                    176.33,
                    188.77,
                    198.6,
                    222.42,
                    202.3,
                    224.0,
                    178.85,
                    224.0,
                    147.19,
                    165.5,
                    138.76,
                    157.0,
                    122.9,
                    42.1,
                    124.7
                ]
            ],
            "area": 12080.0,
            "bbox": [
                0.54,
                122.9,
                223.46,
                79.4
            ],
            "iscrowd": 0,
            "attributes": {
                "occluded": false
            }
        }
    ]
}