{
    "info": {
        "contributor": "",
        "date_created": "",
        "description": "",
        "url": "",
        "version": "",
        "year": ""
    },
    "licenses": [
        {
            "name": "",
            "id": 0,
            "url": ""
        }
    ],
    "categories": [
        {
            "id": 1,
            "name": "Road",
            "supercategory": ""
        }
    ],
    "images": [
        {
            "id": 60,
            "width": 224,
            "height": 224,
            "file_name": "1611677054932056.png",
            "license": 0,
            "flickr_url": "",
            "coco_url": "",
            "date_captured": 0
        }
    ],
    "annotations": [
        {
            "id": 60,
            "image_id": 60,
            "category_id": 1,
            "segmentation": [
                [
                    40.8,
                    192.8,
                    79.76,
                    172.17,
                    170.85,
                    176.14,
                    192.03,
                    199.18,
                    224.0,
                    202.56,
                    224.0,
                    202.1,
                    139.6,
                    127.95,
                    102.8,
                    127.42
                ]
            ],
            "area": 4819.0,
            "bbox": [
                40.8,
                127.42,
                183.2,
                75.14
            ],
            "iscrowd": 0,
            "attributes": {
                "occluded": false
            }
        }
    ]
}