{
    "info": {
        "contributor": "",
        "date_created": "",
        "description": "",
        "url": "",
        "version": "",
        "year": ""
    },
    "licenses": [
        {
            "name": "",
            "id": 0,
            "url": ""
        }
    ],
    "categories": [
        {
            "id": 1,
            "name": "Road",
            "supercategory": ""
        }
    ],
    "images": [
        {
            "id": 67,
            "width": 224,
            "height": 224,
            "file_name": "1611677064532091.png",
            "license": 0,
            "flickr_url": "",
            "coco_url": "",
            "date_captured": 0
        }
    ],
    "annotations": [
        {
            "id": 67,
            "image_id": 67,
            "category_id": 1,
            "segmentation": [
                [
                    30.0,
                    192.0,
                    49.3,
                    192.3,
                    77.38,
                    172.17,
                    162.11,
                    175.61,
                    193.09,
                    197.85,
                    222.7,
                    201.0,
                    143.84,
                    130.34,
                    93.8,
                    128.48
                ]
            ],
            "area": 5492.0,
            "bbox": [
                30.0,
                128.48,
                192.7,
                72.52
            ],
            "iscrowd": 0,
            "attributes": {
                "occluded": false
            }
        }
    ]
}