{
    "info": {
        "contributor": "",
        "date_created": "",
        "description": "",
        "url": "",
        "version": "",
        "year": ""
    },
    "licenses": [
        {
            "name": "",
            "id": 0,
            "url": ""
        }
    ],
    "categories": [
        {
            "id": 1,
            "name": "Road",
            "supercategory": ""
        }
    ],
    "images": [
        {
            "id": 171,
            "width": 224,
            "height": 224,
            "file_name": "1611677332133026.png",
            "license": 0,
            "flickr_url": "",
            "coco_url": "",
            "date_captured": 0
        }
    ],
    "annotations": [
        {
            "id": 171,
            "image_id": 171,
            "category_id": 1,
            "segmentation": [
                [
                    16.48,
                    191.23,
                    39.78,
                    193.09,
                    74.2,
                    172.96,
                    159.99,
                    173.76,
                    185.94,
                    194.68,
                    223.01,
                    197.06,
                    157.08,
                    132.45,
                    95.39,
                    129.01
                ]
            ],
            "area": 6143.0,
            "bbox": [
                16.48,
                129.01,
                206.53,
                68.05
            ],
            "iscrowd": 0,
            "attributes": {
                "occluded": false
            }
        }
    ]
}