{
    "info": {
        "contributor": "",
        "date_created": "",
        "description": "",
        "url": "",
        "version": "",
        "year": ""
    },
    "licenses": [
        {
            "name": "",
            "id": 0,
            "url": ""
        }
    ],
    "categories": [
        {
            "id": 1,
            "name": "Road",
            "supercategory": ""
        }
    ],
    "images": [
        {
            "id": 8,
            "width": 224,
            "height": 224,
            "file_name": "1611676984731806.png",
            "license": 0,
            "flickr_url": "",
            "coco_url": "",
            "date_captured": 0
        }
    ],
    "annotations": [
        {
            "id": 8,
            "image_id": 8,
            "category_id": 1,
            "segmentation": [
                [
                    30.44,
                    195.13,
                    79.71,
                    176.09,
                    169.47,
                    175.56,
                    189.59,
                    198.33,
                    222.42,
                    202.81,
                    223.99,
                    154.35,
                    157.29,
                    127.61,
                    98.77,
                    126.84
                ]
            ],
            "area": 7733.0,
            "bbox": [
                30.44,
                126.84,
                193.55,
                75.97
            ],
            "iscrowd": 0,
            "attributes": {
                "occluded": false
            }
        }
    ]
}