{
    "info": {
        "contributor": "",
        "date_created": "",
        "description": "",
        "url": "",
        "version": "",
        "year": ""
    },
    "licenses": [
        {
            "name": "",
            "id": 0,
            "url": ""
        }
    ],
    "categories": [
        {
            "id": 1,
            "name": "Road",
            "supercategory": ""
        }
    ],
    "images": [
        {
            "id": 145,
            "width": 224,
            "height": 224,
            "file_name": "1611677218132635.png",
            "license": 0,
            "flickr_url": "",
            "coco_url": "",
            "date_captured": 0
        }
    ],
    "annotations": [
        {
            "id": 145,
            "image_id": 145,
            "category_id": 1,
            "segmentation": [
                [
                    37.13,
                    195.21,
                    76.32,
                    176.67,
                    169.52,
                    178.53,
                    197.59,
                    200.24,
                    224.0,
                    199.01,
                    224.0,
                    196.91,
                    151.8,
                    131.1,
                    100.42,
                    131.4
                ]
            ],
            "area": 5519.0,
            "bbox": [
                37.13,
                131.1,
                186.87,
                69.14
            ],
            "iscrowd": 0,
            "attributes": {
                "occluded": false
            }
        }
    ]
}