{
    "info": {
        "contributor": "",
        "date_created": "",
        "description": "",
        "url": "",
        "version": "",
        "year": ""
    },
    "licenses": [
        {
            "name": "",
            "id": 0,
            "url": ""
        }
    ],
    "categories": [
        {
            "id": 1,
            "name": "Road",
            "supercategory": ""
        }
    ],
    "images": [
        {
            "id": 8,
            "width": 224,
            "height": 224,
            "file_name": "1611676917531560.png",
            "license": 0,
            "flickr_url": "",
            "coco_url": "",
            "date_captured": 0
        }
    ],
    "annotations": [
        {
            "id": 8,
            "image_id": 8,
            "category_id": 1,
            "segmentation": [
                [
                    1.84,
                    165.5,
                    2.93,
                    198.07,
                    38.38,
                    195.68,
                    73.89,
                    173.15,
                    163.38,
                    175.82,
                    191.98,
                    199.63,
                    223.99,
                    203.07,
                    223.46,
                    169.47,
                    137.43,
                    126.84,
                    72.54,
                    126.29
                ]
            ],
            "area": 9787.0,
            "bbox": [
                1.84,
                126.29,
                222.15,
                76.78
            ],
            "iscrowd": 0,
            "attributes": {
                "occluded": false
            }
        }
    ]
}