{
    "info": {
        "contributor": "",
        "date_created": "",
        "description": "",
        "url": "",
        "version": "",
        "year": ""
    },
    "licenses": [
        {
            "name": "",
            "id": 0,
            "url": ""
        }
    ],
    "categories": [
        {
            "id": 1,
            "name": "Road",
            "supercategory": ""
        }
    ],
    "images": [
        {
            "id": 44,
            "width": 224,
            "height": 224,
            "file_name": "1611676839831271.png",
            "license": 0,
            "flickr_url": "",
            "coco_url": "",
            "date_captured": 0
        }
    ],
    "annotations": [
        {
            "id": 44,
            "image_id": 44,
            "category_id": 1,
            "segmentation": [
                [
                    15.99,
                    196.65,
                    39.2,
                    193.87,
                    86.5,
                    177.4,
                    169.06,
                    179.7,
                    184.8,
                    199.66,
                    224.0,
                    199.66,
                    224.0,
                    197.6,
                    186.42,
                    130.08,
                    127.32,
                    124.97
                ]
            ],
            "area": 7294.0,
            "bbox": [
                15.99,
                124.97,
                208.01,
                74.69
            ],
            "iscrowd": 0,
            "attributes": {
                "occluded": false
            }
        }
    ]
}