{
    "info": {
        "contributor": "",
        "date_created": "",
        "description": "",
        "url": "",
        "version": "",
        "year": ""
    },
    "licenses": [
        {
            "name": "",
            "id": 0,
            "url": ""
        }
    ],
    "categories": [
        {
            "id": 1,
            "name": "Road",
            "supercategory": ""
        }
    ],
    "images": [
        {
            "id": 37,
            "width": 224,
            "height": 224,
            "file_name": "1611676891131462.png",
            "license": 0,
            "flickr_url": "",
            "coco_url": "",
            "date_captured": 0
        }
    ],
    "annotations": [
        {
            "id": 37,
            "image_id": 37,
            "category_id": 1,
            "segmentation": [
                [
                    2.4,
                    146.67,
                    2.11,
                    196.72,
                    39.73,
                    191.71,
                    79.16,
                    174.24,
                    167.06,
                    175.82,
                    189.59,
                    199.63,
                    222.95,
                    203.33,
                    224.0,
                    165.19,
                    224.0,
                    145.19,
                    159.41,
                    123.13,
                    66.21,
                    119.4,
                    39.2,
                    127.87,
                    37.35,
                    140.58
                ]
            ],
            "area": 12430.0,
            "bbox": [
                2.11,
                119.4,
                221.89,
                83.93
            ],
            "iscrowd": 0,
            "attributes": {
                "occluded": false
            }
        }
    ]
}