{
    "info": {
        "contributor": "",
        "date_created": "",
        "description": "",
        "url": "",
        "version": "",
        "year": ""
    },
    "licenses": [
        {
            "name": "",
            "id": 0,
            "url": ""
        }
    ],
    "categories": [
        {
            "id": 1,
            "name": "Road",
            "supercategory": ""
        }
    ],
    "images": [
        {
            "id": 199,
            "width": 224,
            "height": 224,
            "file_name": "1611677446033419.png",
            "license": 0,
            "flickr_url": "",
            "coco_url": "",
            "date_captured": 0
        }
    ],
    "annotations": [
        {
            "id": 199,
            "image_id": 199,
            "category_id": 1,
            "segmentation": [
                [
                    33.64,
                    194.86,
                    79.71,
                    173.71,
                    163.38,
                    173.71,
                    186.65,
                    194.62,
                    221.34,
                    196.98,
                    156.47,
                    132.93,
                    94.8,
                    130.55
                ]
            ],
            "area": 5355.0,
            "bbox": [
                33.64,
                130.55,
                187.7,
                66.43
            ],
            "iscrowd": 0,
            "attributes": {
                "occluded": false
            }
        }
    ]
}