{
    "info": {
        "contributor": "",
        "date_created": "",
        "description": "",
        "url": "",
        "version": "",
        "year": ""
    },
    "licenses": [
        {
            "name": "",
            "id": 0,
            "url": ""
        }
    ],
    "categories": [
        {
            "id": 1,
            "name": "Road",
            "supercategory": ""
        }
    ],
    "images": [
        {
            "id": 11,
            "width": 224,
            "height": 224,
            "file_name": "1611676920531571.png",
            "license": 0,
            "flickr_url": "",
            "coco_url": "",
            "date_captured": 0
        }
    ],
    "annotations": [
        {
            "id": 11,
            "image_id": 11,
            "category_id": 1,
            "segmentation": [
                [
                    7.67,
                    197.8,
                    35.76,
                    198.6,
                    72.03,
                    175.27,
                    170.77,
                    174.24,
                    191.71,
                    200.71,
                    224.0,
                    205.04,
                    224.0,
                    179.22,
                    223.19,
                    159.67,
                    81.27,
                    123.64,
                    25.17,
                    122.6,
                    38.94,
                    145.88
                ]
            ],
            "area": 9406.0,
            "bbox": [
                7.67,
                122.6,
                216.33,
                82.44
            ],
            "iscrowd": 0,
            "attributes": {
                "occluded": false
            }
        }
    ]
}