{
    "info": {
        "contributor": "",
        "date_created": "",
        "description": "",
        "url": "",
        "version": "",
        "year": ""
    },
    "licenses": [
        {
            "name": "",
            "id": 0,
            "url": ""
        }
    ],
    "categories": [
        {
            "id": 1,
            "name": "Road",
            "supercategory": ""
        }
    ],
    "images": [
        {
            "id": 192,
            "width": 224,
            "height": 224,
            "file_name": "1611677420733331.png",
            "license": 0,
            "flickr_url": "",
            "coco_url": "",
            "date_captured": 0
        }
    ],
    "annotations": [
        {
            "id": 192,
            "image_id": 192,
            "category_id": 1,
            "segmentation": [
                [
                    16.96,
                    190.62,
                    41.05,
                    191.71,
                    79.98,
                    172.62,
                    159.14,
                    173.44,
                    190.89,
                    196.98,
                    215.51,
                    193.83,
                    137.67,
                    132.11,
                    70.68,
                    134.23
                ]
            ],
            "area": 5763.0,
            "bbox": [
                16.96,
                132.11,
                198.55,
                64.87
            ],
            "iscrowd": 0,
            "attributes": {
                "occluded": false
            }
        }
    ]
}