{
    "info": {
        "contributor": "",
        "date_created": "",
        "description": "",
        "url": "",
        "version": "",
        "year": ""
    },
    "licenses": [
        {
            "name": "",
            "id": 0,
            "url": ""
        }
    ],
    "categories": [
        {
            "id": 1,
            "name": "Road",
            "supercategory": ""
        }
    ],
    "images": [
        {
            "id": 108,
            "width": 224,
            "height": 224,
            "file_name": "1611677147232385.png",
            "license": 0,
            "flickr_url": "",
            "coco_url": "",
            "date_captured": 0
        }
    ],
    "annotations": [
        {
            "id": 108,
            "image_id": 108,
            "category_id": 1,
            "segmentation": [
                [
                    33.64,
                    197.8,
                    69.91,
                    175.82,
                    160.44,
                    173.71,
                    194.86,
                    199.92,
                    223.7,
                    197.2,
                    150.1,
                    131.1,
                    103.78,
                    131.85
                ]
            ],
            "area": 5045.0,
            "bbox": [
                33.64,
                131.1,
                190.06,
                68.82
            ],
            "iscrowd": 0,
            "attributes": {
                "occluded": false
            }
        }
    ]
}