{
    "info": {
        "contributor": "",
        "date_created": "",
        "description": "",
        "url": "",
        "version": "",
        "year": ""
    },
    "licenses": [
        {
            "name": "",
            "id": 0,
            "url": ""
        }
    ],
    "categories": [
        {
            "id": 1,
            "name": "Road",
            "supercategory": ""
        }
    ],
    "images": [
        {
            "id": 19,
            "width": 224,
            "height": 224,
            "file_name": "1611676929531604.png",
            "license": 0,
            "flickr_url": "",
            "coco_url": "",
            "date_captured": 0
        }
    ],
    "annotations": [
        {
            "id": 19,
            "image_id": 19,
            "category_id": 1,
            "segmentation": [
                [
                    1.58,
                    165.76,
                    1.84,
                    195.68,
                    36.26,
                    195.13,
                    71.5,
                    173.71,
                    166.03,
                    175.82,
                    189.3,
                    200.18,
                    224.0,
                    203.31,
                    224.0,
                    203.09,
                    146.14,
                    134.49,
                    147.23,
                    122.05,
                    90.3,
                    120.49
                ]
            ],
            "area": 8571.0,
            "bbox": [
                1.58,
                120.49,
                222.42,
                82.82
            ],
            "iscrowd": 0,
            "attributes": {
                "occluded": false
            }
        }
    ]
}