{
    "info": {
        "contributor": "",
        "date_created": "",
        "description": "",
        "url": "",
        "version": "",
        "year": ""
    },
    "licenses": [
        {
            "name": "",
            "id": 0,
            "url": ""
        }
    ],
    "categories": [
        {
            "id": 1,
            "name": "Road",
            "supercategory": ""
        }
    ],
    "images": [
        {
            "id": 134,
            "width": 224,
            "height": 224,
            "file_name": "1611677204932588.png",
            "license": 0,
            "flickr_url": "",
            "coco_url": "",
            "date_captured": 0
        }
    ],
    "annotations": [
        {
            "id": 134,
            "image_id": 134,
            "category_id": 1,
            "segmentation": [
                [
                    34.41,
                    196.98,
                    70.44,
                    173.97,
                    161.53,
                    172.89,
                    191.98,
                    199.1,
                    223.19,
                    199.1,
                    145.64,
                    132.11,
                    92.16,
                    130.81
                ]
            ],
            "area": 5008.0,
            "bbox": [
                34.41,
                130.81,
                188.78,
                68.29
            ],
            "iscrowd": 0,
            "attributes": {
                "occluded": false
            }
        }
    ]
}