{
    "info": {
        "contributor": "",
        "date_created": "",
        "description": "",
        "url": "",
        "version": "",
        "year": ""
    },
    "licenses": [
        {
            "name": "",
            "id": 0,
            "url": ""
        }
    ],
    "categories": [
        {
            "id": 1,
            "name": "Road",
            "supercategory": ""
        }
    ],
    "images": [
        {
            "id": 36,
            "width": 224,
            "height": 224,
            "file_name": "1611677023531945.png",
            "license": 0,
            "flickr_url": "",
            "coco_url": "",
            "date_captured": 0
        }
    ],
    "annotations": [
        {
            "id": 36,
            "image_id": 36,
            "category_id": 1,
            "segmentation": [
                [
                    20.38,
                    194.62,
                    43.17,
                    194.36,
                    76.0,
                    174.74,
                    162.56,
                    174.47,
                    188.53,
                    196.48,
                    224.0,
                    201.2,
                    148.79,
                    128.4,
                    96.66,
                    128.4
                ]
            ],
            "area": 6108.0,
            "bbox": [
                20.38,
                128.4,
                203.62,
                72.8
            ],
            "iscrowd": 0,
            "attributes": {
                "occluded": false
            }
        }
    ]
}