{
    "info": {
        "contributor": "",
        "date_created": "",
        "description": "",
        "url": "",
        "version": "",
        "year": ""
    },
    "licenses": [
        {
            "name": "",
            "id": 0,
            "url": ""
        }
    ],
    "categories": [
        {
            "id": 1,
            "name": "Road",
            "supercategory": ""
        }
    ],
    "images": [
        {
            "id": 30,
            "width": 224,
            "height": 224,
            "file_name": "1611676938931638.png",
            "license": 0,
            "flickr_url": "",
            "coco_url": "",
            "date_captured": 0
        }
    ],
    "annotations": [
        {
            "id": 30,
            "image_id": 30,
            "category_id": 1,
            "segmentation": [
                [
                    0.3,
                    184.5,
                    40.5,
                    194.86,
                    68.33,
                    177.94,
                    171.32,
                    177.12,
                    194.09,
                    202.81,
                    222.42,
                    203.6,
                    224.0,
                    156.15,
                    224.0,
                    147.54,
                    188.8,
                    120.8,
                    152.5,
                    121.52
                ]
            ],
            "area": 9048.0,
            "bbox": [
                0.3,
                120.8,
                223.7,
                82.8
            ],
            "iscrowd": 0,
            "attributes": {
                "occluded": false
            }
        }
    ]
}