{
    "info": {
        "contributor": "",
        "date_created": "",
        "description": "",
        "url": "",
        "version": "",
        "year": ""
    },
    "licenses": [
        {
            "name": "",
            "id": 0,
            "url": ""
        }
    ],
    "categories": [
        {
            "id": 1,
            "name": "Road",
            "supercategory": ""
        }
    ],
    "images": [
        {
            "id": 21,
            "width": 224,
            "height": 224,
            "file_name": "1611676931931613.png",
            "license": 0,
            "flickr_url": "",
            "coco_url": "",
            "date_captured": 0
        }
    ],
    "annotations": [
        {
            "id": 21,
            "image_id": 21,
            "category_id": 1,
            "segmentation": [
                [
                    2.11,
                    150.64,
                    3.19,
                    196.98,
                    40.23,
                    195.39,
                    75.18,
                    174.24,
                    167.62,
                    172.36,
                    194.86,
                    199.92,
                    224.0,
                    202.26,
                    224.0,
                    190.17,
                    221.6,
                    136.64,
                    164.68,
                    130.55,
                    153.58,
                    117.55,
                    73.62,
                    117.28,
                    52.94,
                    136.08
                ]
            ],
            "area": 12212.0,
            "bbox": [
                2.11,
                117.28,
                221.89,
                84.98
            ],
            "iscrowd": 0,
            "attributes": {
                "occluded": false
            }
        }
    ]
}