{
    "info": {
        "contributor": "",
        "date_created": "",
        "description": "",
        "url": "",
        "version": "",
        "year": ""
    },
    "licenses": [
        {
            "name": "",
            "id": 0,
            "url": ""
        }
    ],
    "categories": [
        {
            "id": 1,
            "name": "Road",
            "supercategory": ""
        }
    ],
    "images": [
        {
            "id": 8,
            "width": 224,
            "height": 224,
            "file_name": "1611676859531344.png",
            "license": 0,
            "flickr_url": "",
            "coco_url": "",
            "date_captured": 0
        }
    ],
    "annotations": [
        {
            "id": 8,
            "image_id": 8,
            "category_id": 1,
            "segmentation": [
                [
                    5.81,
                    181.91,
                    5.81,
                    198.83,
                    40.76,
                    196.48,
                    64.86,
                    175.82,
                    160.18,
                    173.71,
                    190.12,
                    199.1,
                    223.99,
                    200.45,
                    124.99,
                    128.14,
                    77.59,
                    128.4
                ]
            ],
            "area": 6936.0,
            "bbox": [
                5.81,
                128.14,
                218.18,
                72.31
            ],
            "iscrowd": 0,
            "attributes": {
                "occluded": false
            }
        }
    ]
}