{
    "info": {
        "contributor": "",
        "date_created": "",
        "description": "",
        "url": "",
        "version": "",
        "year": ""
    },
    "licenses": [
        {
            "name": "",
            "id": 0,
            "url": ""
        }
    ],
    "categories": [
        {
            "id": 1,
            "name": "Road",
            "supercategory": ""
        }
    ],
    "images": [
        {
            "id": 13,
            "width": 224,
            "height": 224,
            "file_name": "1611676922931580.png",
            "license": 0,
            "flickr_url": "",
            "coco_url": "",
            "date_captured": 0
        }
    ],
    "annotations": [
        {
            "id": 13,
            "image_id": 13,
            "category_id": 1,
            "segmentation": [
                [
                    0.81,
                    163.38,
                    2.11,
                    197.24,
                    40.5,
                    195.95,
                    65.41,
                    175.0,
                    155.17,
                    173.44,
                    189.04,
                    199.92,
                    222.69,
                    199.63,
                    107.22,
                    125.49,
                    56.38,
                    124.72
                ]
            ],
            "area": 7972.0,
            "bbox": [
                0.81,
                124.72,
                221.88,
                75.2
            ],
            "iscrowd": 0,
            "attributes": {
                "occluded": false
            }
        }
    ]
}