{
    "info": {
        "contributor": "",
        "date_created": "",
        "description": "",
        "url": "",
        "version": "",
        "year": ""
    },
    "licenses": [
        {
            "name": "",
            "id": 0,
            "url": ""
        }
    ],
    "categories": [
        {
            "id": 1,
            "name": "Road",
            "supercategory": ""
        }
    ],
    "images": [
        {
            "id": 46,
            "width": 224,
            "height": 224,
            "file_name": "1611676842331280.png",
            "license": 0,
            "flickr_url": "",
            "coco_url": "",
            "date_captured": 0
        }
    ],
    "annotations": [
        {
            "id": 46,
            "image_id": 46,
            "category_id": 1,
            "segmentation": [
                [
                    4.16,
                    196.65,
                    44.51,
                    198.25,
                    78.85,
                    177.15,
                    175.32,
                    179.23,
                    188.97,
                    198.04,
                    223.06,
                    200.34,
                    223.52,
                    165.11,
                    155.84,
                    129.61,
                    170.89,
                    121.5,
                    144.68,
                    118.25,
                    65.4,
                    136.13
                ]
            ],
            "area": 9550.0,
            "bbox": [
                4.16,
                118.25,
                219.36,
                82.09
            ],
            "iscrowd": 0,
            "attributes": {
                "occluded": false
            }
        }
    ]
}