{
    "info": {
        "contributor": "",
        "date_created": "",
        "description": "",
        "url": "",
        "version": "",
        "year": ""
    },
    "licenses": [
        {
            "name": "",
            "id": 0,
            "url": ""
        }
    ],
    "categories": [
        {
            "id": 1,
            "name": "Road",
            "supercategory": ""
        }
    ],
    "images": [
        {
            "id": 48,
            "width": 224,
            "height": 224,
            "file_name": "1611677039932003.png",
            "license": 0,
            "flickr_url": "",
            "coco_url": "",
            "date_captured": 0
        }
    ],
    "annotations": [
        {
            "id": 48,
            "image_id": 48,
            "category_id": 1,
            "segmentation": [
                [
                    11.6,
                    185.6,
                    42.35,
                    191.16,
                    72.54,
                    176.09,
                    159.41,
                    174.74,
                    192.51,
                    198.6,
                    222.16,
                    199.63,
                    145.11,
                    125.76,
                    91.33,
                    124.46
                ]
            ],
            "area": 7052.0,
            "bbox": [
                11.6,
                124.46,
                210.56,
                75.17
            ],
            "iscrowd": 0,
            "attributes": {
                "occluded": false
            }
        }
    ]
}