{
    "info": {
        "contributor": "",
        "date_created": "",
        "description": "",
        "url": "",
        "version": "",
        "year": ""
    },
    "licenses": [
        {
            "name": "",
            "id": 0,
            "url": ""
        }
    ],
    "categories": [
        {
            "id": 1,
            "name": "Road",
            "supercategory": ""
        }
    ],
    "images": [
        {
            "id": 4,
            "width": 224,
            "height": 224,
            "file_name": "1611676980431790.png",
            "license": 0,
            "flickr_url": "",
            "coco_url": "",
            "date_captured": 0
        }
    ],
    "annotations": [
        {
            "id": 4,
            "image_id": 4,
            "category_id": 1,
            "segmentation": [
                [
                    25.17,
                    197.25,
                    42.88,
                    195.68,
                    70.18,
                    177.94,
                    172.89,
                    173.97,
                    196.48,
                    200.18,
                    224.0,
                    203.27,
                    224.0,
                    158.32,
                    223.72,
                    135.31,
                    183.77,
                    126.58,
                    96.92,
                    127.61
                ]
            ],
            "area": 8661.0,
            "bbox": [
                25.17,
                126.58,
                198.83,
                76.69
            ],
            "iscrowd": 0,
            "attributes": {
                "occluded": false
            }
        }
    ]
}