{
    "info": {
        "contributor": "",
        "date_created": "",
        "description": "",
        "url": "",
        "version": "",
        "year": ""
    },
    "licenses": [
        {
            "name": "",
            "id": 0,
            "url": ""
        }
    ],
    "categories": [
        {
            "id": 1,
            "name": "Road",
            "supercategory": ""
        }
    ],
    "images": [
        {
            "id": 29,
            "width": 224,
            "height": 224,
            "file_name": "1611676938331636.png",
            "license": 0,
            "flickr_url": "",
            "coco_url": "",
            "date_captured": 0
        }
    ],
    "annotations": [
        {
            "id": 29,
            "image_id": 29,
            "category_id": 1,
            "segmentation": [
                [
                    54.27,
                    152.5,
                    32.02,
                    194.36,
                    47.14,
                    192.74,
                    83.39,
                    174.47,
                    165.76,
                    176.59,
                    194.62,
                    200.45,
                    223.19,
                    203.33,
                    223.46,
                    122.31,
                    178.98,
                    121.52
                ]
            ],
            "area": 8877.0,
            "bbox": [
                32.02,
                121.52,
                191.44,
                81.81
            ],
            "iscrowd": 0,
            "attributes": {
                "occluded": false
            }
        }
    ]
}