{
    "info": {
        "contributor": "",
        "date_created": "",
        "description": "",
        "url": "",
        "version": "",
        "year": ""
    },
    "licenses": [
        {
            "name": "",
            "id": 0,
            "url": ""
        }
    ],
    "categories": [
        {
            "id": 1,
            "name": "Road",
            "supercategory": ""
        }
    ],
    "images": [
        {
            "id": 43,
            "width": 224,
            "height": 224,
            "file_name": "1611677035631988.png",
            "license": 0,
            "flickr_url": "",
            "coco_url": "",
            "date_captured": 0
        }
    ],
    "annotations": [
        {
            "id": 43,
            "image_id": 43,
            "category_id": 1,
            "segmentation": [
                [
                    9.07,
                    196.0,
                    36.08,
                    196.27,
                    74.47,
                    177.47,
                    155.8,
                    171.9,
                    191.8,
                    198.4,
                    220.89,
                    199.97,
                    183.8,
                    131.1,
                    124.2,
                    124.5,
                    11.5,
                    149.9
                ]
            ],
            "area": 9475.0,
            "bbox": [
                9.07,
                124.5,
                211.82,
                75.47
            ],
            "iscrowd": 0,
            "attributes": {
                "occluded": false
            }
        }
    ]
}