{
    "info": {
        "contributor": "",
        "date_created": "",
        "description": "",
        "url": "",
        "version": "",
        "year": ""
    },
    "licenses": [
        {
            "name": "",
            "id": 0,
            "url": ""
        }
    ],
    "categories": [
        {
            "id": 1,
            "name": "Road",
            "supercategory": ""
        }
    ],
    "images": [
        {
            "id": 127,
            "width": 224,
            "height": 224,
            "file_name": "1611677184432517.png",
            "license": 0,
            "flickr_url": "",
            "coco_url": "",
            "date_captured": 0
        }
    ],
    "annotations": [
        {
            "id": 127,
            "image_id": 127,
            "category_id": 1,
            "segmentation": [
                [
                    29.67,
                    191.16,
                    47.94,
                    191.98,
                    78.39,
                    177.12,
                    164.68,
                    177.68,
                    192.74,
                    198.6,
                    223.72,
                    198.07,
                    161.3,
                    134.3,
                    101.4,
                    133.96
                ]
            ],
            "area": 5787.0,
            "bbox": [
                29.67,
                133.96,
                194.05,
                64.64
            ],
            "iscrowd": 0,
            "attributes": {
                "occluded": false
            }
        }
    ]
}