{
    "info": {
        "contributor": "",
        "date_created": "",
        "description": "",
        "url": "",
        "version": "",
        "year": ""
    },
    "licenses": [
        {
            "name": "",
            "id": 0,
            "url": ""
        }
    ],
    "categories": [
        {
            "id": 1,
            "name": "Road",
            "supercategory": ""
        }
    ],
    "images": [
        {
            "id": 55,
            "width": 224,
            "height": 224,
            "file_name": "1611676976331776.png",
            "license": 0,
            "flickr_url": "",
            "coco_url": "",
            "date_captured": 0
        }
    ],
    "annotations": [
        {
            "id": 55,
            "image_id": 55,
            "category_id": 1,
            "segmentation": [
                [
                    1.92,
                    196.0,
                    39.78,
                    195.74,
                    73.41,
                    174.82,
                    162.9,
                    173.23,
                    188.59,
                    201.3,
                    222.48,
                    203.41,
                    224.0,
                    165.36,
                    224.0,
                    163.66,
                    142.8,
                    121.6,
                    89.3,
                    122.7
                ]
            ],
            "area": 9128.0,
            "bbox": [
                1.92,
                121.6,
                222.08,
                81.81
            ],
            "iscrowd": 0,
            "attributes": {
                "occluded": false
            }
        }
    ]
}