{
    "info": {
        "contributor": "",
        "date_created": "",
        "description": "",
        "url": "",
        "version": "",
        "year": ""
    },
    "licenses": [
        {
            "name": "",
            "id": 0,
            "url": ""
        }
    ],
    "categories": [
        {
            "id": 1,
            "name": "Road",
            "supercategory": ""
        }
    ],
    "images": [
        {
            "id": 41,
            "width": 224,
            "height": 224,
            "file_name": "1611676946831668.png",
            "license": 0,
            "flickr_url": "",
            "coco_url": "",
            "date_captured": 0
        }
    ],
    "annotations": [
        {
            "id": 41,
            "image_id": 41,
            "category_id": 1,
            "segmentation": [
                [
                    27.29,
                    196.21,
                    42.09,
                    195.13,
                    74.15,
                    176.33,
                    162.82,
                    176.86,
                    189.04,
                    197.8,
                    224.0,
                    203.29,
                    224.0,
                    161.43,
                    136.64,
                    122.31,
                    105.37,
                    121.28
                ]
            ],
            "area": 7860.0,
            "bbox": [
                27.29,
                121.28,
                196.71,
                82.01
            ],
            "iscrowd": 0,
            "attributes": {
                "occluded": false
            }
        }
    ]
}