{
    "info": {
        "contributor": "",
        "date_created": "",
        "description": "",
        "url": "",
        "version": "",
        "year": ""
    },
    "licenses": [
        {
            "name": "",
            "id": 0,
            "url": ""
        }
    ],
    "categories": [
        {
            "id": 1,
            "name": "Road",
            "supercategory": ""
        }
    ],
    "images": [
        {
            "id": 7,
            "width": 224,
            "height": 224,
            "file_name": "1611676913931547.png",
            "license": 0,
            "flickr_url": "",
            "coco_url": "",
            "date_captured": 0
        }
    ],
    "annotations": [
        {
            "id": 7,
            "image_id": 7,
            "category_id": 1,
            "segmentation": [
                [
                    1.84,
                    197.25,
                    37.85,
                    195.68,
                    78.63,
                    174.47,
                    172.36,
                    175.82,
                    193.01,
                    202.57,
                    223.46,
                    206.01,
                    223.46,
                    180.83,
                    154.62,
                    125.25,
                    104.34,
                    124.72,
                    1.58,
                    175.27
                ]
            ],
            "area": 8963.0,
            "bbox": [
                1.58,
                124.72,
                221.88,
                81.29
            ],
            "iscrowd": 0,
            "attributes": {
                "occluded": false
            }
        }
    ]
}