{
    "info": {
        "contributor": "",
        "date_created": "",
        "description": "",
        "url": "",
        "version": "",
        "year": ""
    },
    "licenses": [
        {
            "name": "",
            "id": 0,
            "url": ""
        }
    ],
    "categories": [
        {
            "id": 1,
            "name": "Road",
            "supercategory": ""
        }
    ],
    "images": [
        {
            "id": 79,
            "width": 224,
            "height": 224,
            "file_name": "1611677087932174.png",
            "license": 0,
            "flickr_url": "",
            "coco_url": "",
            "date_captured": 0
        }
    ],
    "annotations": [
        {
            "id": 79,
            "image_id": 79,
            "category_id": 1,
            "segmentation": [
                [
                    35.81,
                    195.21,
                    71.56,
                    175.88,
                    157.61,
                    176.94,
                    191.5,
                    199.71,
                    223.8,
                    202.88,
                    145.69,
                    131.4,
                    98.03,
                    130.87
                ]
            ],
            "area": 5271.0,
            "bbox": [
                35.81,
                130.87,
                187.99,
                72.01
            ],
            "iscrowd": 0,
            "attributes": {
                "occluded": false
            }
        }
    ]
}