{
    "info": {
        "contributor": "",
        "date_created": "",
        "description": "",
        "url": "",
        "version": "",
        "year": ""
    },
    "licenses": [
        {
            "name": "",
            "id": 0,
            "url": ""
        }
    ],
    "categories": [
        {
            "id": 1,
            "name": "Road",
            "supercategory": ""
        }
    ],
    "images": [
        {
            "id": 27,
            "width": 224,
            "height": 224,
            "file_name": "1611676881531427.png",
            "license": 0,
            "flickr_url": "",
            "coco_url": "",
            "date_captured": 0
        }
    ],
    "annotations": [
        {
            "id": 27,
            "image_id": 27,
            "category_id": 1,
            "segmentation": [
                [
                    1.66,
                    179.05,
                    1.92,
                    195.74,
                    42.17,
                    192.56,
                    86.91,
                    173.49,
                    177.47,
                    180.11,
                    189.65,
                    199.44,
                    222.48,
                    202.36,
                    223.27,
                    162.9,
                    178.26,
                    125.31,
                    143.31,
                    123.45,
                    62.55,
                    166.88
                ]
            ],
            "area": 8032.0,
            "bbox": [
                1.66,
                123.45,
                221.61,
                78.91
            ],
            "iscrowd": 0,
            "attributes": {
                "occluded": false
            }
        }
    ]
}