{
    "info": {
        "contributor": "",
        "date_created": "",
        "description": "",
        "url": "",
        "version": "",
        "year": ""
    },
    "licenses": [
        {
            "name": "",
            "id": 0,
            "url": ""
        }
    ],
    "categories": [
        {
            "id": 1,
            "name": "Road",
            "supercategory": ""
        }
    ],
    "images": [
        {
            "id": 111,
            "width": 224,
            "height": 224,
            "file_name": "1611677159232428.png",
            "license": 0,
            "flickr_url": "",
            "coco_url": "",
            "date_captured": 0
        }
    ],
    "annotations": [
        {
            "id": 111,
            "image_id": 111,
            "category_id": 1,
            "segmentation": [
                [
                    6.7,
                    190.2,
                    38.72,
                    194.41,
                    72.35,
                    174.82,
                    166.08,
                    176.41,
                    190.18,
                    198.38,
                    223.8,
                    197.1,
                    147.81,
                    126.89,
                    97.24,
                    127.69
                ]
            ],
            "area": 6871.0,
            "bbox": [
                6.7,
                126.89,
                217.1,
                71.49
            ],
            "iscrowd": 0,
            "attributes": {
                "occluded": false
            }
        }
    ]
}