{
    "info": {
        "contributor": "",
        "date_created": "",
        "description": "",
        "url": "",
        "version": "",
        "year": ""
    },
    "licenses": [
        {
            "name": "",
            "id": 0,
            "url": ""
        }
    ],
    "categories": [
        {
            "id": 1,
            "name": "Road",
            "supercategory": ""
        }
    ],
    "images": [
        {
            "id": 34,
            "width": 224,
            "height": 224,
            "file_name": "1611676888031451.png",
            "license": 0,
            "flickr_url": "",
            "coco_url": "",
            "date_captured": 0
        }
    ],
    "annotations": [
        {
            "id": 34,
            "image_id": 34,
            "category_id": 1,
            "segmentation": [
                [
                    1.31,
                    127.37,
                    2.93,
                    195.95,
                    42.09,
                    193.54,
                    66.71,
                    176.59,
                    168.38,
                    178.98,
                    191.71,
                    200.71,
                    222.42,
                    203.6,
                    222.69,
                    136.9,
                    135.58,
                    115.19,
                    73.33,
                    113.58,
                    64.33,
                    118.63,
                    23.82,
                    119.93
                ]
            ],
            "area": 14431.0,
            "bbox": [
                1.31,
                113.58,
                221.38,
                90.02
            ],
            "iscrowd": 0,
            "attributes": {
                "occluded": false
            }
        }
    ]
}