{
    "info": {
        "contributor": "",
        "date_created": "",
        "description": "",
        "url": "",
        "version": "",
        "year": ""
    },
    "licenses": [
        {
            "name": "",
            "id": 0,
            "url": ""
        }
    ],
    "categories": [
        {
            "id": 1,
            "name": "Road",
            "supercategory": ""
        }
    ],
    "images": [
        {
            "id": 26,
            "width": 224,
            "height": 224,
            "file_name": "1611676937631634.png",
            "license": 0,
            "flickr_url": "",
            "coco_url": "",
            "date_captured": 0
        }
    ],
    "annotations": [
        {
            "id": 26,
            "image_id": 26,
            "category_id": 1,
            "segmentation": [
                [
                    104.07,
                    135.31,
                    24.64,
                    190.63,
                    40.23,
                    193.27,
                    83.66,
                    174.24,
                    180.83,
                    182.44,
                    193.54,
                    199.1,
                    223.46,
                    204.16,
                    224.0,
                    163.54,
                    224.0,
                    122.8,
                    202.81,
                    119.93
                ]
            ],
            "area": 8739.0,
            "bbox": [
                24.64,
                119.93,
                199.36,
                84.23
            ],
            "iscrowd": 0,
            "attributes": {
                "occluded": false
            }
        }
    ]
}