{
    "info": {
        "contributor": "",
        "date_created": "",
        "description": "",
        "url": "",
        "version": "",
        "year": ""
    },
    "licenses": [
        {
            "name": "",
            "id": 0,
            "url": ""
        }
    ],
    "categories": [
        {
            "id": 1,
            "name": "Road",
            "supercategory": ""
        }
    ],
    "images": [
        {
            "id": 198,
            "width": 224,
            "height": 224,
            "file_name": "1611677437033388.png",
            "license": 0,
            "flickr_url": "",
            "coco_url": "",
            "date_captured": 0
        }
    ],
    "annotations": [
        {
            "id": 198,
            "image_id": 198,
            "category_id": 1,
            "segmentation": [
                [
                    39.46,
                    189.59,
                    79.71,
                    175.27,
                    160.71,
                    173.44,
                    187.45,
                    195.95,
                    224.0,
                    196.7,
                    224.0,
                    196.03,
                    145.38,
                    129.73,
                    91.89,
                    129.99
                ]
            ],
            "area": 5454.0,
            "bbox": [
                39.46,
                129.73,
                184.54,
                66.97
            ],
            "iscrowd": 0,
            "attributes": {
                "occluded": false
            }
        }
    ]
}