{
    "info": {
        "contributor": "",
        "date_created": "",
        "description": "",
        "url": "",
        "version": "",
        "year": ""
    },
    "licenses": [
        {
            "name": "",
            "id": 0,
            "url": ""
        }
    ],
    "categories": [
        {
            "id": 1,
            "name": "Road",
            "supercategory": ""
        }
    ],
    "images": [
        {
            "id": 148,
            "width": 224,
            "height": 224,
            "file_name": "1611677227032665.png",
            "license": 0,
            "flickr_url": "",
            "coco_url": "",
            "date_captured": 0
        }
    ],
    "annotations": [
        {
            "id": 148,
            "image_id": 148,
            "category_id": 1,
            "segmentation": [
                [
                    32.9,
                    197.32,
                    76.59,
                    175.88,
                    166.61,
                    175.61,
                    190.97,
                    197.59,
                    224.0,
                    198.62,
                    224.0,
                    197.78,
                    158.14,
                    131.66,
                    104.65,
                    131.4
                ]
            ],
            "area": 5420.0,
            "bbox": [
                32.9,
                131.4,
                191.1,
                67.22
            ],
            "iscrowd": 0,
            "attributes": {
                "occluded": false
            }
        }
    ]
}