{
    "info": {
        "contributor": "",
        "date_created": "",
        "description": "",
        "url": "",
        "version": "",
        "year": ""
    },
    "licenses": [
        {
            "name": "",
            "id": 0,
            "url": ""
        }
    ],
    "categories": [
        {
            "id": 1,
            "name": "Road",
            "supercategory": ""
        }
    ],
    "images": [
        {
            "id": 28,
            "width": 224,
            "height": 224,
            "file_name": "1611677015131915.png",
            "license": 0,
            "flickr_url": "",
            "coco_url": "",
            "date_captured": 0
        }
    ],
    "annotations": [
        {
            "id": 28,
            "image_id": 28,
            "category_id": 1,
            "segmentation": [
                [
                    32.03,
                    191.98,
                    64.09,
                    176.33,
                    169.47,
                    175.0,
                    189.3,
                    201.22,
                    222.69,
                    204.92,
                    144.6,
                    129.8,
                    101.7,
                    129.5
                ]
            ],
            "area": 5079.0,
            "bbox": [
                32.03,
                129.5,
                190.66,
                75.42
            ],
            "iscrowd": 0,
            "attributes": {
                "occluded": false
            }
        }
    ]
}