{
    "info": {
        "contributor": "",
        "date_created": "",
        "description": "",
        "url": "",
        "version": "",
        "year": ""
    },
    "licenses": [
        {
            "name": "",
            "id": 0,
            "url": ""
        }
    ],
    "categories": [
        {
            "id": 1,
            "name": "Road",
            "supercategory": ""
        }
    ],
    "images": [
        {
            "id": 2,
            "width": 224,
            "height": 224,
            "file_name": "1611676979831788.png",
            "license": 0,
            "flickr_url": "",
            "coco_url": "",
            "date_captured": 0
        }
    ],
    "annotations": [
        {
            "id": 2,
            "image_id": 2,
            "category_id": 1,
            "segmentation": [
                [
                    92.5,
                    130.6,
                    27.6,
                    188.85,
                    51.43,
                    188.85,
                    75.53,
                    176.67,
                    171.38,
                    176.94,
                    191.76,
                    200.24,
                    223.27,
                    204.21,
                    201.3,
                    130.3
                ]
            ],
            "area": 7854.0,
            "bbox": [
                27.6,
                130.3,
                195.67,
                73.91
            ],
            "iscrowd": 0,
            "attributes": {
                "occluded": false
            }
        }
    ]
}