{
    "info": {
        "contributor": "",
        "date_created": "",
        "description": "",
        "url": "",
        "version": "",
        "year": ""
    },
    "licenses": [
        {
            "name": "",
            "id": 0,
            "url": ""
        }
    ],
    "categories": [
        {
            "id": 1,
            "name": "Road",
            "supercategory": ""
        }
    ],
    "images": [
        {
            "id": 32,
            "width": 224,
            "height": 224,
            "file_name": "1611676823131209.png",
            "license": 0,
            "flickr_url": "",
            "coco_url": "",
            "date_captured": 0
        }
    ],
    "annotations": [
        {
            "id": 32,
            "image_id": 32,
            "category_id": 1,
            "segmentation": [
                [
                    2.77,
                    191.52,
                    45.92,
                    192.68,
                    78.13,
                    177.15,
                    166.25,
                    181.79,
                    186.89,
                    200.34,
                    222.85,
                    204.77,
                    223.78,
                    176.94,
                    167.41,
                    133.32,
                    184.59,
                    124.77,
                    164.65,
                    119.87,
                    114.31,
                    127.78,
                    19.95,
                    160.22
                ]
            ],
            "area": 9658.0,
            "bbox": [
                2.77,
                119.87,
                221.01,
                84.9
            ],
            "iscrowd": 0,
            "attributes": {
                "occluded": false
            }
        }
    ]
}