{
    "info": {
        "contributor": "",
        "date_created": "",
        "description": "",
        "url": "",
        "version": "",
        "year": ""
    },
    "licenses": [
        {
            "name": "",
            "id": 0,
            "url": ""
        }
    ],
    "categories": [
        {
            "id": 1,
            "name": "Road",
            "supercategory": ""
        }
    ],
    "images": [
        {
            "id": 144,
            "width": 224,
            "height": 224,
            "file_name": "1611677217432632.png",
            "license": 0,
            "flickr_url": "",
            "coco_url": "",
            "date_captured": 0
        }
    ],
    "annotations": [
        {
            "id": 144,
            "image_id": 144,
            "category_id": 1,
            "segmentation": [
                [
                    29.67,
                    195.95,
                    78.63,
                    175.82,
                    159.67,
                    176.09,
                    190.63,
                    195.13,
                    224.0,
                    197.76,
                    224.0,
                    197.31,
                    151.5,
                    130.8,
                    101.4,
                    129.5
                ]
            ],
            "area": 5585.0,
            "bbox": [
                29.67,
                129.5,
                194.33,
                68.26
            ],
            "iscrowd": 0,
            "attributes": {
                "occluded": false
            }
        }
    ]
}