{
    "info": {
        "contributor": "",
        "date_created": "",
        "description": "",
        "url": "",
        "version": "",
        "year": ""
    },
    "licenses": [
        {
            "name": "",
            "id": 0,
            "url": ""
        }
    ],
    "categories": [
        {
            "id": 1,
            "name": "Road",
            "supercategory": ""
        }
    ],
    "images": [
        {
            "id": 193,
            "width": 224,
            "height": 224,
            "file_name": "1611677423833342.png",
            "license": 0,
            "flickr_url": "",
            "coco_url": "",
            "date_captured": 0
        }
    ],
    "annotations": [
        {
            "id": 193,
            "image_id": 193,
            "category_id": 1,
            "segmentation": [
                [
                    10.87,
                    192.24,
                    39.47,
                    192.24,
                    76.77,
                    172.89,
                    163.64,
                    176.09,
                    193.54,
                    199.1,
                    221.6,
                    199.92,
                    149.3,
                    134.8,
                    81.3,
                    135.6
                ]
            ],
            "area": 5833.0,
            "bbox": [
                10.87,
                134.8,
                210.73,
                65.12
            ],
            "iscrowd": 0,
            "attributes": {
                "occluded": false
            }
        }
    ]
}