{
    "info": {
        "contributor": "",
        "date_created": "",
        "description": "",
        "url": "",
        "version": "",
        "year": ""
    },
    "licenses": [
        {
            "name": "",
            "id": 0,
            "url": ""
        }
    ],
    "categories": [
        {
            "id": 1,
            "name": "Road",
            "supercategory": ""
        }
    ],
    "images": [
        {
            "id": 34,
            "width": 224,
            "height": 224,
            "file_name": "1611677021831939.png",
            "license": 0,
            "flickr_url": "",
            "coco_url": "",
            "date_captured": 0
        }
    ],
    "annotations": [
        {
            "id": 34,
            "image_id": 34,
            "category_id": 1,
            "segmentation": [
                [
                    15.3,
                    193.5,
                    74.92,
                    174.47,
                    176.33,
                    177.94,
                    196.72,
                    199.36,
                    223.46,
                    202.81,
                    149.0,
                    128.1,
                    95.8,
                    128.4
                ]
            ],
            "area": 5954.0,
            "bbox": [
                15.3,
                128.1,
                208.16,
                74.71
            ],
            "iscrowd": 0,
            "attributes": {
                "occluded": false
            }
        }
    ]
}