{
    "info": {
        "contributor": "",
        "date_created": "",
        "description": "",
        "url": "",
        "version": "",
        "year": ""
    },
    "licenses": [
        {
            "name": "",
            "id": 0,
            "url": ""
        }
    ],
    "categories": [
        {
            "id": 1,
            "name": "Road",
            "supercategory": ""
        }
    ],
    "images": [
        {
            "id": 124,
            "width": 224,
            "height": 224,
            "file_name": "1611677180232502.png",
            "license": 0,
            "flickr_url": "",
            "coco_url": "",
            "date_captured": 0
        }
    ],
    "annotations": [
        {
            "id": 124,
            "image_id": 124,
            "category_id": 1,
            "segmentation": [
                [
                    34.67,
                    195.95,
                    78.63,
                    174.47,
                    166.03,
                    175.27,
                    192.74,
                    199.1,
                    224.0,
                    198.8,
                    145.1,
                    129.2,
                    96.92,
                    128.14
                ]
            ],
            "area": 5427.0,
            "bbox": [
                34.67,
                128.14,
                189.33,
                70.96
            ],
            "iscrowd": 0,
            "attributes": {
                "occluded": false
            }
        }
    ]
}