{
    "info": {
        "contributor": "",
        "date_created": "",
        "description": "",
        "url": "",
        "version": "",
        "year": ""
    },
    "licenses": [
        {
            "name": "",
            "id": 0,
            "url": ""
        }
    ],
    "categories": [
        {
            "id": 1,
            "name": "Road",
            "supercategory": ""
        }
    ],
    "images": [
        {
            "id": 12,
            "width": 224,
            "height": 224,
            "file_name": "1611676813231172.png",
            "license": 0,
            "flickr_url": "",
            "coco_url": "",
            "date_captured": 0
        }
    ],
    "annotations": [
        {
            "id": 12,
            "image_id": 12,
            "category_id": 1,
            "segmentation": [
                [
                    25.43,
                    187.74,
                    45.03,
                    191.98,
                    82.36,
                    177.41,
                    147.49,
                    177.68,
                    176.09,
                    195.13,
                    218.72,
                    189.04,
                    146.96,
                    134.23,
                    87.36,
                    133.96
                ]
            ],
            "area": 6160.0,
            "bbox": [
                25.43,
                133.96,
                193.29,
                61.17
            ],
            "iscrowd": 0,
            "attributes": {
                "occluded": false
            }
        }
    ]
}