{
    "info": {
        "contributor": "",
        "date_created": "",
        "description": "",
        "url": "",
        "version": "",
        "year": ""
    },
    "licenses": [
        {
            "name": "",
            "id": 0,
            "url": ""
        }
    ],
    "categories": [
        {
            "id": 1,
            "name": "Road",
            "supercategory": ""
        }
    ],
    "images": [
        {
            "id": 53,
            "width": 224,
            "height": 224,
            "file_name": "1611676974431769.png",
            "license": 0,
            "flickr_url": "",
            "coco_url": "",
            "date_captured": 0
        }
    ],
    "annotations": [
        {
            "id": 53,
            "image_id": 53,
            "category_id": 1,
            "segmentation": [
                [
                    1.84,
                    194.62,
                    37.08,
                    195.68,
                    63.0,
                    175.56,
                    162.56,
                    177.94,
                    194.62,
                    200.71,
                    223.72,
                    203.07,
                    224.0,
                    190.22,
                    224.0,
                    140.29,
                    153.3,
                    123.1,
                    118.3,
                    124.2,
                    87.4,
                    125.5
                ]
            ],
            "area": 10106.0,
            "bbox": [
                1.84,
                123.1,
                222.16,
                79.97
            ],
            "iscrowd": 0,
            "attributes": {
                "occluded": false
            }
        }
    ]
}