{
    "info": {
        "contributor": "",
        "date_created": "",
        "description": "",
        "url": "",
        "version": "",
        "year": ""
    },
    "licenses": [
        {
            "name": "",
            "id": 0,
            "url": ""
        }
    ],
    "categories": [
        {
            "id": 1,
            "name": "Road",
            "supercategory": ""
        }
    ],
    "images": [
        {
            "id": 28,
            "width": 224,
            "height": 224,
            "file_name": "1611676882731431.png",
            "license": 0,
            "flickr_url": "",
            "coco_url": "",
            "date_captured": 0
        }
    ],
    "annotations": [
        {
            "id": 28,
            "image_id": 28,
            "category_id": 1,
            "segmentation": [
                [
                    13.49,
                    194.36,
                    41.58,
                    195.95,
                    76.27,
                    176.33,
                    169.73,
                    178.71,
                    190.12,
                    199.92,
                    224.0,
                    202.51,
                    224.0,
                    193.43,
                    223.19,
                    184.3,
                    144.85,
                    129.73,
                    99.54,
                    127.11
                ]
            ],
            "area": 7114.0,
            "bbox": [
                13.49,
                127.11,
                210.51,
                75.4
            ],
            "iscrowd": 0,
            "attributes": {
                "occluded": false
            }
        }
    ]
}