{
    "info": {
        "contributor": "",
        "date_created": "",
        "description": "",
        "url": "",
        "version": "",
        "year": ""
    },
    "licenses": [
        {
            "name": "",
            "id": 0,
            "url": ""
        }
    ],
    "categories": [
        {
            "id": 1,
            "name": "Road",
            "supercategory": ""
        }
    ],
    "images": [
        {
            "id": 31,
            "width": 224,
            "height": 224,
            "file_name": "1611676939131640.png",
            "license": 0,
            "flickr_url": "",
            "coco_url": "",
            "date_captured": 0
        }
    ],
    "annotations": [
        {
            "id": 31,
            "image_id": 31,
            "category_id": 1,
            "segmentation": [
                [
                    1.84,
                    187.74,
                    42.35,
                    191.42,
                    78.39,
                    177.94,
                    172.36,
                    176.09,
                    194.62,
                    200.45,
                    224.0,
                    203.0,
                    224.0,
                    148.69,
                    181.36,
                    118.08,
                    150.64,
                    120.49
                ]
            ],
            "area": 8821.0,
            "bbox": [
                1.84,
                118.08,
                222.16,
                84.92
            ],
            "iscrowd": 0,
            "attributes": {
                "occluded": false
            }
        }
    ]
}