{
    "info": {
        "contributor": "",
        "date_created": "",
        "description": "",
        "url": "",
        "version": "",
        "year": ""
    },
    "licenses": [
        {
            "name": "",
            "id": 0,
            "url": ""
        }
    ],
    "categories": [
        {
            "id": 1,
            "name": "Road",
            "supercategory": ""
        }
    ],
    "images": [
        {
            "id": 56,
            "width": 224,
            "height": 224,
            "file_name": "1611677050632042.png",
            "license": 0,
            "flickr_url": "",
            "coco_url": "",
            "date_captured": 0
        }
    ],
    "annotations": [
        {
            "id": 56,
            "image_id": 56,
            "category_id": 1,
            "segmentation": [
                [
                    36.1,
                    197.9,
                    72.09,
                    175.35,
                    166.08,
                    174.82,
                    185.67,
                    198.12,
                    223.8,
                    203.41,
                    147.8,
                    129.7,
                    100.4,
                    129.3
                ]
            ],
            "area": 5150.0,
            "bbox": [
                36.1,
                129.3,
                187.7,
                74.11
            ],
            "iscrowd": 0,
            "attributes": {
                "occluded": false
            }
        }
    ]
}