{
    "info": {
        "contributor": "",
        "date_created": "",
        "description": "",
        "url": "",
        "version": "",
        "year": ""
    },
    "licenses": [
        {
            "name": "",
            "id": 0,
            "url": ""
        }
    ],
    "categories": [
        {
            "id": 1,
            "name": "Road",
            "supercategory": ""
        }
    ],
    "images": [
        {
            "id": 147,
            "width": 224,
            "height": 224,
            "file_name": "1611677221732647.png",
            "license": 0,
            "flickr_url": "",
            "coco_url": "",
            "date_captured": 0
        }
    ],
    "annotations": [
        {
            "id": 147,
            "image_id": 147,
            "category_id": 1,
            "segmentation": [
                [
                    32.85,
                    195.39,
                    79.71,
                    172.36,
                    164.41,
                    176.09,
                    189.3,
                    196.72,
                    224.0,
                    198.32,
                    224.0,
                    198.06,
                    153.32,
                    130.55,
                    102.48,
                    129.99
                ]
            ],
            "area": 5321.0,
            "bbox": [
                32.85,
                129.99,
                191.15,
                68.33
            ],
            "iscrowd": 0,
            "attributes": {
                "occluded": false
            }
        }
    ]
}