{
    "info": {
        "contributor": "",
        "date_created": "",
        "description": "",
        "url": "",
        "version": "",
        "year": ""
    },
    "licenses": [
        {
            "name": "",
            "id": 0,
            "url": ""
        }
    ],
    "categories": [
        {
            "id": 1,
            "name": "Road",
            "supercategory": ""
        }
    ],
    "images": [
        {
            "id": 173,
            "width": 224,
            "height": 224,
            "file_name": "1611677335733038.png",
            "license": 0,
            "flickr_url": "",
            "coco_url": "",
            "date_captured": 0
        }
    ],
    "annotations": [
        {
            "id": 173,
            "image_id": 173,
            "category_id": 1,
            "segmentation": [
                [
                    14.02,
                    189.86,
                    40.76,
                    190.89,
                    73.33,
                    174.74,
                    164.94,
                    176.86,
                    192.24,
                    196.98,
                    222.69,
                    197.8,
                    170.5,
                    132.93,
                    97.69,
                    128.69
                ]
            ],
            "area": 6796.0,
            "bbox": [
                14.02,
                128.69,
                208.67,
                69.11
            ],
            "iscrowd": 0,
            "attributes": {
                "occluded": false
            }
        }
    ]
}