{
    "info": {
        "contributor": "",
        "date_created": "",
        "description": "",
        "url": "",
        "version": "",
        "year": ""
    },
    "licenses": [
        {
            "name": "",
            "id": 0,
            "url": ""
        }
    ],
    "categories": [
        {
            "id": 1,
            "name": "Road",
            "supercategory": ""
        }
    ],
    "images": [
        {
            "id": 149,
            "width": 224,
            "height": 224,
            "file_name": "1611677237232700.png",
            "license": 0,
            "flickr_url": "",
            "coco_url": "",
            "date_captured": 0
        }
    ],
    "annotations": [
        {
            "id": 149,
            "image_id": 149,
            "category_id": 1,
            "segmentation": [
                [
                    37.35,
                    193.54,
                    79.71,
                    175.56,
                    157.29,
                    176.09,
                    187.45,
                    195.39,
                    223.72,
                    196.72,
                    151.73,
                    130.26,
                    102.48,
                    129.73
                ]
            ],
            "area": 5502.0,
            "bbox": [
                37.35,
                129.73,
                186.37,
                66.99
            ],
            "iscrowd": 0,
            "attributes": {
                "occluded": false
            }
        }
    ]
}