{
    "info": {
        "contributor": "",
        "date_created": "",
        "description": "",
        "url": "",
        "version": "",
        "year": ""
    },
    "licenses": [
        {
            "name": "",
            "id": 0,
            "url": ""
        }
    ],
    "categories": [
        {
            "id": 1,
            "name": "Road",
            "supercategory": ""
        }
    ],
    "images": [
        {
            "id": 46,
            "width": 224,
            "height": 224,
            "file_name": "1611677037331994.png",
            "license": 0,
            "flickr_url": "",
            "coco_url": "",
            "date_captured": 0
        }
    ],
    "annotations": [
        {
            "id": 46,
            "image_id": 46,
            "category_id": 1,
            "segmentation": [
                [
                    40.5,
                    128.4,
                    22.23,
                    196.98,
                    45.82,
                    194.36,
                    69.65,
                    176.86,
                    168.91,
                    176.09,
                    190.89,
                    198.6,
                    212.1,
                    202.81,
                    146.2,
                    123.7
                ]
            ],
            "area": 7867.0,
            "bbox": [
                22.23,
                123.7,
                189.87,
                79.11
            ],
            "iscrowd": 0,
            "attributes": {
                "occluded": false
            }
        }
    ]
}