{
    "info": {
        "contributor": "",
        "date_created": "",
        "description": "",
        "url": "",
        "version": "",
        "year": ""
    },
    "licenses": [
        {
            "name": "",
            "id": 0,
            "url": ""
        }
    ],
    "categories": [
        {
            "id": 1,
            "name": "Road",
            "supercategory": ""
        }
    ],
    "images": [
        {
            "id": 62,
            "width": 224,
            "height": 224,
            "file_name": "1611677059132072.png",
            "license": 0,
            "flickr_url": "",
            "coco_url": "",
            "date_captured": 0
        }
    ],
    "annotations": [
        {
            "id": 62,
            "image_id": 62,
            "category_id": 1,
            "segmentation": [
                [
                    39.25,
                    191.76,
                    74.73,
                    172.44,
                    161.84,
                    174.55,
                    186.2,
                    196.27,
                    210.03,
                    199.44,
                    128.7,
                    130.9,
                    83.74,
                    130.07
                ]
            ],
            "area": 4353.0,
            "bbox": [
                39.25,
                130.07,
                170.78,
                69.37
            ],
            "iscrowd": 0,
            "attributes": {
                "occluded": false
            }
        }
    ]
}