{
    "info": {
        "contributor": "",
        "date_created": "",
        "description": "",
        "url": "",
        "version": "",
        "year": ""
    },
    "licenses": [
        {
            "name": "",
            "id": 0,
            "url": ""
        }
    ],
    "categories": [
        {
            "id": 1,
            "name": "Road",
            "supercategory": ""
        }
    ],
    "images": [
        {
            "id": 48,
            "width": 224,
            "height": 224,
            "file_name": "1611676963031728.png",
            "license": 0,
            "flickr_url": "",
            "coco_url": "",
            "date_captured": 0
        }
    ],
    "annotations": [
        {
            "id": 48,
            "image_id": 48,
            "category_id": 1,
            "segmentation": [
                [
                    7.67,
                    191.98,
                    45.03,
                    192.74,
                    79.42,
                    176.09,
                    164.68,
                    175.27,
                    189.04,
                    198.33,
                    223.19,
                    200.95,
                    223.72,
                    152.23,
                    132.7,
                    119.4,
                    96.6,
                    120.5
                ]
            ],
            "area": 9392.0,
            "bbox": [
                7.67,
                119.4,
                216.05,
                81.55
            ],
            "iscrowd": 0,
            "attributes": {
                "occluded": false
            }
        }
    ]
}