{
    "info": {
        "contributor": "",
        "date_created": "",
        "description": "",
        "url": "",
        "version": "",
        "year": ""
    },
    "licenses": [
        {
            "name": "",
            "id": 0,
            "url": ""
        }
    ],
    "categories": [
        {
            "id": 1,
            "name": "Road",
            "supercategory": ""
        }
    ],
    "images": [
        {
            "id": 83,
            "width": 224,
            "height": 224,
            "file_name": "1611677098632212.png",
            "license": 0,
            "flickr_url": "",
            "coco_url": "",
            "date_captured": 0
        }
    ],
    "annotations": [
        {
            "id": 83,
            "image_id": 83,
            "category_id": 1,
            "segmentation": [
                [
                    25.43,
                    189.59,
                    44.73,
                    190.89,
                    72.03,
                    176.09,
                    163.64,
                    177.68,
                    192.74,
                    196.48,
                    220.31,
                    201.75,
                    160.44,
                    134.78,
                    98.25,
                    133.2
                ]
            ],
            "area": 5648.0,
            "bbox": [
                25.43,
                133.2,
                194.88,
                68.55
            ],
            "iscrowd": 0,
            "attributes": {
                "occluded": false
            }
        }
    ]
}