{
    "info": {
        "contributor": "",
        "date_created": "",
        "description": "",
        "url": "",
        "version": "",
        "year": ""
    },
    "licenses": [
        {
            "name": "",
            "id": 0,
            "url": ""
        }
    ],
    "categories": [
        {
            "id": 1,
            "name": "Road",
            "supercategory": ""
        }
    ],
    "images": [
        {
            "id": 137,
            "width": 224,
            "height": 224,
            "file_name": "1611677209032603.png",
            "license": 0,
            "flickr_url": "",
            "coco_url": "",
            "date_captured": 0
        }
    ],
    "annotations": [
        {
            "id": 137,
            "image_id": 137,
            "category_id": 1,
            "segmentation": [
                [
                    36.26,
                    195.39,
                    79.16,
                    174.74,
                    164.94,
                    175.0,
                    191.98,
                    196.72,
                    224.0,
                    197.78,
                    224.0,
                    197.19,
                    161.79,
                    127.11,
                    98.51,
                    127.61
                ]
            ],
            "area": 6104.0,
            "bbox": [
                36.26,
                127.11,
                187.74,
                70.67
            ],
            "iscrowd": 0,
            "attributes": {
                "occluded": false
            }
        }
    ]
}