{
    "info": {
        "contributor": "",
        "date_created": "",
        "description": "",
        "url": "",
        "version": "",
        "year": ""
    },
    "licenses": [
        {
            "name": "",
            "id": 0,
            "url": ""
        }
    ],
    "categories": [
        {
            "id": 1,
            "name": "Road",
            "supercategory": ""
        }
    ],
    "images": [
        {
            "id": 30,
            "width": 224,
            "height": 224,
            "file_name": "1611677018131926.png",
            "license": 0,
            "flickr_url": "",
            "coco_url": "",
            "date_captured": 0
        }
    ],
    "annotations": [
        {
            "id": 30,
            "image_id": 30,
            "category_id": 1,
            "segmentation": [
                [
                    30.52,
                    193.62,
                    74.47,
                    172.44,
                    174.02,
                    175.88,
                    192.03,
                    199.44,
                    223.54,
                    202.62,
                    145.16,
                    128.48,
                    101.21,
                    127.16
                ]
            ],
            "area": 5173.0,
            "bbox": [
                30.52,
                127.16,
                193.02,
                75.46
            ],
            "iscrowd": 0,
            "attributes": {
                "occluded": false
            }
        }
    ]
}