{
    "info": {
        "contributor": "",
        "date_created": "",
        "description": "",
        "url": "",
        "version": "",
        "year": ""
    },
    "licenses": [
        {
            "name": "",
            "id": 0,
            "url": ""
        }
    ],
    "categories": [
        {
            "id": 1,
            "name": "Road",
            "supercategory": ""
        }
    ],
    "images": [
        {
            "id": 66,
            "width": 224,
            "height": 224,
            "file_name": "1611677063832088.png",
            "license": 0,
            "flickr_url": "",
            "coco_url": "",
            "date_captured": 0
        }
    ],
    "annotations": [
        {
            "id": 66,
            "image_id": 66,
            "category_id": 1,
            "segmentation": [
                [
                    25.22,
                    190.71,
                    45.61,
                    192.82,
                    82.15,
                    173.76,
                    161.84,
                    179.32,
                    190.44,
                    199.44,
                    223.27,
                    203.94,
                    144.1,
                    130.6,
                    94.06,
                    129.81
                ]
            ],
            "area": 5943.0,
            "bbox": [
                25.22,
                129.81,
                198.05,
                74.13
            ],
            "iscrowd": 0,
            "attributes": {
                "occluded": false
            }
        }
    ]
}