{
    "info": {
        "contributor": "",
        "date_created": "",
        "description": "",
        "url": "",
        "version": "",
        "year": ""
    },
    "licenses": [
        {
            "name": "",
            "id": 0,
            "url": ""
        }
    ],
    "categories": [
        {
            "id": 1,
            "name": "Road",
            "supercategory": ""
        }
    ],
    "images": [
        {
            "id": 42,
            "width": 224,
            "height": 224,
            "file_name": "1611676837631263.png",
            "license": 0,
            "flickr_url": "",
            "coco_url": "",
            "date_captured": 0
        }
    ],
    "annotations": [
        {
            "id": 42,
            "image_id": 42,
            "category_id": 1,
            "segmentation": [
                [
                    3.03,
                    194.08,
                    46.13,
                    191.32,
                    79.06,
                    178.08,
                    171.14,
                    178.77,
                    197.79,
                    203.58,
                    224.0,
                    203.15,
                    224.0,
                    153.68,
                    175.78,
                    137.5,
                    204.3,
                    128.22,
                    190.13,
                    121.5,
                    142.13,
                    121.29,
                    0.68,
                    142.85
                ]
            ],
            "area": 12143.0,
            "bbox": [
                0.68,
                121.29,
                223.32,
                82.29
            ],
            "iscrowd": 0,
            "attributes": {
                "occluded": false
            }
        }
    ]
}