{
    "info": {
        "contributor": "",
        "date_created": "",
        "description": "",
        "url": "",
        "version": "",
        "year": ""
    },
    "licenses": [
        {
            "name": "",
            "id": 0,
            "url": ""
        }
    ],
    "categories": [
        {
            "id": 1,
            "name": "Road",
            "supercategory": ""
        }
    ],
    "images": [
        {
            "id": 30,
            "width": 224,
            "height": 224,
            "file_name": "1611676885731442.png",
            "license": 0,
            "flickr_url": "",
            "coco_url": "",
            "date_captured": 0
        }
    ],
    "annotations": [
        {
            "id": 30,
            "image_id": 30,
            "category_id": 1,
            "segmentation": [
                [
                    1.58,
                    181.65,
                    2.4,
                    199.1,
                    38.94,
                    197.24,
                    67.24,
                    177.41,
                    163.91,
                    177.12,
                    190.63,
                    200.45,
                    221.6,
                    200.95,
                    217.1,
                    189.86,
                    160.97,
                    149.08,
                    159.14,
                    124.46,
                    106.98,
                    123.13,
                    98.77,
                    132.93,
                    58.77,
                    144.55
                ]
            ],
            "area": 8060.0,
            "bbox": [
                1.58,
                123.13,
                220.02,
                77.82
            ],
            "iscrowd": 0,
            "attributes": {
                "occluded": false
            }
        }
    ]
}