{
    "info": {
        "contributor": "",
        "date_created": "",
        "description": "",
        "url": "",
        "version": "",
        "year": ""
    },
    "licenses": [
        {
            "name": "",
            "id": 0,
            "url": ""
        }
    ],
    "categories": [
        {
            "id": 1,
            "name": "Road",
            "supercategory": ""
        }
    ],
    "images": [
        {
            "id": 45,
            "width": 224,
            "height": 224,
            "file_name": "1611676955131699.png",
            "license": 0,
            "flickr_url": "",
            "coco_url": "",
            "date_captured": 0
        }
    ],
    "annotations": [
        {
            "id": 45,
            "image_id": 45,
            "category_id": 1,
            "segmentation": [
                [
                    18.81,
                    192.24,
                    44.2,
                    192.51,
                    68.33,
                    177.68,
                    169.18,
                    178.21,
                    190.12,
                    199.36,
                    222.69,
                    201.75,
                    222.95,
                    159.14,
                    139.02,
                    121.52,
                    106.45,
                    120.75
                ]
            ],
            "area": 8404.0,
            "bbox": [
                18.81,
                120.75,
                204.14,
                81.0
            ],
            "iscrowd": 0,
            "attributes": {
                "occluded": false
            }
        }
    ]
}