{
    "info": {
        "contributor": "",
        "date_created": "",
        "description": "",
        "url": "",
        "version": "",
        "year": ""
    },
    "licenses": [
        {
            "name": "",
            "id": 0,
            "url": ""
        }
    ],
    "categories": [
        {
            "id": 1,
            "name": "Road",
            "supercategory": ""
        }
    ],
    "images": [
        {
            "id": 140,
            "width": 224,
            "height": 224,
            "file_name": "1611677212632616.png",
            "license": 0,
            "flickr_url": "",
            "coco_url": "",
            "date_captured": 0
        }
    ],
    "annotations": [
        {
            "id": 140,
            "image_id": 140,
            "category_id": 1,
            "segmentation": [
                [
                    36.0,
                    191.98,
                    79.16,
                    175.56,
                    161.53,
                    173.71,
                    189.04,
                    196.72,
                    223.46,
                    197.51,
                    149.1,
                    130.0,
                    94.27,
                    129.22
                ]
            ],
            "area": 5570.0,
            "bbox": [
                36.0,
                129.22,
                187.46,
                68.29
            ],
            "iscrowd": 0,
            "attributes": {
                "occluded": false
            }
        }
    ]
}