{
    "info": {
        "contributor": "",
        "date_created": "",
        "description": "",
        "url": "",
        "version": "",
        "year": ""
    },
    "licenses": [
        {
            "name": "",
            "id": 0,
            "url": ""
        }
    ],
    "categories": [
        {
            "id": 1,
            "name": "Road",
            "supercategory": ""
        }
    ],
    "images": [
        {
            "id": 59,
            "width": 224,
            "height": 224,
            "file_name": "1611677054832056.png",
            "license": 0,
            "flickr_url": "",
            "coco_url": "",
            "date_captured": 0
        }
    ],
    "annotations": [
        {
            "id": 59,
            "image_id": 59,
            "category_id": 1,
            "segmentation": [
                [
                    40.76,
                    193.54,
                    77.59,
                    175.82,
                    165.76,
                    175.82,
                    191.16,
                    199.1,
                    222.95,
                    204.16,
                    139.1,
                    131.3,
                    100.4,
                    130.8
                ]
            ],
            "area": 4692.0,
            "bbox": [
                40.76,
                130.8,
                182.19,
                73.36
            ],
            "iscrowd": 0,
            "attributes": {
                "occluded": false
            }
        }
    ]
}