{
    "info": {
        "contributor": "",
        "date_created": "",
        "description": "",
        "url": "",
        "version": "",
        "year": ""
    },
    "licenses": [
        {
            "name": "",
            "id": 0,
            "url": ""
        }
    ],
    "categories": [
        {
            "id": 1,
            "name": "Road",
            "supercategory": ""
        }
    ],
    "images": [
        {
            "id": 1,
            "width": 224,
            "height": 224,
            "file_name": "1611676807431150.png",
            "license": 0,
            "flickr_url": "",
            "coco_url": "",
            "date_captured": 0
        }
    ],
    "annotations": [
        {
            "id": 1,
            "image_id": 1,
            "category_id": 1,
            "segmentation": [
                [
                    42.88,
                    182.18,
                    49.79,
                    191.16,
                    87.36,
                    177.12,
                    162.56,
                    178.45,
                    187.18,
                    198.07,
                    209.98,
                    192.24,
                    144.02,
                    127.11,
                    97.98,
                    128.69,
                    42.62,
                    181.65
                ]
            ],
            "area": 5705.0,
            "bbox": [
                42.62,
                127.11,
                167.36,
                70.96
            ],
            "iscrowd": 0,
            "attributes": {
                "occluded": false
            }
        }
    ]
}