{
    "info": {
        "contributor": "",
        "date_created": "",
        "description": "",
        "url": "",
        "version": "",
        "year": ""
    },
    "licenses": [
        {
            "name": "",
            "id": 0,
            "url": ""
        }
    ],
    "categories": [
        {
            "id": 1,
            "name": "Road",
            "supercategory": ""
        }
    ],
    "images": [
        {
            "id": 82,
            "width": 224,
            "height": 224,
            "file_name": "1611677097532208.png",
            "license": 0,
            "flickr_url": "",
            "coco_url": "",
            "date_captured": 0
        }
    ],
    "annotations": [
        {
            "id": 82,
            "image_id": 82,
            "category_id": 1,
            "segmentation": [
                [
                    23.05,
                    191.71,
                    43.97,
                    193.54,
                    71.21,
                    173.71,
                    159.14,
                    174.74,
                    188.0,
                    197.24,
                    220.84,
                    200.95,
                    153.32,
                    132.67,
                    97.69,
                    130.81
                ]
            ],
            "area": 5654.0,
            "bbox": [
                23.05,
                130.81,
                197.79,
                70.14
            ],
            "iscrowd": 0,
            "attributes": {
                "occluded": false
            }
        }
    ]
}