{
    "info": {
        "contributor": "",
        "date_created": "",
        "description": "",
        "url": "",
        "version": "",
        "year": ""
    },
    "licenses": [
        {
            "name": "",
            "id": 0,
            "url": ""
        }
    ],
    "categories": [
        {
            "id": 1,
            "name": "Road",
            "supercategory": ""
        }
    ],
    "images": [
        {
            "id": 76,
            "width": 224,
            "height": 224,
            "file_name": "1611677080032147.png",
            "license": 0,
            "flickr_url": "",
            "coco_url": "",
            "date_captured": 0
        }
    ],
    "annotations": [
        {
            "id": 76,
            "image_id": 76,
            "category_id": 1,
            "segmentation": [
                [
                    35.55,
                    194.15,
                    72.62,
                    174.82,
                    163.96,
                    176.94,
                    190.97,
                    197.85,
                    223.3,
                    199.7,
                    143.9,
                    130.9,
                    97.0,
                    130.8
                ]
            ],
            "area": 5147.0,
            "bbox": [
                35.55,
                130.8,
                187.75,
                68.9
            ],
            "iscrowd": 0,
            "attributes": {
                "occluded": false
            }
        }
    ]
}