{
    "info": {
        "contributor": "",
        "date_created": "",
        "description": "",
        "url": "",
        "version": "",
        "year": ""
    },
    "licenses": [
        {
            "name": "",
            "id": 0,
            "url": ""
        }
    ],
    "categories": [
        {
            "id": 1,
            "name": "Road",
            "supercategory": ""
        }
    ],
    "images": [
        {
            "id": 3,
            "width": 224,
            "height": 224,
            "file_name": "1611676903131507.png",
            "license": 0,
            "flickr_url": "",
            "coco_url": "",
            "date_captured": 0
        }
    ],
    "annotations": [
        {
            "id": 3,
            "image_id": 3,
            "category_id": 1,
            "segmentation": [
                [
                    1.31,
                    198.59,
                    36.26,
                    196.21,
                    72.3,
                    176.09,
                    174.24,
                    175.56,
                    193.27,
                    201.48,
                    224.0,
                    203.85,
                    224.0,
                    185.74,
                    223.46,
                    167.62,
                    133.46,
                    127.37,
                    90.57,
                    126.58
                ]
            ],
            "area": 8032.0,
            "bbox": [
                1.31,
                126.58,
                222.69,
                77.27
            ],
            "iscrowd": 0,
            "attributes": {
                "occluded": false
            }
        }
    ]
}