{
    "info": {
        "contributor": "",
        "date_created": "",
        "description": "",
        "url": "",
        "version": "",
        "year": ""
    },
    "licenses": [
        {
            "name": "",
            "id": 0,
            "url": ""
        }
    ],
    "categories": [
        {
            "id": 1,
            "name": "Road",
            "supercategory": ""
        }
    ],
    "images": [
        {
            "id": 30,
            "width": 224,
            "height": 224,
            "file_name": "1611676820031197.png",
            "license": 0,
            "flickr_url": "",
            "coco_url": "",
            "date_captured": 0
        }
    ],
    "annotations": [
        {
            "id": 30,
            "image_id": 30,
            "category_id": 1,
            "segmentation": [
                [
                    5.32,
                    196.16,
                    36.86,
                    196.65,
                    72.59,
                    179.23,
                    165.32,
                    180.16,
                    190.39,
                    202.42,
                    223.78,
                    198.04,
                    148.42,
                    126.6,
                    158.13,
                    121.75,
                    140.51,
                    120.13,
                    119.2,
                    121.29,
                    90.89,
                    127.52
                ]
            ],
            "area": 7956.0,
            "bbox": [
                5.32,
                120.13,
                218.46,
                82.29
            ],
            "iscrowd": 0,
            "attributes": {
                "occluded": false
            }
        }
    ]
}