{
    "info": {
        "contributor": "",
        "date_created": "",
        "description": "",
        "url": "",
        "version": "",
        "year": ""
    },
    "licenses": [
        {
            "name": "",
            "id": 0,
            "url": ""
        }
    ],
    "categories": [
        {
            "id": 1,
            "name": "Road",
            "supercategory": ""
        }
    ],
    "images": [
        {
            "id": 13,
            "width": 224,
            "height": 224,
            "file_name": "1611676813531173.png",
            "license": 0,
            "flickr_url": "",
            "coco_url": "",
            "date_captured": 0
        }
    ],
    "annotations": [
        {
            "id": 13,
            "image_id": 13,
            "category_id": 1,
            "segmentation": [
                [
                    32.03,
                    188.77,
                    38.64,
                    196.72,
                    83.95,
                    176.86,
                    156.47,
                    175.82,
                    185.89,
                    198.33,
                    224.0,
                    192.39,
                    224.0,
                    189.93,
                    150.94,
                    133.7,
                    90.04,
                    133.96
                ]
            ],
            "area": 6134.0,
            "bbox": [
                32.03,
                133.7,
                191.97,
                64.63
            ],
            "iscrowd": 0,
            "attributes": {
                "occluded": false
            }
        }
    ]
}