{
    "info": {
        "contributor": "",
        "date_created": "",
        "description": "",
        "url": "",
        "version": "",
        "year": ""
    },
    "licenses": [
        {
            "name": "",
            "id": 0,
            "url": ""
        }
    ],
    "categories": [
        {
            "id": 1,
            "name": "Road",
            "supercategory": ""
        }
    ],
    "images": [
        {
            "id": 19,
            "width": 224,
            "height": 224,
            "file_name": "1611676871331388.png",
            "license": 0,
            "flickr_url": "",
            "coco_url": "",
            "date_captured": 0
        }
    ],
    "annotations": [
        {
            "id": 19,
            "image_id": 19,
            "category_id": 1,
            "segmentation": [
                [
                    10.87,
                    186.15,
                    38.11,
                    195.68,
                    73.89,
                    175.56,
                    162.56,
                    176.09,
                    189.59,
                    198.83,
                    222.95,
                    200.71,
                    145.88,
                    127.37,
                    89.22,
                    125.49
                ]
            ],
            "area": 7171.0,
            "bbox": [
                10.87,
                125.49,
                212.08,
                75.22
            ],
            "iscrowd": 0,
            "attributes": {
                "occluded": false
            }
        }
    ]
}