{
    "info": {
        "contributor": "",
        "date_created": "",
        "description": "",
        "url": "",
        "version": "",
        "year": ""
    },
    "licenses": [
        {
            "name": "",
            "id": 0,
            "url": ""
        }
    ],
    "categories": [
        {
            "id": 1,
            "name": "Road",
            "supercategory": ""
        }
    ],
    "images": [
        {
            "id": 44,
            "width": 224,
            "height": 224,
            "file_name": "1611676952231688.png",
            "license": 0,
            "flickr_url": "",
            "coco_url": "",
            "date_captured": 0
        }
    ],
    "annotations": [
        {
            "id": 44,
            "image_id": 44,
            "category_id": 1,
            "segmentation": [
                [
                    25.67,
                    191.71,
                    49.26,
                    192.24,
                    78.89,
                    176.09,
                    163.38,
                    176.33,
                    192.51,
                    200.45,
                    222.95,
                    202.04,
                    224.0,
                    171.72,
                    224.0,
                    163.52,
                    135.31,
                    122.31,
                    104.07,
                    121.02
                ]
            ],
            "area": 7932.0,
            "bbox": [
                25.67,
                121.02,
                198.33,
                81.02
            ],
            "iscrowd": 0,
            "attributes": {
                "occluded": false
            }
        }
    ]
}