{
    "info": {
        "contributor": "",
        "date_created": "",
        "description": "",
        "url": "",
        "version": "",
        "year": ""
    },
    "licenses": [
        {
            "name": "",
            "id": 0,
            "url": ""
        }
    ],
    "categories": [
        {
            "id": 1,
            "name": "Road",
            "supercategory": ""
        }
    ],
    "images": [
        {
            "id": 186,
            "width": 224,
            "height": 224,
            "file_name": "1611677397533251.png",
            "license": 0,
            "flickr_url": "",
            "coco_url": "",
            "date_captured": 0
        }
    ],
    "annotations": [
        {
            "id": 186,
            "image_id": 186,
            "category_id": 1,
            "segmentation": [
                [
                    14.02,
                    190.89,
                    36.53,
                    192.24,
                    73.07,
                    172.62,
                    159.94,
                    173.44,
                    185.33,
                    195.13,
                    220.84,
                    195.39,
                    135.58,
                    129.99,
                    80.74,
                    129.22
                ]
            ],
            "area": 5958.0,
            "bbox": [
                14.02,
                129.22,
                206.82,
                66.17
            ],
            "iscrowd": 0,
            "attributes": {
                "occluded": false
            }
        }
    ]
}