{
    "info": {
        "contributor": "",
        "date_created": "",
        "description": "",
        "url": "",
        "version": "",
        "year": ""
    },
    "licenses": [
        {
            "name": "",
            "id": 0,
            "url": ""
        }
    ],
    "categories": [
        {
            "id": 1,
            "name": "Road",
            "supercategory": ""
        }
    ],
    "images": [
        {
            "id": 33,
            "width": 224,
            "height": 224,
            "file_name": "1611676886931446.png",
            "license": 0,
            "flickr_url": "",
            "coco_url": "",
            "date_captured": 0
        }
    ],
    "annotations": [
        {
            "id": 33,
            "image_id": 33,
            "category_id": 1,
            "segmentation": [
                [
                    1.31,
                    175.0,
                    1.31,
                    195.95,
                    42.09,
                    195.13,
                    83.66,
                    174.47,
                    162.06,
                    175.0,
                    187.18,
                    197.24,
                    220.57,
                    202.04,
                    223.46,
                    142.99,
                    141.14,
                    118.63,
                    86.33,
                    115.96,
                    50.29,
                    153.05
                ]
            ],
            "area": 11134.0,
            "bbox": [
                1.31,
                115.96,
                222.15,
                86.08
            ],
            "iscrowd": 0,
            "attributes": {
                "occluded": false
            }
        }
    ]
}