{
    "info": {
        "contributor": "",
        "date_created": "",
        "description": "",
        "url": "",
        "version": "",
        "year": ""
    },
    "licenses": [
        {
            "name": "",
            "id": 0,
            "url": ""
        }
    ],
    "categories": [
        {
            "id": 1,
            "name": "Road",
            "supercategory": ""
        }
    ],
    "images": [
        {
            "id": 22,
            "width": 224,
            "height": 224,
            "file_name": "1611676877831413.png",
            "license": 0,
            "flickr_url": "",
            "coco_url": "",
            "date_captured": 0
        }
    ],
    "annotations": [
        {
            "id": 22,
            "image_id": 22,
            "category_id": 1,
            "segmentation": [
                [
                    1.31,
                    170.5,
                    1.84,
                    197.51,
                    41.85,
                    193.54,
                    63.82,
                    176.86,
                    171.03,
                    172.62,
                    183.77,
                    198.07,
                    219.49,
                    199.36,
                    192.74,
                    158.85,
                    160.71,
                    130.81,
                    78.63,
                    129.22
                ]
            ],
            "area": 8486.0,
            "bbox": [
                1.31,
                129.22,
                218.18,
                70.14
            ],
            "iscrowd": 0,
            "attributes": {
                "occluded": false
            }
        }
    ]
}