{
    "info": {
        "contributor": "",
        "date_created": "",
        "description": "",
        "url": "",
        "version": "",
        "year": ""
    },
    "licenses": [
        {
            "name": "",
            "id": 0,
            "url": ""
        }
    ],
    "categories": [
        {
            "id": 1,
            "name": "Road",
            "supercategory": ""
        }
    ],
    "images": [
        {
            "id": 24,
            "width": 224,
            "height": 224,
            "file_name": "1611676817331187.png",
            "license": 0,
            "flickr_url": "",
            "coco_url": "",
            "date_captured": 0
        }
    ],
    "annotations": [
        {
            "id": 24,
            "image_id": 24,
            "category_id": 1,
            "segmentation": [
                [
                    1.61,
                    195.7,
                    40.59,
                    196.65,
                    68.65,
                    178.56,
                    168.59,
                    180.86,
                    192.94,
                    200.13,
                    220.51,
                    197.58,
                    156.05,
                    145.61,
                    157.23,
                    136.13,
                    142.85,
                    126.13,
                    93.23,
                    126.6
                ]
            ],
            "area": 7187.0,
            "bbox": [
                1.61,
                126.13,
                218.9,
                74.0
            ],
            "iscrowd": 0,
            "attributes": {
                "occluded": false
            }
        }
    ]
}