{
    "info": {
        "contributor": "",
        "date_created": "",
        "description": "",
        "url": "",
        "version": "",
        "year": ""
    },
    "licenses": [
        {
            "name": "",
            "id": 0,
            "url": ""
        }
    ],
    "categories": [
        {
            "id": 1,
            "name": "Road",
            "supercategory": ""
        }
    ],
    "images": [
        {
            "id": 158,
            "width": 224,
            "height": 224,
            "file_name": "1611677280532850.png",
            "license": 0,
            "flickr_url": "",
            "coco_url": "",
            "date_captured": 0
        }
    ],
    "annotations": [
        {
            "id": 158,
            "image_id": 158,
            "category_id": 1,
            "segmentation": [
                [
                    35.23,
                    194.86,
                    70.95,
                    174.47,
                    159.94,
                    175.27,
                    191.71,
                    197.51,
                    223.46,
                    199.92,
                    141.4,
                    127.87,
                    102.48,
                    127.61
                ]
            ],
            "area": 5155.0,
            "bbox": [
                35.23,
                127.61,
                188.23,
                72.31
            ],
            "iscrowd": 0,
            "attributes": {
                "occluded": false
            }
        }
    ]
}