{
    "info": {
        "contributor": "",
        "date_created": "",
        "description": "",
        "url": "",
        "version": "",
        "year": ""
    },
    "licenses": [
        {
            "name": "",
            "id": 0,
            "url": ""
        }
    ],
    "categories": [
        {
            "id": 1,
            "name": "Road",
            "supercategory": ""
        }
    ],
    "images": [
        {
            "id": 15,
            "width": 224,
            "height": 224,
            "file_name": "1611677005731881.png",
            "license": 0,
            "flickr_url": "",
            "coco_url": "",
            "date_captured": 0
        }
    ],
    "annotations": [
        {
            "id": 15,
            "image_id": 15,
            "category_id": 1,
            "segmentation": [
                [
                    38.19,
                    189.12,
                    74.2,
                    174.29,
                    171.11,
                    175.61,
                    188.06,
                    198.65,
                    220.36,
                    203.41,
                    224.0,
                    163.86,
                    224.0,
                    160.11,
                    145.69,
                    125.57,
                    107.04,
                    124.78
                ]
            ],
            "area": 6991.0,
            "bbox": [
                38.19,
                124.78,
                185.81,
                78.63
            ],
            "iscrowd": 0,
            "attributes": {
                "occluded": false
            }
        }
    ]
}