{
    "info": {
        "contributor": "",
        "date_created": "",
        "description": "",
        "url": "",
        "version": "",
        "year": ""
    },
    "licenses": [
        {
            "name": "",
            "id": 0,
            "url": ""
        }
    ],
    "categories": [
        {
            "id": 1,
            "name": "Road",
            "supercategory": ""
        }
    ],
    "images": [
        {
            "id": 18,
            "width": 224,
            "height": 224,
            "file_name": "1611676867531374.png",
            "license": 0,
            "flickr_url": "",
            "coco_url": "",
            "date_captured": 0
        }
    ],
    "annotations": [
        {
            "id": 18,
            "image_id": 18,
            "category_id": 1,
            "segmentation": [
                [
                    2.93,
                    196.21,
                    36.79,
                    196.21,
                    77.04,
                    174.74,
                    166.8,
                    175.0,
                    190.89,
                    197.8,
                    207.31,
                    197.8,
                    136.08,
                    125.25,
                    92.16,
                    124.17
                ]
            ],
            "area": 6282.0,
            "bbox": [
                2.93,
                124.17,
                204.38,
                73.63
            ],
            "iscrowd": 0,
            "attributes": {
                "occluded": false
            }
        }
    ]
}