{
    "info": {
        "contributor": "",
        "date_created": "",
        "description": "",
        "url": "",
        "version": "",
        "year": ""
    },
    "licenses": [
        {
            "name": "",
            "id": 0,
            "url": ""
        }
    ],
    "categories": [
        {
            "id": 1,
            "name": "Road",
            "supercategory": ""
        }
    ],
    "images": [
        {
            "id": 45,
            "width": 224,
            "height": 224,
            "file_name": "1611676900131496.png",
            "license": 0,
            "flickr_url": "",
            "coco_url": "",
            "date_captured": 0
        }
    ],
    "annotations": [
        {
            "id": 45,
            "image_id": 45,
            "category_id": 1,
            "segmentation": [
                [
                    2.11,
                    174.47,
                    2.11,
                    198.33,
                    41.58,
                    195.39,
                    74.92,
                    175.82,
                    162.82,
                    176.59,
                    188.0,
                    198.33,
                    220.02,
                    199.36,
                    163.38,
                    130.26,
                    114.4,
                    128.4
                ]
            ],
            "area": 7870.0,
            "bbox": [
                2.11,
                128.4,
                217.91,
                70.96
            ],
            "iscrowd": 0,
            "attributes": {
                "occluded": false
            }
        }
    ]
}