{
    "info": {
        "contributor": "",
        "date_created": "",
        "description": "",
        "url": "",
        "version": "",
        "year": ""
    },
    "licenses": [
        {
            "name": "",
            "id": 0,
            "url": ""
        }
    ],
    "categories": [
        {
            "id": 1,
            "name": "Road",
            "supercategory": ""
        }
    ],
    "images": [
        {
            "id": 116,
            "width": 224,
            "height": 224,
            "file_name": "1611677163932444.png",
            "license": 0,
            "flickr_url": "",
            "coco_url": "",
            "date_captured": 0
        }
    ],
    "annotations": [
        {
            "id": 116,
            "image_id": 116,
            "category_id": 1,
            "segmentation": [
                [
                    24.08,
                    192.74,
                    43.7,
                    194.36,
                    72.8,
                    176.09,
                    155.44,
                    176.86,
                    185.07,
                    196.48,
                    223.19,
                    197.24,
                    153.58,
                    129.73,
                    103.51,
                    130.55
                ]
            ],
            "area": 6063.0,
            "bbox": [
                24.08,
                129.73,
                199.11,
                67.51
            ],
            "iscrowd": 0,
            "attributes": {
                "occluded": false
            }
        }
    ]
}