{
    "info": {
        "contributor": "",
        "date_created": "",
        "description": "",
        "url": "",
        "version": "",
        "year": ""
    },
    "licenses": [
        {
            "name": "",
            "id": 0,
            "url": ""
        }
    ],
    "categories": [
        {
            "id": 1,
            "name": "Road",
            "supercategory": ""
        }
    ],
    "images": [
        {
            "id": 28,
            "width": 224,
            "height": 224,
            "file_name": "1611676937931635.png",
            "license": 0,
            "flickr_url": "",
            "coco_url": "",
            "date_captured": 0
        }
    ],
    "annotations": [
        {
            "id": 28,
            "image_id": 28,
            "category_id": 1,
            "segmentation": [
                [
                    85.25,
                    138.76,
                    28.87,
                    189.3,
                    47.67,
                    189.59,
                    84.48,
                    174.24,
                    170.5,
                    179.8,
                    191.71,
                    200.95,
                    224.0,
                    204.99,
                    224.0,
                    121.9,
                    191.42,
                    118.9
                ]
            ],
            "area": 9225.0,
            "bbox": [
                28.87,
                118.9,
                195.13,
                86.09
            ],
            "iscrowd": 0,
            "attributes": {
                "occluded": false
            }
        }
    ]
}