{
    "info": {
        "contributor": "",
        "date_created": "",
        "description": "",
        "url": "",
        "version": "",
        "year": ""
    },
    "licenses": [
        {
            "name": "",
            "id": 0,
            "url": ""
        }
    ],
    "categories": [
        {
            "id": 1,
            "name": "Road",
            "supercategory": ""
        }
    ],
    "images": [
        {
            "id": 6,
            "width": 224,
            "height": 224,
            "file_name": "1611676982931799.png",
            "license": 0,
            "flickr_url": "",
            "coco_url": "",
            "date_captured": 0
        }
    ],
    "annotations": [
        {
            "id": 6,
            "image_id": 6,
            "category_id": 1,
            "segmentation": [
                [
                    27.3,
                    194.1,
                    74.92,
                    176.86,
                    166.8,
                    174.24,
                    191.71,
                    200.95,
                    224.0,
                    202.03,
                    224.0,
                    156.09,
                    155.17,
                    128.4,
                    99.01,
                    126.84
                ]
            ],
            "area": 7678.0,
            "bbox": [
                27.3,
                126.84,
                196.7,
                75.19
            ],
            "iscrowd": 0,
            "attributes": {
                "occluded": false
            }
        }
    ]
}