{
    "info": {
        "contributor": "",
        "date_created": "",
        "description": "",
        "url": "",
        "version": "",
        "year": ""
    },
    "licenses": [
        {
            "name": "",
            "id": 0,
            "url": ""
        }
    ],
    "categories": [
        {
            "id": 1,
            "name": "Road",
            "supercategory": ""
        }
    ],
    "images": [
        {
            "id": 4,
            "width": 224,
            "height": 224,
            "file_name": "1611676904231511.png",
            "license": 0,
            "flickr_url": "",
            "coco_url": "",
            "date_captured": 0
        }
    ],
    "annotations": [
        {
            "id": 4,
            "image_id": 4,
            "category_id": 1,
            "segmentation": [
                [
                    17.73,
                    196.71,
                    42.35,
                    197.24,
                    78.12,
                    174.24,
                    162.82,
                    174.47,
                    192.24,
                    198.83,
                    221.6,
                    202.57,
                    223.72,
                    181.91,
                    155.1,
                    146.1,
                    135.0,
                    126.8,
                    90.6,
                    126.8,
                    72.8,
                    150.94
                ]
            ],
            "area": 6344.0,
            "bbox": [
                17.73,
                126.8,
                205.99,
                75.77
            ],
            "iscrowd": 0,
            "attributes": {
                "occluded": false
            }
        }
    ]
}