{
    "info": {
        "contributor": "",
        "date_created": "",
        "description": "",
        "url": "",
        "version": "",
        "year": ""
    },
    "licenses": [
        {
            "name": "",
            "id": 0,
            "url": ""
        }
    ],
    "categories": [
        {
            "id": 1,
            "name": "Road",
            "supercategory": ""
        }
    ],
    "images": [
        {
            "id": 166,
            "width": 224,
            "height": 224,
            "file_name": "1611677323632997.png",
            "license": 0,
            "flickr_url": "",
            "coco_url": "",
            "date_captured": 0
        }
    ],
    "annotations": [
        {
            "id": 166,
            "image_id": 166,
            "category_id": 1,
            "segmentation": [
                [
                    13.31,
                    193.88,
                    36.34,
                    194.15,
                    69.17,
                    172.7,
                    159.73,
                    170.32,
                    186.73,
                    194.94,
                    221.2,
                    193.1,
                    131.7,
                    128.7,
                    48.8,
                    131.7
                ]
            ],
            "area": 6674.0,
            "bbox": [
                13.31,
                128.7,
                207.89,
                66.24
            ],
            "iscrowd": 0,
            "attributes": {
                "occluded": false
            }
        }
    ]
}