{
    "info": {
        "contributor": "",
        "date_created": "",
        "description": "",
        "url": "",
        "version": "",
        "year": ""
    },
    "licenses": [
        {
            "name": "",
            "id": 0,
            "url": ""
        }
    ],
    "categories": [
        {
            "id": 1,
            "name": "Road",
            "supercategory": ""
        }
    ],
    "images": [
        {
            "id": 63,
            "width": 224,
            "height": 224,
            "file_name": "1611677059632073.png",
            "license": 0,
            "flickr_url": "",
            "coco_url": "",
            "date_captured": 0
        }
    ],
    "annotations": [
        {
            "id": 63,
            "image_id": 63,
            "category_id": 1,
            "segmentation": [
                [
                    35.02,
                    193.35,
                    67.32,
                    175.88,
                    153.37,
                    174.02,
                    189.65,
                    196.79,
                    208.71,
                    200.24,
                    131.13,
                    131.92,
                    84.0,
                    131.66
                ]
            ],
            "area": 4469.0,
            "bbox": [
                35.02,
                131.66,
                173.69,
                68.58
            ],
            "iscrowd": 0,
            "attributes": {
                "occluded": false
            }
        }
    ]
}