{
    "info": {
        "contributor": "",
        "date_created": "",
        "description": "",
        "url": "",
        "version": "",
        "year": ""
    },
    "licenses": [
        {
            "name": "",
            "id": 0,
            "url": ""
        }
    ],
    "categories": [
        {
            "id": 1,
            "name": "Road",
            "supercategory": ""
        }
    ],
    "images": [
        {
            "id": 18,
            "width": 224,
            "height": 224,
            "file_name": "1611676929431604.png",
            "license": 0,
            "flickr_url": "",
            "coco_url": "",
            "date_captured": 0
        }
    ],
    "annotations": [
        {
            "id": 18,
            "image_id": 18,
            "category_id": 1,
            "segmentation": [
                [
                    0.6,
                    167.14,
                    1.92,
                    196.0,
                    41.37,
                    197.06,
                    74.73,
                    174.82,
                    163.96,
                    174.82,
                    191.76,
                    199.71,
                    223.54,
                    203.15,
                    145.69,
                    132.98,
                    145.43,
                    122.66,
                    89.03,
                    120.27
                ]
            ],
            "area": 8751.0,
            "bbox": [
                0.6,
                120.27,
                222.94,
                82.88
            ],
            "iscrowd": 0,
            "attributes": {
                "occluded": false
            }
        }
    ]
}