{
    "info": {
        "contributor": "",
        "date_created": "",
        "description": "",
        "url": "",
        "version": "",
        "year": ""
    },
    "licenses": [
        {
            "name": "",
            "id": 0,
            "url": ""
        }
    ],
    "categories": [
        {
            "id": 1,
            "name": "Road",
            "supercategory": ""
        }
    ],
    "images": [
        {
            "id": 11,
            "width": 224,
            "height": 224,
            "file_name": "1611676862331355.png",
            "license": 0,
            "flickr_url": "",
            "coco_url": "",
            "date_captured": 0
        }
    ],
    "annotations": [
        {
            "id": 11,
            "image_id": 11,
            "category_id": 1,
            "segmentation": [
                [
                    34.96,
                    177.94,
                    31.52,
                    195.13,
                    49.26,
                    192.74,
                    86.33,
                    175.82,
                    172.36,
                    179.24,
                    190.39,
                    198.6,
                    221.1,
                    197.51,
                    135.05,
                    129.49,
                    95.84,
                    131.34,
                    69.36,
                    139.79
                ]
            ],
            "area": 6161.0,
            "bbox": [
                31.52,
                129.49,
                189.58,
                69.11
            ],
            "iscrowd": 0,
            "attributes": {
                "occluded": false
            }
        }
    ]
}