{
    "info": {
        "contributor": "",
        "date_created": "",
        "description": "",
        "url": "",
        "version": "",
        "year": ""
    },
    "licenses": [
        {
            "name": "",
            "id": 0,
            "url": ""
        }
    ],
    "categories": [
        {
            "id": 1,
            "name": "Road",
            "supercategory": ""
        }
    ],
    "images": [
        {
            "id": 31,
            "width": 224,
            "height": 224,
            "file_name": "1611676886231444.png",
            "license": 0,
            "flickr_url": "",
            "coco_url": "",
            "date_captured": 0
        }
    ],
    "annotations": [
        {
            "id": 31,
            "image_id": 31,
            "category_id": 1,
            "segmentation": [
                [
                    2.4,
                    172.89,
                    2.93,
                    197.51,
                    38.38,
                    196.72,
                    72.03,
                    175.27,
                    174.74,
                    178.21,
                    188.53,
                    198.6,
                    209.16,
                    196.21,
                    185.89,
                    166.27,
                    206.54,
                    157.82,
                    204.42,
                    136.9,
                    148.79,
                    121.78,
                    99.01,
                    122.05,
                    87.1,
                    139.29
                ]
            ],
            "area": 8931.0,
            "bbox": [
                2.4,
                121.78,
                206.76,
                76.82
            ],
            "iscrowd": 0,
            "attributes": {
                "occluded": false
            }
        }
    ]
}