{
    "info": {
        "contributor": "",
        "date_created": "",
        "description": "",
        "url": "",
        "version": "",
        "year": ""
    },
    "licenses": [
        {
            "name": "",
            "id": 0,
            "url": ""
        }
    ],
    "categories": [
        {
            "id": 1,
            "name": "Road",
            "supercategory": ""
        }
    ],
    "images": [
        {
            "id": 92,
            "width": 224,
            "height": 224,
            "file_name": "1611677113132264.png",
            "license": 0,
            "flickr_url": "",
            "coco_url": "",
            "date_captured": 0
        }
    ],
    "annotations": [
        {
            "id": 92,
            "image_id": 92,
            "category_id": 1,
            "segmentation": [
                [
                    43.17,
                    190.62,
                    78.39,
                    174.24,
                    157.03,
                    175.27,
                    193.83,
                    197.8,
                    224.0,
                    201.16,
                    224.0,
                    200.71,
                    152.5,
                    135.8,
                    94.54,
                    135.05
                ]
            ],
            "area": 4813.0,
            "bbox": [
                43.17,
                135.05,
                180.83,
                66.11
            ],
            "iscrowd": 0,
            "attributes": {
                "occluded": false
            }
        }
    ]
}