{
    "info": {
        "contributor": "",
        "date_created": "",
        "description": "",
        "url": "",
        "version": "",
        "year": ""
    },
    "licenses": [
        {
            "name": "",
            "id": 0,
            "url": ""
        }
    ],
    "categories": [
        {
            "id": 1,
            "name": "Road",
            "supercategory": ""
        }
    ],
    "images": [
        {
            "id": 27,
            "width": 224,
            "height": 224,
            "file_name": "1611676937831635.png",
            "license": 0,
            "flickr_url": "",
            "coco_url": "",
            "date_captured": 0
        }
    ],
    "annotations": [
        {
            "id": 27,
            "image_id": 27,
            "category_id": 1,
            "segmentation": [
                [
                    91.33,
                    137.43,
                    24.9,
                    191.16,
                    49.53,
                    190.89,
                    85.24,
                    175.27,
                    179.53,
                    180.33,
                    195.68,
                    202.3,
                    224.0,
                    204.38,
                    224.0,
                    118.0,
                    223.99,
                    115.96,
                    191.71,
                    114.93
                ]
            ],
            "area": 9541.0,
            "bbox": [
                24.9,
                114.93,
                199.1,
                89.45
            ],
            "iscrowd": 0,
            "attributes": {
                "occluded": false
            }
        }
    ]
}