{
    "info": {
        "contributor": "",
        "date_created": "",
        "description": "",
        "url": "",
        "version": "",
        "year": ""
    },
    "licenses": [
        {
            "name": "",
            "id": 0,
            "url": ""
        }
    ],
    "categories": [
        {
            "id": 1,
            "name": "Road",
            "supercategory": ""
        }
    ],
    "images": [
        {
            "id": 93,
            "width": 224,
            "height": 224,
            "file_name": "1611677116132275.png",
            "license": 0,
            "flickr_url": "",
            "coco_url": "",
            "date_captured": 0
        }
    ],
    "annotations": [
        {
            "id": 93,
            "image_id": 93,
            "category_id": 1,
            "segmentation": [
                [
                    48.26,
                    188.59,
                    73.14,
                    178.26,
                    154.17,
                    176.41,
                    187.53,
                    196.0,
                    224.0,
                    202.04,
                    224.0,
                    201.79,
                    150.46,
                    135.37,
                    95.65,
                    134.57
                ]
            ],
            "area": 4953.0,
            "bbox": [
                48.26,
                134.57,
                175.74,
                67.47
            ],
            "iscrowd": 0,
            "attributes": {
                "occluded": false
            }
        }
    ]
}