{
    "info": {
        "contributor": "",
        "date_created": "",
        "description": "",
        "url": "",
        "version": "",
        "year": ""
    },
    "licenses": [
        {
            "name": "",
            "id": 0,
            "url": ""
        }
    ],
    "categories": [
        {
            "id": 1,
            "name": "Road",
            "supercategory": ""
        }
    ],
    "images": [
        {
            "id": 162,
            "width": 224,
            "height": 224,
            "file_name": "1611677316932974.png",
            "license": 0,
            "flickr_url": "",
            "coco_url": "",
            "date_captured": 0
        }
    ],
    "annotations": [
        {
            "id": 162,
            "image_id": 162,
            "category_id": 1,
            "segmentation": [
                [
                    32.1,
                    197.32,
                    78.7,
                    174.55,
                    164.49,
                    174.55,
                    192.03,
                    199.18,
                    223.54,
                    200.5,
                    213.21,
                    134.84,
                    137.3,
                    130.9,
                    52.0,
                    140.4
                ]
            ],
            "area": 8368.0,
            "bbox": [
                32.1,
                130.9,
                191.44,
                69.6
            ],
            "iscrowd": 0,
            "attributes": {
                "occluded": false
            }
        }
    ]
}