{
    "info": {
        "contributor": "",
        "date_created": "",
        "description": "",
        "url": "",
        "version": "",
        "year": ""
    },
    "licenses": [
        {
            "name": "",
            "id": 0,
            "url": ""
        }
    ],
    "categories": [
        {
            "id": 1,
            "name": "Road",
            "supercategory": ""
        }
    ],
    "images": [
        {
            "id": 5,
            "width": 224,
            "height": 224,
            "file_name": "1611676905431515.png",
            "license": 0,
            "flickr_url": "",
            "coco_url": "",
            "date_captured": 0
        }
    ],
    "annotations": [
        {
            "id": 5,
            "image_id": 5,
            "category_id": 1,
            "segmentation": [
                [
                    6.08,
                    195.68,
                    39.97,
                    196.72,
                    72.54,
                    172.62,
                    166.53,
                    174.47,
                    194.09,
                    201.75,
                    223.46,
                    201.22,
                    134.23,
                    127.87,
                    86.33,
                    127.61
                ]
            ],
            "area": 6299.0,
            "bbox": [
                6.08,
                127.61,
                217.38,
                74.14
            ],
            "iscrowd": 0,
            "attributes": {
                "occluded": false
            }
        }
    ]
}