{
    "info": {
        "contributor": "",
        "date_created": "",
        "description": "",
        "url": "",
        "version": "",
        "year": ""
    },
    "licenses": [
        {
            "name": "",
            "id": 0,
            "url": ""
        }
    ],
    "categories": [
        {
            "id": 1,
            "name": "Road",
            "supercategory": ""
        }
    ],
    "images": [
        {
            "id": 52,
            "width": 224,
            "height": 224,
            "file_name": "1611677043532016.png",
            "license": 0,
            "flickr_url": "",
            "coco_url": "",
            "date_captured": 0
        }
    ],
    "annotations": [
        {
            "id": 52,
            "image_id": 52,
            "category_id": 1,
            "segmentation": [
                [
                    12.17,
                    191.71,
                    40.23,
                    193.54,
                    74.15,
                    175.56,
                    168.91,
                    176.09,
                    196.98,
                    202.3,
                    222.95,
                    204.42,
                    223.46,
                    166.8,
                    147.2,
                    128.4,
                    94.0,
                    126.8
                ]
            ],
            "area": 7942.0,
            "bbox": [
                12.17,
                126.8,
                211.29,
                77.62
            ],
            "iscrowd": 0,
            "attributes": {
                "occluded": false
            }
        }
    ]
}