{
    "info": {
        "contributor": "",
        "date_created": "",
        "description": "",
        "url": "",
        "version": "",
        "year": ""
    },
    "licenses": [
        {
            "name": "",
            "id": 0,
            "url": ""
        }
    ],
    "categories": [
        {
            "id": 1,
            "name": "Road",
            "supercategory": ""
        }
    ],
    "images": [
        {
            "id": 110,
            "width": 224,
            "height": 224,
            "file_name": "1611677158132424.png",
            "license": 0,
            "flickr_url": "",
            "coco_url": "",
            "date_captured": 0
        }
    ],
    "annotations": [
        {
            "id": 110,
            "image_id": 110,
            "category_id": 1,
            "segmentation": [
                [
                    23.1,
                    194.94,
                    39.78,
                    194.15,
                    87.44,
                    172.7,
                    166.61,
                    174.55,
                    190.7,
                    197.85,
                    224.0,
                    198.65,
                    224.0,
                    178.8,
                    148.8,
                    128.4,
                    111.8,
                    129.3
                ]
            ],
            "area": 6117.0,
            "bbox": [
                23.1,
                128.4,
                200.9,
                70.25
            ],
            "iscrowd": 0,
            "attributes": {
                "occluded": false
            }
        }
    ]
}