{
    "info": {
        "contributor": "",
        "date_created": "",
        "description": "",
        "url": "",
        "version": "",
        "year": ""
    },
    "licenses": [
        {
            "name": "",
            "id": 0,
            "url": ""
        }
    ],
    "categories": [
        {
            "id": 1,
            "name": "Road",
            "supercategory": ""
        }
    ],
    "images": [
        {
            "id": 22,
            "width": 224,
            "height": 224,
            "file_name": "1611676816831185.png",
            "license": 0,
            "flickr_url": "",
            "coco_url": "",
            "date_captured": 0
        }
    ],
    "annotations": [
        {
            "id": 22,
            "image_id": 22,
            "category_id": 1,
            "segmentation": [
                [
                    12.51,
                    197.58,
                    35.7,
                    198.04,
                    75.35,
                    181.11,
                    199.87,
                    181.79,
                    214.94,
                    201.75,
                    223.52,
                    195.7,
                    224.0,
                    188.99,
                    224.0,
                    165.19,
                    196.42,
                    147.03,
                    160.22,
                    147.95,
                    143.99,
                    131.7,
                    143.99,
                    125.92,
                    100.86,
                    123.35
                ]
            ],
            "area": 7934.0,
            "bbox": [
                12.51,
                123.35,
                211.49,
                78.4
            ],
            "iscrowd": 0,
            "attributes": {
                "occluded": false
            }
        }
    ]
}