{
    "info": {
        "contributor": "",
        "date_created": "",
        "description": "",
        "url": "",
        "version": "",
        "year": ""
    },
    "licenses": [
        {
            "name": "",
            "id": 0,
            "url": ""
        }
    ],
    "categories": [
        {
            "id": 1,
            "name": "Road",
            "supercategory": ""
        }
    ],
    "images": [
        {
            "id": 12,
            "width": 224,
            "height": 224,
            "file_name": "1611677002131869.png",
            "license": 0,
            "flickr_url": "",
            "coco_url": "",
            "date_captured": 0
        }
    ],
    "annotations": [
        {
            "id": 12,
            "image_id": 12,
            "category_id": 1,
            "segmentation": [
                [
                    38.12,
                    187.18,
                    100.1,
                    172.89,
                    170.5,
                    176.09,
                    191.71,
                    200.71,
                    220.02,
                    201.22,
                    223.99,
                    155.97,
                    149.1,
                    125.5,
                    101.66,
                    125.49
                ]
            ],
            "area": 7404.0,
            "bbox": [
                38.12,
                125.49,
                185.87,
                75.73
            ],
            "iscrowd": 0,
            "attributes": {
                "occluded": false
            }
        }
    ]
}