{
    "info": {
        "contributor": "",
        "date_created": "",
        "description": "",
        "url": "",
        "version": "",
        "year": ""
    },
    "licenses": [
        {
            "name": "",
            "id": 0,
            "url": ""
        }
    ],
    "categories": [
        {
            "id": 1,
            "name": "Road",
            "supercategory": ""
        }
    ],
    "images": [
        {
            "id": 26,
            "width": 224,
            "height": 224,
            "file_name": "1611676880831424.png",
            "license": 0,
            "flickr_url": "",
            "coco_url": "",
            "date_captured": 0
        }
    ],
    "annotations": [
        {
            "id": 26,
            "image_id": 26,
            "category_id": 1,
            "segmentation": [
                [
                    1.31,
                    154.35,
                    0.0,
                    198.4,
                    0.0,
                    198.83,
                    35.49,
                    198.6,
                    77.3,
                    176.33,
                    174.24,
                    175.27,
                    189.86,
                    199.92,
                    223.46,
                    203.07,
                    224.0,
                    153.38,
                    224.0,
                    127.86,
                    176.86,
                    124.99,
                    109.87,
                    152.23,
                    67.53,
                    151.2,
                    30.44,
                    140.58,
                    57.5,
                    124.2,
                    0.81,
                    117.28
                ]
            ],
            "area": 11244.0,
            "bbox": [
                0.0,
                117.28,
                224.0,
                85.79
            ],
            "iscrowd": 0,
            "attributes": {
                "occluded": false
            }
        }
    ]
}