{
    "info": {
        "contributor": "",
        "date_created": "",
        "description": "",
        "url": "",
        "version": "",
        "year": ""
    },
    "licenses": [
        {
            "name": "",
            "id": 0,
            "url": ""
        }
    ],
    "categories": [
        {
            "id": 1,
            "name": "Road",
            "supercategory": ""
        }
    ],
    "images": [
        {
            "id": 14,
            "width": 224,
            "height": 224,
            "file_name": "1611676863531359.png",
            "license": 0,
            "flickr_url": "",
            "coco_url": "",
            "date_captured": 0
        }
    ],
    "annotations": [
        {
            "id": 14,
            "image_id": 14,
            "category_id": 1,
            "segmentation": [
                [
                    41.05,
                    183.5,
                    38.64,
                    195.95,
                    70.44,
                    177.12,
                    163.91,
                    176.59,
                    186.42,
                    198.6,
                    219.22,
                    194.62,
                    142.44,
                    129.73,
                    90.81,
                    127.87
                ]
            ],
            "area": 5852.0,
            "bbox": [
                38.64,
                127.87,
                180.58,
                70.73
            ],
            "iscrowd": 0,
            "attributes": {
                "occluded": false
            }
        }
    ]
}