{
    "info": {
        "contributor": "",
        "date_created": "",
        "description": "",
        "url": "",
        "version": "",
        "year": ""
    },
    "licenses": [
        {
            "name": "",
            "id": 0,
            "url": ""
        }
    ],
    "categories": [
        {
            "id": 1,
            "name": "Road",
            "supercategory": ""
        }
    ],
    "images": [
        {
            "id": 15,
            "width": 224,
            "height": 224,
            "file_name": "1611676924731587.png",
            "license": 0,
            "flickr_url": "",
            "coco_url": "",
            "date_captured": 0
        }
    ],
    "annotations": [
        {
            "id": 15,
            "image_id": 15,
            "category_id": 1,
            "segmentation": [
                [
                    2.11,
                    163.38,
                    3.19,
                    197.24,
                    37.85,
                    196.21,
                    64.59,
                    176.86,
                    155.97,
                    174.24,
                    189.3,
                    200.71,
                    220.57,
                    202.3,
                    121.52,
                    121.28,
                    79.16,
                    120.49
                ]
            ],
            "area": 8513.0,
            "bbox": [
                2.11,
                120.49,
                218.46,
                81.81
            ],
            "iscrowd": 0,
            "attributes": {
                "occluded": false
            }
        }
    ]
}