{
    "info": {
        "contributor": "",
        "date_created": "",
        "description": "",
        "url": "",
        "version": "",
        "year": ""
    },
    "licenses": [
        {
            "name": "",
            "id": 0,
            "url": ""
        }
    ],
    "categories": [
        {
            "id": 1,
            "name": "Road",
            "supercategory": ""
        }
    ],
    "images": [
        {
            "id": 86,
            "width": 224,
            "height": 224,
            "file_name": "1611677102332226.png",
            "license": 0,
            "flickr_url": "",
            "coco_url": "",
            "date_captured": 0
        }
    ],
    "annotations": [
        {
            "id": 86,
            "image_id": 86,
            "category_id": 1,
            "segmentation": [
                [
                    29.67,
                    191.71,
                    42.88,
                    191.98,
                    76.77,
                    172.89,
                    160.44,
                    176.33,
                    186.65,
                    196.48,
                    223.46,
                    201.48,
                    149.08,
                    134.49,
                    97.16,
                    133.96
                ]
            ],
            "area": 5099.0,
            "bbox": [
                29.67,
                133.96,
                193.79,
                67.52
            ],
            "iscrowd": 0,
            "attributes": {
                "occluded": false
            }
        }
    ]
}