{
    "info": {
        "contributor": "",
        "date_created": "",
        "description": "",
        "url": "",
        "version": "",
        "year": ""
    },
    "licenses": [
        {
            "name": "",
            "id": 0,
            "url": ""
        }
    ],
    "categories": [
        {
            "id": 1,
            "name": "Road",
            "supercategory": ""
        }
    ],
    "images": [
        {
            "id": 16,
            "width": 224,
            "height": 224,
            "file_name": "1611676815131178.png",
            "license": 0,
            "flickr_url": "",
            "coco_url": "",
            "date_captured": 0
        }
    ],
    "annotations": [
        {
            "id": 16,
            "image_id": 16,
            "category_id": 1,
            "segmentation": [
                [
                    29.28,
                    194.84,
                    64.75,
                    180.93,
                    159.36,
                    179.3,
                    189.51,
                    199.25,
                    224.0,
                    190.09,
                    224.0,
                    185.87,
                    194.84,
                    153.57,
                    158.67,
                    130.14,
                    91.88,
                    129.22
                ]
            ],
            "area": 7261.0,
            "bbox": [
                29.28,
                129.22,
                194.72,
                70.03
            ],
            "iscrowd": 0,
            "attributes": {
                "occluded": false
            }
        }
    ]
}