{
    "info": {
        "contributor": "",
        "date_created": "",
        "description": "",
        "url": "",
        "version": "",
        "year": ""
    },
    "licenses": [
        {
            "name": "",
            "id": 0,
            "url": ""
        }
    ],
    "categories": [
        {
            "id": 1,
            "name": "Road",
            "supercategory": ""
        }
    ],
    "images": [
        {
            "id": 77,
            "width": 224,
            "height": 224,
            "file_name": "1611677081832153.png",
            "license": 0,
            "flickr_url": "",
            "coco_url": "",
            "date_captured": 0
        }
    ],
    "annotations": [
        {
            "id": 77,
            "image_id": 77,
            "category_id": 1,
            "segmentation": [
                [
                    35.55,
                    194.68,
                    69.7,
                    174.29,
                    156.81,
                    174.55,
                    184.62,
                    194.68,
                    220.09,
                    200.77,
                    150.5,
                    132.5,
                    94.9,
                    131.4
                ]
            ],
            "area": 5018.0,
            "bbox": [
                35.55,
                131.4,
                184.54,
                69.37
            ],
            "iscrowd": 0,
            "attributes": {
                "occluded": false
            }
        }
    ]
}