{
    "info": {
        "contributor": "",
        "date_created": "",
        "description": "",
        "url": "",
        "version": "",
        "year": ""
    },
    "licenses": [
        {
            "name": "",
            "id": 0,
            "url": ""
        }
    ],
    "categories": [
        {
            "id": 1,
            "name": "Road",
            "supercategory": ""
        }
    ],
    "images": [
        {
            "id": 118,
            "width": 224,
            "height": 224,
            "file_name": "1611677168332460.png",
            "license": 0,
            "flickr_url": "",
            "coco_url": "",
            "date_captured": 0
        }
    ],
    "annotations": [
        {
            "id": 118,
            "image_id": 118,
            "category_id": 1,
            "segmentation": [
                [
                    29.4,
                    190.89,
                    47.41,
                    191.16,
                    72.8,
                    175.0,
                    157.82,
                    173.97,
                    186.42,
                    195.68,
                    223.72,
                    197.51,
                    151.47,
                    128.96,
                    107.49,
                    128.96
                ]
            ],
            "area": 5598.0,
            "bbox": [
                29.4,
                128.96,
                194.32,
                68.55
            ],
            "iscrowd": 0,
            "attributes": {
                "occluded": false
            }
        }
    ]
}