{
    "info": {
        "contributor": "",
        "date_created": "",
        "description": "",
        "url": "",
        "version": "",
        "year": ""
    },
    "licenses": [
        {
            "name": "",
            "id": 0,
            "url": ""
        }
    ],
    "categories": [
        {
            "id": 1,
            "name": "Road",
            "supercategory": ""
        }
    ],
    "images": [
        {
            "id": 119,
            "width": 224,
            "height": 224,
            "file_name": "1611677172432474.png",
            "license": 0,
            "flickr_url": "",
            "coco_url": "",
            "date_captured": 0
        }
    ],
    "annotations": [
        {
            "id": 119,
            "image_id": 119,
            "category_id": 1,
            "segmentation": [
                [
                    29.14,
                    191.98,
                    45.03,
                    193.83,
                    80.74,
                    176.59,
                    161.79,
                    176.33,
                    187.74,
                    197.24,
                    223.46,
                    197.8,
                    166.8,
                    132.67,
                    106.72,
                    131.34
                ]
            ],
            "area": 6051.0,
            "bbox": [
                29.14,
                131.34,
                194.32,
                66.46
            ],
            "iscrowd": 0,
            "attributes": {
                "occluded": false
            }
        }
    ]
}