{
    "info": {
        "contributor": "",
        "date_created": "",
        "description": "",
        "url": "",
        "version": "",
        "year": ""
    },
    "licenses": [
        {
            "name": "",
            "id": 0,
            "url": ""
        }
    ],
    "categories": [
        {
            "id": 1,
            "name": "Road",
            "supercategory": ""
        }
    ],
    "images": [
        {
            "id": 17,
            "width": 224,
            "height": 224,
            "file_name": "1611676866931372.png",
            "license": 0,
            "flickr_url": "",
            "coco_url": "",
            "date_captured": 0
        }
    ],
    "annotations": [
        {
            "id": 17,
            "image_id": 17,
            "category_id": 1,
            "segmentation": [
                [
                    0.0,
                    187.21,
                    0.81,
                    197.24,
                    46.85,
                    191.16,
                    78.63,
                    174.24,
                    160.44,
                    176.59,
                    184.54,
                    198.6,
                    212.36,
                    197.24,
                    134.23,
                    126.84,
                    90.57,
                    126.29,
                    0.0,
                    183.59
                ]
            ],
            "area": 7074.0,
            "bbox": [
                0.0,
                126.29,
                212.36,
                72.31
            ],
            "iscrowd": 0,
            "attributes": {
                "occluded": false
            }
        }
    ]
}