{
    "info": {
        "contributor": "",
        "date_created": "",
        "description": "",
        "url": "",
        "version": "",
        "year": ""
    },
    "licenses": [
        {
            "name": "",
            "id": 0,
            "url": ""
        }
    ],
    "categories": [
        {
            "id": 1,
            "name": "Road",
            "supercategory": ""
        }
    ],
    "images": [
        {
            "id": 139,
            "width": 224,
            "height": 224,
            "file_name": "1611677210832609.png",
            "license": 0,
            "flickr_url": "",
            "coco_url": "",
            "date_captured": 0
        }
    ],
    "annotations": [
        {
            "id": 139,
            "image_id": 139,
            "category_id": 1,
            "segmentation": [
                [
                    31.52,
                    195.13,
                    77.04,
                    173.44,
                    157.82,
                    173.71,
                    189.04,
                    197.51,
                    222.69,
                    199.1,
                    152.5,
                    129.73,
                    91.89,
                    127.87
                ]
            ],
            "area": 5818.0,
            "bbox": [
                31.52,
                127.87,
                191.17,
                71.23
            ],
            "iscrowd": 0,
            "attributes": {
                "occluded": false
            }
        }
    ]
}