{
    "info": {
        "contributor": "",
        "date_created": "",
        "description": "",
        "url": "",
        "version": "",
        "year": ""
    },
    "licenses": [
        {
            "name": "",
            "id": 0,
            "url": ""
        }
    ],
    "categories": [
        {
            "id": 1,
            "name": "Road",
            "supercategory": ""
        }
    ],
    "images": [
        {
            "id": 7,
            "width": 224,
            "height": 224,
            "file_name": "1611676984031804.png",
            "license": 0,
            "flickr_url": "",
            "coco_url": "",
            "date_captured": 0
        }
    ],
    "annotations": [
        {
            "id": 7,
            "image_id": 7,
            "category_id": 1,
            "segmentation": [
                [
                    26.81,
                    194.68,
                    83.74,
                    174.55,
                    172.96,
                    176.94,
                    189.65,
                    199.71,
                    223.8,
                    203.41,
                    224.0,
                    165.36,
                    224.0,
                    152.55,
                    152.31,
                    126.1,
                    97.5,
                    127.16
                ]
            ],
            "area": 7958.0,
            "bbox": [
                26.81,
                126.1,
                197.19,
                77.31
            ],
            "iscrowd": 0,
            "attributes": {
                "occluded": false
            }
        }
    ]
}