{
    "info": {
        "contributor": "",
        "date_created": "",
        "description": "",
        "url": "",
        "version": "",
        "year": ""
    },
    "licenses": [
        {
            "name": "",
            "id": 0,
            "url": ""
        }
    ],
    "categories": [
        {
            "id": 1,
            "name": "Road",
            "supercategory": ""
        }
    ],
    "images": [
        {
            "id": 33,
            "width": 224,
            "height": 224,
            "file_name": "1611677020131933.png",
            "license": 0,
            "flickr_url": "",
            "coco_url": "",
            "date_captured": 0
        }
    ],
    "annotations": [
        {
            "id": 33,
            "image_id": 33,
            "category_id": 1,
            "segmentation": [
                [
                    31.26,
                    192.74,
                    77.59,
                    173.44,
                    165.5,
                    173.15,
                    192.74,
                    199.92,
                    224.0,
                    202.78,
                    224.0,
                    202.54,
                    146.67,
                    129.49,
                    101.4,
                    128.14
                ]
            ],
            "area": 5157.0,
            "bbox": [
                31.26,
                128.14,
                192.74,
                74.64
            ],
            "iscrowd": 0,
            "attributes": {
                "occluded": false
            }
        }
    ]
}