{
    "info": {
        "contributor": "",
        "date_created": "",
        "description": "",
        "url": "",
        "version": "",
        "year": ""
    },
    "licenses": [
        {
            "name": "",
            "id": 0,
            "url": ""
        }
    ],
    "categories": [
        {
            "id": 1,
            "name": "Road",
            "supercategory": ""
        }
    ],
    "images": [
        {
            "id": 94,
            "width": 224,
            "height": 224,
            "file_name": "1611677120232289.png",
            "license": 0,
            "flickr_url": "",
            "coco_url": "",
            "date_captured": 0
        }
    ],
    "annotations": [
        {
            "id": 94,
            "image_id": 94,
            "category_id": 1,
            "segmentation": [
                [
                    51.38,
                    188.27,
                    85.8,
                    173.15,
                    157.56,
                    175.56,
                    190.12,
                    196.48,
                    223.7,
                    198.9,
                    147.7,
                    132.7,
                    96.66,
                    133.2
                ]
            ],
            "area": 4767.0,
            "bbox": [
                51.38,
                132.7,
                172.32,
                66.2
            ],
            "iscrowd": 0,
            "attributes": {
                "occluded": false
            }
        }
    ]
}