{
    "info": {
        "contributor": "",
        "date_created": "",
        "description": "",
        "url": "",
        "version": "",
        "year": ""
    },
    "licenses": [
        {
            "name": "",
            "id": 0,
            "url": ""
        }
    ],
    "categories": [
        {
            "id": 1,
            "name": "Road",
            "supercategory": ""
        }
    ],
    "images": [
        {
            "id": 112,
            "width": 224,
            "height": 224,
            "file_name": "1611677160432432.png",
            "license": 0,
            "flickr_url": "",
            "coco_url": "",
            "date_captured": 0
        }
    ],
    "annotations": [
        {
            "id": 112,
            "image_id": 112,
            "category_id": 1,
            "segmentation": [
                [
                    40.58,
                    196.0,
                    70.76,
                    175.88,
                    159.73,
                    175.61,
                    190.7,
                    198.38,
                    223.8,
                    201.56,
                    150.46,
                    129.54,
                    104.12,
                    127.95,
                    23.1,
                    196.0
                ]
            ],
            "area": 5874.0,
            "bbox": [
                23.1,
                127.95,
                200.7,
                73.61
            ],
            "iscrowd": 0,
            "attributes": {
                "occluded": false
            }
        }
    ]
}