{
    "info": {
        "contributor": "",
        "date_created": "",
        "description": "",
        "url": "",
        "version": "",
        "year": ""
    },
    "licenses": [
        {
            "name": "",
            "id": 0,
            "url": ""
        }
    ],
    "categories": [
        {
            "id": 1,
            "name": "Road",
            "supercategory": ""
        }
    ],
    "images": [
        {
            "id": 17,
            "width": 224,
            "height": 224,
            "file_name": "1611677007431888.png",
            "license": 0,
            "flickr_url": "",
            "coco_url": "",
            "date_captured": 0
        }
    ],
    "annotations": [
        {
            "id": 17,
            "image_id": 17,
            "category_id": 1,
            "segmentation": [
                [
                    36.34,
                    190.18,
                    67.85,
                    176.41,
                    166.61,
                    175.35,
                    194.41,
                    199.44,
                    221.15,
                    203.68,
                    223.54,
                    155.75,
                    147.02,
                    124.51,
                    107.3,
                    123.45
                ]
            ],
            "area": 7400.0,
            "bbox": [
                36.34,
                123.45,
                187.2,
                80.23
            ],
            "iscrowd": 0,
            "attributes": {
                "occluded": false
            }
        }
    ]
}