{
    "info": {
        "contributor": "",
        "date_created": "",
        "description": "",
        "url": "",
        "version": "",
        "year": ""
    },
    "licenses": [
        {
            "name": "",
            "id": 0,
            "url": ""
        }
    ],
    "categories": [
        {
            "id": 1,
            "name": "Road",
            "supercategory": ""
        }
    ],
    "images": [
        {
            "id": 43,
            "width": 224,
            "height": 224,
            "file_name": "1611676898231488.png",
            "license": 0,
            "flickr_url": "",
            "coco_url": "",
            "date_captured": 0
        }
    ],
    "annotations": [
        {
            "id": 43,
            "image_id": 43,
            "category_id": 1,
            "segmentation": [
                [
                    1.31,
                    148.26,
                    0.0,
                    195.75,
                    0.0,
                    196.21,
                    34.41,
                    193.54,
                    74.92,
                    173.97,
                    168.38,
                    177.41,
                    193.83,
                    200.95,
                    224.0,
                    203.03,
                    224.0,
                    192.62,
                    223.46,
                    182.18,
                    163.64,
                    151.97,
                    186.92,
                    125.76,
                    159.14,
                    122.05
                ]
            ],
            "area": 9620.0,
            "bbox": [
                0.0,
                122.05,
                224.0,
                80.98
            ],
            "iscrowd": 0,
            "attributes": {
                "occluded": false
            }
        }
    ]
}