{
    "info": {
        "contributor": "",
        "date_created": "",
        "description": "",
        "url": "",
        "version": "",
        "year": ""
    },
    "licenses": [
        {
            "name": "",
            "id": 0,
            "url": ""
        }
    ],
    "categories": [
        {
            "id": 1,
            "name": "Road",
            "supercategory": ""
        }
    ],
    "images": [
        {
            "id": 38,
            "width": 224,
            "height": 224,
            "file_name": "1611676943331655.png",
            "license": 0,
            "flickr_url": "",
            "coco_url": "",
            "date_captured": 0
        }
    ],
    "annotations": [
        {
            "id": 38,
            "image_id": 38,
            "category_id": 1,
            "segmentation": [
                [
                    27.55,
                    191.98,
                    47.94,
                    191.16,
                    68.56,
                    177.41,
                    160.44,
                    176.33,
                    188.53,
                    196.98,
                    223.99,
                    203.07,
                    224.0,
                    202.07,
                    224.0,
                    159.71,
                    132.67,
                    121.02,
                    103.01,
                    122.05
                ]
            ],
            "area": 8027.0,
            "bbox": [
                27.55,
                121.02,
                196.45,
                82.05
            ],
            "iscrowd": 0,
            "attributes": {
                "occluded": false
            }
        }
    ]
}