{
    "info": {
        "contributor": "",
        "date_created": "",
        "description": "",
        "url": "",
        "version": "",
        "year": ""
    },
    "licenses": [
        {
            "name": "",
            "id": 0,
            "url": ""
        }
    ],
    "categories": [
        {
            "id": 1,
            "name": "Road",
            "supercategory": ""
        }
    ],
    "images": [
        {
            "id": 23,
            "width": 224,
            "height": 224,
            "file_name": "1611676934231622.png",
            "license": 0,
            "flickr_url": "",
            "coco_url": "",
            "date_captured": 0
        }
    ],
    "annotations": [
        {
            "id": 23,
            "image_id": 23,
            "category_id": 1,
            "segmentation": [
                [
                    1.58,
                    135.82,
                    2.93,
                    196.98,
                    37.61,
                    197.8,
                    69.09,
                    175.56,
                    167.88,
                    177.94,
                    189.59,
                    200.95,
                    222.16,
                    204.42,
                    224.0,
                    177.19,
                    224.0,
                    164.68,
                    180.56,
                    135.05,
                    155.7,
                    119.16,
                    6.1,
                    120.5
                ]
            ],
            "area": 13301.0,
            "bbox": [
                1.58,
                119.16,
                222.42,
                85.26
            ],
            "iscrowd": 0,
            "attributes": {
                "occluded": false
            }
        }
    ]
}