{
    "info": {
        "contributor": "",
        "date_created": "",
        "description": "",
        "url": "",
        "version": "",
        "year": ""
    },
    "licenses": [
        {
            "name": "",
            "id": 0,
            "url": ""
        }
    ],
    "categories": [
        {
            "id": 1,
            "name": "Road",
            "supercategory": ""
        }
    ],
    "images": [
        {
            "id": 49,
            "width": 224,
            "height": 224,
            "file_name": "1611677040332004.png",
            "license": 0,
            "flickr_url": "",
            "coco_url": "",
            "date_captured": 0
        }
    ],
    "annotations": [
        {
            "id": 49,
            "image_id": 49,
            "category_id": 1,
            "segmentation": [
                [
                    10.92,
                    190.44,
                    39.25,
                    193.35,
                    73.41,
                    177.2,
                    171.91,
                    176.14,
                    194.68,
                    200.77,
                    223.01,
                    203.68,
                    223.8,
                    162.64,
                    140.66,
                    122.92,
                    97.24,
                    122.66
                ]
            ],
            "area": 8615.0,
            "bbox": [
                10.92,
                122.66,
                212.88,
                81.02
            ],
            "iscrowd": 0,
            "attributes": {
                "occluded": false
            }
        }
    ]
}