{
    "info": {
        "contributor": "",
        "date_created": "",
        "description": "",
        "url": "",
        "version": "",
        "year": ""
    },
    "licenses": [
        {
            "name": "",
            "id": 0,
            "url": ""
        }
    ],
    "categories": [
        {
            "id": 1,
            "name": "Road",
            "supercategory": ""
        }
    ],
    "images": [
        {
            "id": 128,
            "width": 224,
            "height": 224,
            "file_name": "1611677194632552.png",
            "license": 0,
            "flickr_url": "",
            "coco_url": "",
            "date_captured": 0
        }
    ],
    "annotations": [
        {
            "id": 128,
            "image_id": 128,
            "category_id": 1,
            "segmentation": [
                [
                    23.58,
                    190.39,
                    43.44,
                    192.24,
                    82.62,
                    175.0,
                    169.73,
                    178.98,
                    194.86,
                    199.36,
                    223.19,
                    200.18,
                    147.49,
                    132.11,
                    99.54,
                    132.11
                ]
            ],
            "area": 5667.0,
            "bbox": [
                23.58,
                132.11,
                199.61,
                68.07
            ],
            "iscrowd": 0,
            "attributes": {
                "occluded": false
            }
        }
    ]
}