{
    "info": {
        "contributor": "",
        "date_created": "",
        "description": "",
        "url": "",
        "version": "",
        "year": ""
    },
    "licenses": [
        {
            "name": "",
            "id": 0,
            "url": ""
        }
    ],
    "categories": [
        {
            "id": 1,
            "name": "Road",
            "supercategory": ""
        }
    ],
    "images": [
        {
            "id": 19,
            "width": 224,
            "height": 224,
            "file_name": "1611677009331894.png",
            "license": 0,
            "flickr_url": "",
            "coco_url": "",
            "date_captured": 0
        }
    ],
    "annotations": [
        {
            "id": 19,
            "image_id": 19,
            "category_id": 1,
            "segmentation": [
                [
                    42.4,
                    193.6,
                    68.64,
                    177.2,
                    167.93,
                    175.61,
                    188.85,
                    197.85,
                    223.27,
                    202.88,
                    224.0,
                    162.37,
                    224.0,
                    158.64,
                    146.22,
                    126.36,
                    105.45,
                    125.57
                ]
            ],
            "area": 7038.0,
            "bbox": [
                42.4,
                125.57,
                181.6,
                77.31
            ],
            "iscrowd": 0,
            "attributes": {
                "occluded": false
            }
        }
    ]
}