{
    "info": {
        "contributor": "",
        "date_created": "",
        "description": "",
        "url": "",
        "version": "",
        "year": ""
    },
    "licenses": [
        {
            "name": "",
            "id": 0,
            "url": ""
        }
    ],
    "categories": [
        {
            "id": 1,
            "name": "Road",
            "supercategory": ""
        }
    ],
    "images": [
        {
            "id": 3,
            "width": 224,
            "height": 224,
            "file_name": "1611676979931789.png",
            "license": 0,
            "flickr_url": "",
            "coco_url": "",
            "date_captured": 0
        }
    ],
    "annotations": [
        {
            "id": 3,
            "image_id": 3,
            "category_id": 1,
            "segmentation": [
                [
                    34.49,
                    187.79,
                    52.23,
                    187.53,
                    85.06,
                    175.61,
                    176.94,
                    175.35,
                    192.03,
                    200.5,
                    221.68,
                    203.68,
                    201.3,
                    129.54,
                    179.85,
                    125.04,
                    95.92,
                    125.83
                ]
            ],
            "area": 7987.0,
            "bbox": [
                34.49,
                125.04,
                187.19,
                78.64
            ],
            "iscrowd": 0,
            "attributes": {
                "occluded": false
            }
        }
    ]
}