{
    "info": {
        "contributor": "",
        "date_created": "",
        "description": "",
        "url": "",
        "version": "",
        "year": ""
    },
    "licenses": [
        {
            "name": "",
            "id": 0,
            "url": ""
        }
    ],
    "categories": [
        {
            "id": 1,
            "name": "Road",
            "supercategory": ""
        }
    ],
    "images": [
        {
            "id": 51,
            "width": 224,
            "height": 224,
            "file_name": "1611677042932014.png",
            "license": 0,
            "flickr_url": "",
            "coco_url": "",
            "date_captured": 0
        }
    ],
    "annotations": [
        {
            "id": 51,
            "image_id": 51,
            "category_id": 1,
            "segmentation": [
                [
                    10.87,
                    193.27,
                    36.79,
                    194.36,
                    72.54,
                    176.09,
                    164.15,
                    173.44,
                    190.89,
                    198.6,
                    224.0,
                    203.03,
                    224.0,
                    194.31,
                    223.19,
                    168.91,
                    147.5,
                    130.9,
                    90.8,
                    130.5
                ]
            ],
            "area": 7415.0,
            "bbox": [
                10.87,
                130.5,
                213.13,
                72.53
            ],
            "iscrowd": 0,
            "attributes": {
                "occluded": false
            }
        }
    ]
}