{
    "info": {
        "contributor": "",
        "date_created": "",
        "description": "",
        "url": "",
        "version": "",
        "year": ""
    },
    "licenses": [
        {
            "name": "",
            "id": 0,
            "url": ""
        }
    ],
    "categories": [
        {
            "id": 1,
            "name": "Road",
            "supercategory": ""
        }
    ],
    "images": [
        {
            "id": 55,
            "width": 224,
            "height": 224,
            "file_name": "1611677047732031.png",
            "license": 0,
            "flickr_url": "",
            "coco_url": "",
            "date_captured": 0
        }
    ],
    "annotations": [
        {
            "id": 55,
            "image_id": 55,
            "category_id": 1,
            "segmentation": [
                [
                    35.2,
                    192.5,
                    74.42,
                    173.97,
                    160.71,
                    175.0,
                    194.09,
                    198.6,
                    222.69,
                    203.6,
                    141.67,
                    129.49,
                    102.75,
                    127.87
                ]
            ],
            "area": 4917.0,
            "bbox": [
                35.2,
                127.87,
                187.49,
                75.73
            ],
            "iscrowd": 0,
            "attributes": {
                "occluded": false
            }
        }
    ]
}