{
    "info": {
        "contributor": "",
        "date_created": "",
        "description": "",
        "url": "",
        "version": "",
        "year": ""
    },
    "licenses": [
        {
            "name": "",
            "id": 0,
            "url": ""
        }
    ],
    "categories": [
        {
            "id": 1,
            "name": "Road",
            "supercategory": ""
        }
    ],
    "images": [
        {
            "id": 5,
            "width": 224,
            "height": 224,
            "file_name": "1611676980531791.png",
            "license": 0,
            "flickr_url": "",
            "coco_url": "",
            "date_captured": 0
        }
    ],
    "annotations": [
        {
            "id": 5,
            "image_id": 5,
            "category_id": 1,
            "segmentation": [
                [
                    32.29,
                    189.3,
                    74.42,
                    177.41,
                    169.73,
                    174.47,
                    189.86,
                    199.1,
                    222.42,
                    203.89,
                    224.0,
                    164.5,
                    224.0,
                    137.33,
                    182.95,
                    124.46,
                    98.25,
                    125.25
                ]
            ],
            "area": 8788.0,
            "bbox": [
                32.29,
                124.46,
                191.71,
                79.43
            ],
            "iscrowd": 0,
            "attributes": {
                "occluded": false
            }
        }
    ]
}