{
    "info": {
        "contributor": "",
        "date_created": "",
        "description": "",
        "url": "",
        "version": "",
        "year": ""
    },
    "licenses": [
        {
            "name": "",
            "id": 0,
            "url": ""
        }
    ],
    "categories": [
        {
            "id": 1,
            "name": "Road",
            "supercategory": ""
        }
    ],
    "images": [
        {
            "id": 26,
            "width": 224,
            "height": 224,
            "file_name": "1611676817931189.png",
            "license": 0,
            "flickr_url": "",
            "coco_url": "",
            "date_captured": 0
        }
    ],
    "annotations": [
        {
            "id": 26,
            "image_id": 26,
            "category_id": 1,
            "segmentation": [
                [
                    15.52,
                    194.56,
                    41.06,
                    195.7,
                    79.52,
                    176.94,
                    169.29,
                    177.61,
                    191.32,
                    200.59,
                    217.5,
                    195.23,
                    195.49,
                    170.21,
                    198.5,
                    155.14,
                    144.48,
                    128.68,
                    92.3,
                    128.68
                ]
            ],
            "area": 7071.0,
            "bbox": [
                15.52,
                128.68,
                201.98,
                71.91
            ],
            "iscrowd": 0,
            "attributes": {
                "occluded": false
            }
        }
    ]
}