{
    "info": {
        "contributor": "",
        "date_created": "",
        "description": "",
        "url": "",
        "version": "",
        "year": ""
    },
    "licenses": [
        {
            "name": "",
            "id": 0,
            "url": ""
        }
    ],
    "categories": [
        {
            "id": 1,
            "name": "Road",
            "supercategory": ""
        }
    ],
    "images": [
        {
            "id": 29,
            "width": 224,
            "height": 224,
            "file_name": "1611676883931436.png",
            "license": 0,
            "flickr_url": "",
            "coco_url": "",
            "date_captured": 0
        }
    ],
    "annotations": [
        {
            "id": 29,
            "image_id": 29,
            "category_id": 1,
            "segmentation": [
                [
                    4.78,
                    193.27,
                    42.09,
                    195.13,
                    82.62,
                    174.47,
                    157.56,
                    177.12,
                    188.0,
                    199.92,
                    222.16,
                    204.42,
                    224.0,
                    191.11,
                    224.0,
                    186.79,
                    145.88,
                    129.73,
                    92.69,
                    127.87
                ]
            ],
            "area": 7605.0,
            "bbox": [
                4.78,
                127.87,
                219.22,
                76.55
            ],
            "iscrowd": 0,
            "attributes": {
                "occluded": false
            }
        }
    ]
}