{
    "info": {
        "contributor": "",
        "date_created": "",
        "description": "",
        "url": "",
        "version": "",
        "year": ""
    },
    "licenses": [
        {
            "name": "",
            "id": 0,
            "url": ""
        }
    ],
    "categories": [
        {
            "id": 1,
            "name": "Road",
            "supercategory": ""
        }
    ],
    "images": [
        {
            "id": 165,
            "width": 224,
            "height": 224,
            "file_name": "1611677320732987.png",
            "license": 0,
            "flickr_url": "",
            "coco_url": "",
            "date_captured": 0
        }
    ],
    "annotations": [
        {
            "id": 165,
            "image_id": 165,
            "category_id": 1,
            "segmentation": [
                [
                    20.11,
                    190.89,
                    42.35,
                    191.16,
                    85.24,
                    171.59,
                    172.12,
                    173.97,
                    189.86,
                    197.51,
                    224.0,
                    196.49,
                    224.0,
                    196.26,
                    139.8,
                    131.3,
                    79.42,
                    131.08
                ]
            ],
            "area": 5834.0,
            "bbox": [
                20.11,
                131.08,
                203.89,
                66.43
            ],
            "iscrowd": 0,
            "attributes": {
                "occluded": false
            }
        }
    ]
}