{
    "info": {
        "contributor": "",
        "date_created": "",
        "description": "",
        "url": "",
        "version": "",
        "year": ""
    },
    "licenses": [
        {
            "name": "",
            "id": 0,
            "url": ""
        }
    ],
    "categories": [
        {
            "id": 1,
            "name": "Road",
            "supercategory": ""
        }
    ],
    "images": [
        {
            "id": 48,
            "width": 224,
            "height": 224,
            "file_name": "1611676846631296.png",
            "license": 0,
            "flickr_url": "",
            "coco_url": "",
            "date_captured": 0
        }
    ],
    "annotations": [
        {
            "id": 48,
            "image_id": 48,
            "category_id": 1,
            "segmentation": [
                [
                    0.0,
                    197.57,
                    39.87,
                    197.11,
                    66.56,
                    177.61,
                    167.2,
                    176.68,
                    187.84,
                    200.34,
                    223.99,
                    203.14,
                    224.0,
                    201.71,
                    224.0,
                    174.45,
                    163.23,
                    134.94,
                    163.2,
                    123.6,
                    121.5,
                    122.0,
                    1.61,
                    169.06,
                    0.0,
                    191.08
                ]
            ],
            "area": 9623.0,
            "bbox": [
                0.0,
                122.0,
                224.0,
                81.14
            ],
            "iscrowd": 0,
            "attributes": {
                "occluded": false
            }
        }
    ]
}