{
    "info": {
        "contributor": "",
        "date_created": "",
        "description": "",
        "url": "",
        "version": "",
        "year": ""
    },
    "licenses": [
        {
            "name": "",
            "id": 0,
            "url": ""
        }
    ],
    "categories": [
        {
            "id": 1,
            "name": "Road",
            "supercategory": ""
        }
    ],
    "images": [
        {
            "id": 5,
            "width": 224,
            "height": 224,
            "file_name": "1611676856431333.png",
            "license": 0,
            "flickr_url": "",
            "coco_url": "",
            "date_captured": 0
        }
    ],
    "annotations": [
        {
            "id": 5,
            "image_id": 5,
            "category_id": 1,
            "segmentation": [
                [
                    0.0,
                    181.46,
                    0.28,
                    196.72,
                    38.64,
                    197.8,
                    71.21,
                    176.59,
                    160.97,
                    174.47,
                    191.42,
                    197.51,
                    224.0,
                    199.32,
                    224.0,
                    195.13,
                    222.69,
                    188.27,
                    103.78,
                    127.87,
                    45.82,
                    128.69,
                    0.0,
                    166.04
                ]
            ],
            "area": 8392.0,
            "bbox": [
                0.0,
                127.87,
                224.0,
                71.45
            ],
            "iscrowd": 0,
            "attributes": {
                "occluded": false
            }
        }
    ]
}