{
    "info": {
        "contributor": "",
        "date_created": "",
        "description": "",
        "url": "",
        "version": "",
        "year": ""
    },
    "licenses": [
        {
            "name": "",
            "id": 0,
            "url": ""
        }
    ],
    "categories": [
        {
            "id": 1,
            "name": "Road",
            "supercategory": ""
        }
    ],
    "images": [
        {
            "id": 74,
            "width": 224,
            "height": 224,
            "file_name": "1611677075132129.png",
            "license": 0,
            "flickr_url": "",
            "coco_url": "",
            "date_captured": 0
        }
    ],
    "annotations": [
        {
            "id": 74,
            "image_id": 74,
            "category_id": 1,
            "segmentation": [
                [
                    41.11,
                    187.53,
                    72.35,
                    173.49,
                    158.67,
                    174.02,
                    191.23,
                    198.65,
                    222.48,
                    201.83,
                    145.16,
                    126.89,
                    99.89,
                    125.04
                ]
            ],
            "area": 5386.0,
            "bbox": [
                41.11,
                125.04,
                181.37,
                76.79
            ],
            "iscrowd": 0,
            "attributes": {
                "occluded": false
            }
        }
    ]
}