{
    "info": {
        "contributor": "",
        "date_created": "",
        "description": "",
        "url": "",
        "version": "",
        "year": ""
    },
    "licenses": [
        {
            "name": "",
            "id": 0,
            "url": ""
        }
    ],
    "categories": [
        {
            "id": 1,
            "name": "Road",
            "supercategory": ""
        }
    ],
    "images": [
        {
            "id": 10,
            "width": 224,
            "height": 224,
            "file_name": "1611676996731849.png",
            "license": 0,
            "flickr_url": "",
            "coco_url": "",
            "date_captured": 0
        }
    ],
    "annotations": [
        {
            "id": 10,
            "image_id": 10,
            "category_id": 1,
            "segmentation": [
                [
                    37.67,
                    178.26,
                    36.61,
                    192.29,
                    88.5,
                    174.02,
                    176.41,
                    178.79,
                    194.15,
                    201.03,
                    223.54,
                    202.09,
                    221.42,
                    154.17,
                    148.1,
                    124.0,
                    99.09,
                    123.72
                ]
            ],
            "area": 8188.0,
            "bbox": [
                36.61,
                123.72,
                186.93,
                78.37
            ],
            "iscrowd": 0,
            "attributes": {
                "occluded": false
            }
        }
    ]
}