{
    "info": {
        "contributor": "",
        "date_created": "",
        "description": "",
        "url": "",
        "version": "",
        "year": ""
    },
    "licenses": [
        {
            "name": "",
            "id": 0,
            "url": ""
        }
    ],
    "categories": [
        {
            "id": 1,
            "name": "Road",
            "supercategory": ""
        }
    ],
    "images": [
        {
            "id": 117,
            "width": 224,
            "height": 224,
            "file_name": "1611677165832451.png",
            "license": 0,
            "flickr_url": "",
            "coco_url": "",
            "date_captured": 0
        }
    ],
    "annotations": [
        {
            "id": 117,
            "image_id": 117,
            "category_id": 1,
            "segmentation": [
                [
                    21.7,
                    193.27,
                    42.62,
                    193.83,
                    71.5,
                    175.27,
                    159.67,
                    173.44,
                    190.39,
                    196.48,
                    220.02,
                    197.51,
                    153.32,
                    129.73,
                    108.31,
                    130.81
                ]
            ],
            "area": 5453.0,
            "bbox": [
                21.7,
                129.73,
                198.32,
                67.78
            ],
            "iscrowd": 0,
            "attributes": {
                "occluded": false
            }
        }
    ]
}