{
    "info": {
        "contributor": "",
        "date_created": "",
        "description": "",
        "url": "",
        "version": "",
        "year": ""
    },
    "licenses": [
        {
            "name": "",
            "id": 0,
            "url": ""
        }
    ],
    "categories": [
        {
            "id": 1,
            "name": "Road",
            "supercategory": ""
        }
    ],
    "images": [
        {
            "id": 141,
            "width": 224,
            "height": 224,
            "file_name": "1611677213832619.png",
            "license": 0,
            "flickr_url": "",
            "coco_url": "",
            "date_captured": 0
        }
    ],
    "annotations": [
        {
            "id": 141,
            "image_id": 141,
            "category_id": 1,
            "segmentation": [
                [
                    36.61,
                    194.15,
                    76.85,
                    175.35,
                    161.31,
                    174.82,
                    188.06,
                    195.47,
                    223.27,
                    196.53,
                    146.22,
                    131.92,
                    97.5,
                    131.66
                ]
            ],
            "area": 5060.0,
            "bbox": [
                36.61,
                131.66,
                186.66,
                64.87
            ],
            "iscrowd": 0,
            "attributes": {
                "occluded": false
            }
        }
    ]
}