{
    "info": {
        "contributor": "",
        "date_created": "",
        "description": "",
        "url": "",
        "version": "",
        "year": ""
    },
    "licenses": [
        {
            "name": "",
            "id": 0,
            "url": ""
        }
    ],
    "categories": [
        {
            "id": 1,
            "name": "Road",
            "supercategory": ""
        }
    ],
    "images": [
        {
            "id": 71,
            "width": 224,
            "height": 224,
            "file_name": "1611677070432111.png",
            "license": 0,
            "flickr_url": "",
            "coco_url": "",
            "date_captured": 0
        }
    ],
    "annotations": [
        {
            "id": 71,
            "image_id": 71,
            "category_id": 1,
            "segmentation": [
                [
                    24.08,
                    193.01,
                    40.76,
                    194.36,
                    80.24,
                    173.97,
                    158.85,
                    174.47,
                    188.27,
                    194.09,
                    221.1,
                    200.18,
                    143.0,
                    128.7,
                    93.45,
                    128.14
                ]
            ],
            "area": 5724.0,
            "bbox": [
                24.08,
                128.14,
                197.02,
                72.04
            ],
            "iscrowd": 0,
            "attributes": {
                "occluded": false
            }
        }
    ]
}