{
    "info": {
        "contributor": "",
        "date_created": "",
        "description": "",
        "url": "",
        "version": "",
        "year": ""
    },
    "licenses": [
        {
            "name": "",
            "id": 0,
            "url": ""
        }
    ],
    "categories": [
        {
            "id": 1,
            "name": "Road",
            "supercategory": ""
        }
    ],
    "images": [
        {
            "id": 178,
            "width": 224,
            "height": 224,
            "file_name": "1611677346533076.png",
            "license": 0,
            "flickr_url": "",
            "coco_url": "",
            "date_captured": 0
        }
    ],
    "annotations": [
        {
            "id": 178,
            "image_id": 178,
            "category_id": 1,
            "segmentation": [
                [
                    15.61,
                    191.98,
                    41.05,
                    191.98,
                    74.65,
                    175.27,
                    158.59,
                    172.36,
                    185.07,
                    197.24,
                    212.1,
                    199.36,
                    162.3,
                    132.9,
                    77.59,
                    132.93
                ]
            ],
            "area": 6300.0,
            "bbox": [
                15.61,
                132.9,
                196.49,
                66.46
            ],
            "iscrowd": 0,
            "attributes": {
                "occluded": false
            }
        }
    ]
}