{
    "info": {
        "contributor": "",
        "date_created": "",
        "description": "",
        "url": "",
        "version": "",
        "year": ""
    },
    "licenses": [
        {
            "name": "",
            "id": 0,
            "url": ""
        }
    ],
    "categories": [
        {
            "id": 1,
            "name": "Road",
            "supercategory": ""
        }
    ],
    "images": [
        {
            "id": 5,
            "width": 224,
            "height": 224,
            "file_name": "1611676809231156.png",
            "license": 0,
            "flickr_url": "",
            "coco_url": "",
            "date_captured": 0
        }
    ],
    "annotations": [
        {
            "id": 5,
            "image_id": 5,
            "category_id": 1,
            "segmentation": [
                [
                    28.05,
                    189.86,
                    42.35,
                    195.68,
                    72.03,
                    178.45,
                    159.67,
                    178.71,
                    180.56,
                    192.74,
                    218.98,
                    192.74,
                    137.67,
                    128.69,
                    81.54,
                    128.96
                ]
            ],
            "area": 6441.0,
            "bbox": [
                28.05,
                128.69,
                190.93,
                66.99
            ],
            "iscrowd": 0,
            "attributes": {
                "occluded": false
            }
        }
    ]
}