{
    "info": {
        "contributor": "",
        "date_created": "",
        "description": "",
        "url": "",
        "version": "",
        "year": ""
    },
    "licenses": [
        {
            "name": "",
            "id": 0,
            "url": ""
        }
    ],
    "categories": [
        {
            "id": 1,
            "name": "Road",
            "supercategory": ""
        }
    ],
    "images": [
        {
            "id": 152,
            "width": 224,
            "height": 224,
            "file_name": "1611677242632719.png",
            "license": 0,
            "flickr_url": "",
            "coco_url": "",
            "date_captured": 0
        }
    ],
    "annotations": [
        {
            "id": 152,
            "image_id": 152,
            "category_id": 1,
            "segmentation": [
                [
                    22.23,
                    190.39,
                    44.2,
                    189.59,
                    77.04,
                    174.74,
                    167.62,
                    175.56,
                    187.18,
                    198.07,
                    224.0,
                    198.59,
                    224.0,
                    198.35,
                    148.53,
                    131.08,
                    96.39,
                    130.26
                ]
            ],
            "area": 5855.0,
            "bbox": [
                22.23,
                130.26,
                201.77,
                68.33
            ],
            "iscrowd": 0,
            "attributes": {
                "occluded": false
            }
        }
    ]
}