{
    "info": {
        "contributor": "",
        "date_created": "",
        "description": "",
        "url": "",
        "version": "",
        "year": ""
    },
    "licenses": [
        {
            "name": "",
            "id": 0,
            "url": ""
        }
    ],
    "categories": [
        {
            "id": 1,
            "name": "Road",
            "supercategory": ""
        }
    ],
    "images": [
        {
            "id": 1,
            "width": 224,
            "height": 224,
            "file_name": "1611676851331314.png",
            "license": 0,
            "flickr_url": "",
            "coco_url": "",
            "date_captured": 0
        }
    ],
    "annotations": [
        {
            "id": 1,
            "image_id": 1,
            "category_id": 1,
            "segmentation": [
                [
                    0.81,
                    178.71,
                    1.31,
                    199.1,
                    37.08,
                    198.83,
                    65.68,
                    180.56,
                    162.29,
                    178.21,
                    188.27,
                    198.83,
                    223.99,
                    202.04,
                    134.78,
                    128.69,
                    80.51,
                    128.14
                ]
            ],
            "area": 8092.0,
            "bbox": [
                0.81,
                128.14,
                223.18,
                73.9
            ],
            "iscrowd": 0,
            "attributes": {
                "occluded": false
            }
        }
    ]
}