{
    "info": {
        "contributor": "",
        "date_created": "",
        "description": "",
        "url": "",
        "version": "",
        "year": ""
    },
    "licenses": [
        {
            "name": "",
            "id": 0,
            "url": ""
        }
    ],
    "categories": [
        {
            "id": 1,
            "name": "Road",
            "supercategory": ""
        }
    ],
    "images": [
        {
            "id": 176,
            "width": 224,
            "height": 224,
            "file_name": "1611677342833062.png",
            "license": 0,
            "flickr_url": "",
            "coco_url": "",
            "date_captured": 0
        }
    ],
    "annotations": [
        {
            "id": 176,
            "image_id": 176,
            "category_id": 1,
            "segmentation": [
                [
                    17.49,
                    190.12,
                    45.82,
                    192.24,
                    78.63,
                    173.71,
                    159.14,
                    171.85,
                    188.0,
                    194.86,
                    224.0,
                    196.77,
                    224.0,
                    193.73,
                    146.14,
                    129.73,
                    92.69,
                    128.4
                ]
            ],
            "area": 6210.0,
            "bbox": [
                17.49,
                128.4,
                206.51,
                68.37
            ],
            "iscrowd": 0,
            "attributes": {
                "occluded": false
            }
        }
    ]
}