{
    "info": {
        "contributor": "",
        "date_created": "",
        "description": "",
        "url": "",
        "version": "",
        "year": ""
    },
    "licenses": [
        {
            "name": "",
            "id": 0,
            "url": ""
        }
    ],
    "categories": [
        {
            "id": 1,
            "name": "Road",
            "supercategory": ""
        }
    ],
    "images": [
        {
            "id": 52,
            "width": 224,
            "height": 224,
            "file_name": "1611676970331754.png",
            "license": 0,
            "flickr_url": "",
            "coco_url": "",
            "date_captured": 0
        }
    ],
    "annotations": [
        {
            "id": 52,
            "image_id": 52,
            "category_id": 1,
            "segmentation": [
                [
                    9.86,
                    193.62,
                    44.02,
                    194.68,
                    74.73,
                    175.88,
                    158.4,
                    176.67,
                    189.91,
                    199.18,
                    222.48,
                    203.41,
                    224.0,
                    159.27,
                    224.0,
                    149.53,
                    140.4,
                    116.3,
                    121.33,
                    117.63,
                    121.33,
                    123.45,
                    106.24,
                    125.04,
                    105.18,
                    116.83,
                    93.0,
                    116.57
                ]
            ],
            "area": 10143.0,
            "bbox": [
                9.86,
                116.3,
                214.14,
                87.11
            ],
            "iscrowd": 0,
            "attributes": {
                "occluded": false
            }
        }
    ]
}