{
    "info": {
        "contributor": "",
        "date_created": "",
        "description": "",
        "url": "",
        "version": "",
        "year": ""
    },
    "licenses": [
        {
            "name": "",
            "id": 0,
            "url": ""
        }
    ],
    "categories": [
        {
            "id": 1,
            "name": "Road",
            "supercategory": ""
        }
    ],
    "images": [
        {
            "id": 132,
            "width": 224,
            "height": 224,
            "file_name": "1611677201232575.png",
            "license": 0,
            "flickr_url": "",
            "coco_url": "",
            "date_captured": 0
        }
    ],
    "annotations": [
        {
            "id": 132,
            "image_id": 132,
            "category_id": 1,
            "segmentation": [
                [
                    36.53,
                    195.95,
                    71.5,
                    175.27,
                    163.91,
                    175.56,
                    190.39,
                    197.8,
                    223.72,
                    199.63,
                    140.58,
                    131.85,
                    99.28,
                    132.67
                ]
            ],
            "area": 4721.0,
            "bbox": [
                36.53,
                131.85,
                187.19,
                67.78
            ],
            "iscrowd": 0,
            "attributes": {
                "occluded": false
            }
        }
    ]
}