{
    "info": {
        "contributor": "",
        "date_created": "",
        "description": "",
        "url": "",
        "version": "",
        "year": ""
    },
    "licenses": [
        {
            "name": "",
            "id": 0,
            "url": ""
        }
    ],
    "categories": [
        {
            "id": 1,
            "name": "Road",
            "supercategory": ""
        }
    ],
    "images": [
        {
            "id": 21,
            "width": 224,
            "height": 224,
            "file_name": "1611676876731408.png",
            "license": 0,
            "flickr_url": "",
            "coco_url": "",
            "date_captured": 0
        }
    ],
    "annotations": [
        {
            "id": 21,
            "image_id": 21,
            "category_id": 1,
            "segmentation": [
                [
                    1.31,
                    178.21,
                    1.84,
                    199.36,
                    37.61,
                    199.36,
                    75.45,
                    176.86,
                    170.5,
                    175.56,
                    190.89,
                    201.22,
                    221.87,
                    197.8,
                    157.29,
                    139.79,
                    161.79,
                    128.14,
                    94.27,
                    127.37
                ]
            ],
            "area": 7966.0,
            "bbox": [
                1.31,
                127.37,
                220.56,
                73.85
            ],
            "iscrowd": 0,
            "attributes": {
                "occluded": false
            }
        }
    ]
}