{
    "info": {
        "contributor": "",
        "date_created": "",
        "description": "",
        "url": "",
        "version": "",
        "year": ""
    },
    "licenses": [
        {
            "name": "",
            "id": 0,
            "url": ""
        }
    ],
    "categories": [
        {
            "id": 1,
            "name": "Road",
            "supercategory": ""
        }
    ],
    "images": [
        {
            "id": 15,
            "width": 224,
            "height": 224,
            "file_name": "1611676864031362.png",
            "license": 0,
            "flickr_url": "",
            "coco_url": "",
            "date_captured": 0
        }
    ],
    "annotations": [
        {
            "id": 15,
            "image_id": 15,
            "category_id": 1,
            "segmentation": [
                [
                    23.58,
                    183.5,
                    46.32,
                    190.89,
                    71.21,
                    177.94,
                    167.62,
                    177.68,
                    188.77,
                    199.1,
                    215.25,
                    199.1,
                    143.52,
                    130.81,
                    87.92,
                    129.99
                ]
            ],
            "area": 6102.0,
            "bbox": [
                23.58,
                129.99,
                191.67,
                69.11
            ],
            "iscrowd": 0,
            "attributes": {
                "occluded": false
            }
        }
    ]
}