{
    "info": {
        "contributor": "",
        "date_created": "",
        "description": "",
        "url": "",
        "version": "",
        "year": ""
    },
    "licenses": [
        {
            "name": "",
            "id": 0,
            "url": ""
        }
    ],
    "categories": [
        {
            "id": 1,
            "name": "Road",
            "supercategory": ""
        }
    ],
    "images": [
        {
            "id": 35,
            "width": 224,
            "height": 224,
            "file_name": "1611677021931939.png",
            "license": 0,
            "flickr_url": "",
            "coco_url": "",
            "date_captured": 0
        }
    ],
    "annotations": [
        {
            "id": 35,
            "image_id": 35,
            "category_id": 1,
            "segmentation": [
                [
                    12.72,
                    192.5,
                    44.47,
                    194.09,
                    71.5,
                    172.89,
                    169.18,
                    175.82,
                    194.09,
                    198.33,
                    222.69,
                    202.57,
                    145.11,
                    126.84,
                    95.31,
                    126.84
                ]
            ],
            "area": 6227.0,
            "bbox": [
                12.72,
                126.84,
                209.97,
                75.73
            ],
            "iscrowd": 0,
            "attributes": {
                "occluded": false
            }
        }
    ]
}