{
    "info": {
        "contributor": "",
        "date_created": "",
        "description": "",
        "url": "",
        "version": "",
        "year": ""
    },
    "licenses": [
        {
            "name": "",
            "id": 0,
            "url": ""
        }
    ],
    "categories": [
        {
            "id": 1,
            "name": "Road",
            "supercategory": ""
        }
    ],
    "images": [
        {
            "id": 107,
            "width": 224,
            "height": 224,
            "file_name": "1611677145432378.png",
            "license": 0,
            "flickr_url": "",
            "coco_url": "",
            "date_captured": 0
        }
    ],
    "annotations": [
        {
            "id": 107,
            "image_id": 107,
            "category_id": 1,
            "segmentation": [
                [
                    31.76,
                    195.68,
                    71.21,
                    175.27,
                    159.94,
                    174.24,
                    186.42,
                    196.48,
                    224.0,
                    196.71,
                    224.0,
                    196.45,
                    153.58,
                    129.99,
                    99.54,
                    129.22
                ]
            ],
            "area": 5619.0,
            "bbox": [
                31.76,
                129.22,
                192.24,
                67.49
            ],
            "iscrowd": 0,
            "attributes": {
                "occluded": false
            }
        }
    ]
}