{
    "info": {
        "contributor": "",
        "date_created": "",
        "description": "",
        "url": "",
        "version": "",
        "year": ""
    },
    "licenses": [
        {
            "name": "",
            "id": 0,
            "url": ""
        }
    ],
    "categories": [
        {
            "id": 1,
            "name": "Road",
            "supercategory": ""
        }
    ],
    "images": [
        {
            "id": 97,
            "width": 224,
            "height": 224,
            "file_name": "1611677134632340.png",
            "license": 0,
            "flickr_url": "",
            "coco_url": "",
            "date_captured": 0
        }
    ],
    "annotations": [
        {
            "id": 97,
            "image_id": 97,
            "category_id": 1,
            "segmentation": [
                [
                    38.64,
                    193.54,
                    74.65,
                    175.0,
                    161.79,
                    175.27,
                    186.65,
                    197.8,
                    223.99,
                    200.45,
                    150.64,
                    132.67,
                    102.48,
                    132.67
                ]
            ],
            "area": 4939.0,
            "bbox": [
                38.64,
                132.67,
                185.35,
                67.78
            ],
            "iscrowd": 0,
            "attributes": {
                "occluded": false
            }
        }
    ]
}