{
    "info": {
        "contributor": "",
        "date_created": "",
        "description": "",
        "url": "",
        "version": "",
        "year": ""
    },
    "licenses": [
        {
            "name": "",
            "id": 0,
            "url": ""
        }
    ],
    "categories": [
        {
            "id": 1,
            "name": "Road",
            "supercategory": ""
        }
    ],
    "images": [
        {
            "id": 104,
            "width": 224,
            "height": 224,
            "file_name": "1611677141832366.png",
            "license": 0,
            "flickr_url": "",
            "coco_url": "",
            "date_captured": 0
        }
    ],
    "annotations": [
        {
            "id": 104,
            "image_id": 104,
            "category_id": 1,
            "segmentation": [
                [
                    31.76,
                    196.98,
                    71.5,
                    174.74,
                    160.97,
                    173.44,
                    191.16,
                    197.51,
                    223.72,
                    198.83,
                    224.0,
                    192.74,
                    224.0,
                    174.48,
                    151.47,
                    127.87,
                    105.63,
                    128.4
                ]
            ],
            "area": 6243.0,
            "bbox": [
                31.76,
                127.87,
                192.24,
                70.96
            ],
            "iscrowd": 0,
            "attributes": {
                "occluded": false
            }
        }
    ]
}