{
    "info": {
        "contributor": "",
        "date_created": "",
        "description": "",
        "url": "",
        "version": "",
        "year": ""
    },
    "licenses": [
        {
            "name": "",
            "id": 0,
            "url": ""
        }
    ],
    "categories": [
        {
            "id": 1,
            "name": "Road",
            "supercategory": ""
        }
    ],
    "images": [
        {
            "id": 135,
            "width": 224,
            "height": 224,
            "file_name": "1611677207832598.png",
            "license": 0,
            "flickr_url": "",
            "coco_url": "",
            "date_captured": 0
        }
    ],
    "annotations": [
        {
            "id": 135,
            "image_id": 135,
            "category_id": 1,
            "segmentation": [
                [
                    35.49,
                    196.98,
                    64.33,
                    176.33,
                    163.64,
                    175.56,
                    190.89,
                    196.72,
                    224.0,
                    199.34,
                    224.0,
                    199.08,
                    154.6,
                    130.3,
                    92.92,
                    130.55
                ]
            ],
            "area": 5612.0,
            "bbox": [
                35.49,
                130.3,
                188.51,
                69.04
            ],
            "iscrowd": 0,
            "attributes": {
                "occluded": false
            }
        }
    ]
}