{
    "info": {
        "contributor": "",
        "date_created": "",
        "description": "",
        "url": "",
        "version": "",
        "year": ""
    },
    "licenses": [
        {
            "name": "",
            "id": 0,
            "url": ""
        }
    ],
    "categories": [
        {
            "id": 1,
            "name": "Road",
            "supercategory": ""
        }
    ],
    "images": [
        {
            "id": 6,
            "width": 224,
            "height": 224,
            "file_name": "1611676909131529.png",
            "license": 0,
            "flickr_url": "",
            "coco_url": "",
            "date_captured": 0
        }
    ],
    "annotations": [
        {
            "id": 6,
            "image_id": 6,
            "category_id": 1,
            "segmentation": [
                [
                    9.28,
                    194.62,
                    37.61,
                    194.86,
                    73.89,
                    173.44,
                    163.91,
                    175.27,
                    188.53,
                    198.07,
                    213.4,
                    198.6,
                    135.82,
                    126.58,
                    90.81,
                    125.76
                ]
            ],
            "area": 6075.0,
            "bbox": [
                9.28,
                125.76,
                204.12,
                72.84
            ],
            "iscrowd": 0,
            "attributes": {
                "occluded": false
            }
        }
    ]
}