{
    "info": {
        "contributor": "",
        "date_created": "",
        "description": "",
        "url": "",
        "version": "",
        "year": ""
    },
    "licenses": [
        {
            "name": "",
            "id": 0,
            "url": ""
        }
    ],
    "categories": [
        {
            "id": 1,
            "name": "Road",
            "supercategory": ""
        }
    ],
    "images": [
        {
            "id": 130,
            "width": 224,
            "height": 224,
            "file_name": "1611677199432570.png",
            "license": 0,
            "flickr_url": "",
            "coco_url": "",
            "date_captured": 0
        }
    ],
    "annotations": [
        {
            "id": 130,
            "image_id": 130,
            "category_id": 1,
            "segmentation": [
                [
                    30.0,
                    195.7,
                    72.9,
                    176.4,
                    164.76,
                    176.14,
                    191.76,
                    196.27,
                    223.5,
                    194.1,
                    142.52,
                    132.45,
                    99.62,
                    131.92
                ]
            ],
            "area": 5089.0,
            "bbox": [
                30.0,
                131.92,
                193.5,
                64.35
            ],
            "iscrowd": 0,
            "attributes": {
                "occluded": false
            }
        }
    ]
}