{
    "info": {
        "contributor": "",
        "date_created": "",
        "description": "",
        "url": "",
        "version": "",
        "year": ""
    },
    "licenses": [
        {
            "name": "",
            "id": 0,
            "url": ""
        }
    ],
    "categories": [
        {
            "id": 1,
            "name": "Road",
            "supercategory": ""
        }
    ],
    "images": [
        {
            "id": 72,
            "width": 224,
            "height": 224,
            "file_name": "1611677071632116.png",
            "license": 0,
            "flickr_url": "",
            "coco_url": "",
            "date_captured": 0
        }
    ],
    "annotations": [
        {
            "id": 72,
            "image_id": 72,
            "category_id": 1,
            "segmentation": [
                [
                    28.66,
                    189.91,
                    48.26,
                    190.18,
                    75.26,
                    173.23,
                    161.31,
                    175.61,
                    189.12,
                    197.06,
                    218.77,
                    200.5,
                    141.8,
                    129.3,
                    89.3,
                    129.3
                ]
            ],
            "area": 5564.0,
            "bbox": [
                28.66,
                129.3,
                190.11,
                71.2
            ],
            "iscrowd": 0,
            "attributes": {
                "occluded": false
            }
        }
    ]
}