{
    "info": {
        "contributor": "",
        "date_created": "",
        "description": "",
        "url": "",
        "version": "",
        "year": ""
    },
    "licenses": [
        {
            "name": "",
            "id": 0,
            "url": ""
        }
    ],
    "categories": [
        {
            "id": 1,
            "name": "Road",
            "supercategory": ""
        }
    ],
    "images": [
        {
            "id": 9,
            "width": 224,
            "height": 224,
            "file_name": "1611676993131837.png",
            "license": 0,
            "flickr_url": "",
            "coco_url": "",
            "date_captured": 0
        }
    ],
    "annotations": [
        {
            "id": 9,
            "image_id": 9,
            "category_id": 1,
            "segmentation": [
                [
                    26.76,
                    188.77,
                    43.7,
                    191.42,
                    77.04,
                    173.97,
                    158.06,
                    174.74,
                    186.15,
                    197.51,
                    222.95,
                    205.45,
                    224.0,
                    184.09,
                    224.0,
                    156.73,
                    150.38,
                    125.25,
                    95.9,
                    124.5
                ]
            ],
            "area": 8262.0,
            "bbox": [
                26.76,
                124.5,
                197.24,
                80.95
            ],
            "iscrowd": 0,
            "attributes": {
                "occluded": false
            }
        }
    ]
}