{
    "info": {
        "contributor": "",
        "date_created": "",
        "description": "",
        "url": "",
        "version": "",
        "year": ""
    },
    "licenses": [
        {
            "name": "",
            "id": 0,
            "url": ""
        }
    ],
    "categories": [
        {
            "id": 1,
            "name": "Road",
            "supercategory": ""
        }
    ],
    "images": [
        {
            "id": 73,
            "width": 224,
            "height": 224,
            "file_name": "1611677071732117.png",
            "license": 0,
            "flickr_url": "",
            "coco_url": "",
            "date_captured": 0
        }
    ],
    "annotations": [
        {
            "id": 73,
            "image_id": 73,
            "category_id": 1,
            "segmentation": [
                [
                    20.19,
                    191.23,
                    43.49,
                    191.5,
                    78.97,
                    171.91,
                    158.67,
                    175.35,
                    191.23,
                    196.27,
                    221.42,
                    201.3,
                    141.2,
                    129.5,
                    93.8,
                    130.3
                ]
            ],
            "area": 5530.0,
            "bbox": [
                20.19,
                129.5,
                201.23,
                71.8
            ],
            "iscrowd": 0,
            "attributes": {
                "occluded": false
            }
        }
    ]
}