{
    "info": {
        "contributor": "",
        "date_created": "",
        "description": "",
        "url": "",
        "version": "",
        "year": ""
    },
    "licenses": [
        {
            "name": "",
            "id": 0,
            "url": ""
        }
    ],
    "categories": [
        {
            "id": 1,
            "name": "Road",
            "supercategory": ""
        }
    ],
    "images": [
        {
            "id": 122,
            "width": 224,
            "height": 224,
            "file_name": "1611677175432485.png",
            "license": 0,
            "flickr_url": "",
            "coco_url": "",
            "date_captured": 0
        }
    ],
    "annotations": [
        {
            "id": 122,
            "image_id": 122,
            "category_id": 1,
            "segmentation": [
                [
                    36.26,
                    194.86,
                    69.65,
                    176.09,
                    164.15,
                    175.56,
                    195.68,
                    200.45,
                    224.0,
                    202.27,
                    224.0,
                    201.67,
                    164.5,
                    132.2,
                    112.5,
                    131.9
                ]
            ],
            "area": 5210.0,
            "bbox": [
                36.26,
                131.9,
                187.74,
                70.37
            ],
            "iscrowd": 0,
            "attributes": {
                "occluded": false
            }
        }
    ]
}