{
    "info": {
        "contributor": "",
        "date_created": "",
        "description": "",
        "url": "",
        "version": "",
        "year": ""
    },
    "licenses": [
        {
            "name": "",
            "id": 0,
            "url": ""
        }
    ],
    "categories": [
        {
            "id": 1,
            "name": "Road",
            "supercategory": ""
        }
    ],
    "images": [
        {
            "id": 106,
            "width": 224,
            "height": 224,
            "file_name": "1611677144232375.png",
            "license": 0,
            "flickr_url": "",
            "coco_url": "",
            "date_captured": 0
        }
    ],
    "annotations": [
        {
            "id": 106,
            "image_id": 106,
            "category_id": 1,
            "segmentation": [
                [
                    37.93,
                    194.15,
                    71.56,
                    174.82,
                    159.73,
                    174.82,
                    188.59,
                    196.79,
                    224.0,
                    198.64,
                    224.0,
                    198.59,
                    149.66,
                    129.81,
                    105.18,
                    129.01
                ]
            ],
            "area": 5175.0,
            "bbox": [
                37.93,
                129.01,
                186.07,
                69.63
            ],
            "iscrowd": 0,
            "attributes": {
                "occluded": false
            }
        }
    ]
}