{
    "info": {
        "contributor": "",
        "date_created": "",
        "description": "",
        "url": "",
        "version": "",
        "year": ""
    },
    "licenses": [
        {
            "name": "",
            "id": 0,
            "url": ""
        }
    ],
    "categories": [
        {
            "id": 1,
            "name": "Road",
            "supercategory": ""
        }
    ],
    "images": [
        {
            "id": 156,
            "width": 224,
            "height": 224,
            "file_name": "1611677273232825.png",
            "license": 0,
            "flickr_url": "",
            "coco_url": "",
            "date_captured": 0
        }
    ],
    "annotations": [
        {
            "id": 156,
            "image_id": 156,
            "category_id": 1,
            "segmentation": [
                [
                    30.44,
                    188.0,
                    48.18,
                    189.04,
                    82.09,
                    172.12,
                    167.06,
                    175.0,
                    187.18,
                    194.86,
                    218.98,
                    195.13,
                    142.7,
                    127.61,
                    101.4,
                    126.84
                ]
            ],
            "area": 5417.0,
            "bbox": [
                30.44,
                126.84,
                188.54,
                68.29
            ],
            "iscrowd": 0,
            "attributes": {
                "occluded": false
            }
        }
    ]
}