{
    "info": {
        "contributor": "",
        "date_created": "",
        "description": "",
        "url": "",
        "version": "",
        "year": ""
    },
    "licenses": [
        {
            "name": "",
            "id": 0,
            "url": ""
        }
    ],
    "categories": [
        {
            "id": 1,
            "name": "Road",
            "supercategory": ""
        }
    ],
    "images": [
        {
            "id": 16,
            "width": 224,
            "height": 224,
            "file_name": "1611677006231883.png",
            "license": 0,
            "flickr_url": "",
            "coco_url": "",
            "date_captured": 0
        }
    ],
    "annotations": [
        {
            "id": 16,
            "image_id": 16,
            "category_id": 1,
            "segmentation": [
                [
                    40.8,
                    191.7,
                    71.21,
                    175.56,
                    175.82,
                    176.86,
                    191.16,
                    200.45,
                    222.69,
                    202.81,
                    223.99,
                    156.2,
                    148.26,
                    125.25,
                    106.98,
                    124.72
                ]
            ],
            "area": 7217.0,
            "bbox": [
                40.8,
                124.72,
                183.19,
                78.09
            ],
            "iscrowd": 0,
            "attributes": {
                "occluded": false
            }
        }
    ]
}