{
    "info": {
        "contributor": "",
        "date_created": "",
        "description": "",
        "url": "",
        "version": "",
        "year": ""
    },
    "licenses": [
        {
            "name": "",
            "id": 0,
            "url": ""
        }
    ],
    "categories": [
        {
            "id": 1,
            "name": "Road",
            "supercategory": ""
        }
    ],
    "images": [
        {
            "id": 78,
            "width": 224,
            "height": 224,
            "file_name": "1611677084332162.png",
            "license": 0,
            "flickr_url": "",
            "coco_url": "",
            "date_captured": 0
        }
    ],
    "annotations": [
        {
            "id": 78,
            "image_id": 78,
            "category_id": 1,
            "segmentation": [
                [
                    36.34,
                    195.21,
                    71.82,
                    174.02,
                    159.46,
                    175.88,
                    188.32,
                    196.79,
                    223.27,
                    201.56,
                    143.0,
                    130.1,
                    94.4,
                    129.9
                ]
            ],
            "area": 5142.0,
            "bbox": [
                36.34,
                129.9,
                186.93,
                71.66
            ],
            "iscrowd": 0,
            "attributes": {
                "occluded": false
            }
        }
    ]
}