{
    "info": {
        "contributor": "",
        "date_created": "",
        "description": "",
        "url": "",
        "version": "",
        "year": ""
    },
    "licenses": [
        {
            "name": "",
            "id": 0,
            "url": ""
        }
    ],
    "categories": [
        {
            "id": 1,
            "name": "Road",
            "supercategory": ""
        }
    ],
    "images": [
        {
            "id": 19,
            "width": 224,
            "height": 224,
            "file_name": "1611676815931181.png",
            "license": 0,
            "flickr_url": "",
            "coco_url": "",
            "date_captured": 0
        }
    ],
    "annotations": [
        {
            "id": 19,
            "image_id": 19,
            "category_id": 1,
            "segmentation": [
                [
                    47.52,
                    182.25,
                    170.89,
                    182.71,
                    185.75,
                    201.29,
                    218.89,
                    197.32,
                    175.52,
                    159.78,
                    179.49,
                    147.03,
                    161.87,
                    131.95,
                    89.96,
                    129.61
                ]
            ],
            "area": 6359.0,
            "bbox": [
                47.52,
                129.61,
                171.37,
                71.68
            ],
            "iscrowd": 0,
            "attributes": {
                "occluded": false
            }
        }
    ]
}