{
    "info": {
        "contributor": "",
        "date_created": "",
        "description": "",
        "url": "",
        "version": "",
        "year": ""
    },
    "licenses": [
        {
            "name": "",
            "id": 0,
            "url": ""
        }
    ],
    "categories": [
        {
            "id": 1,
            "name": "Road",
            "supercategory": ""
        }
    ],
    "images": [
        {
            "id": 87,
            "width": 224,
            "height": 224,
            "file_name": "1611677103532230.png",
            "license": 0,
            "flickr_url": "",
            "coco_url": "",
            "date_captured": 0
        }
    ],
    "annotations": [
        {
            "id": 87,
            "image_id": 87,
            "category_id": 1,
            "segmentation": [
                [
                    27.55,
                    191.98,
                    46.32,
                    192.51,
                    80.51,
                    173.15,
                    167.35,
                    177.94,
                    194.86,
                    197.8,
                    223.46,
                    201.22,
                    149.1,
                    135.3,
                    99.54,
                    135.05
                ]
            ],
            "area": 5016.0,
            "bbox": [
                27.55,
                135.05,
                195.91,
                66.17
            ],
            "iscrowd": 0,
            "attributes": {
                "occluded": false
            }
        }
    ]
}