{
    "info": {
        "contributor": "",
        "date_created": "",
        "description": "",
        "url": "",
        "version": "",
        "year": ""
    },
    "licenses": [
        {
            "name": "",
            "id": 0,
            "url": ""
        }
    ],
    "categories": [
        {
            "id": 1,
            "name": "Road",
            "supercategory": ""
        }
    ],
    "images": [
        {
            "id": 10,
            "width": 224,
            "height": 224,
            "file_name": "1611676919831568.png",
            "license": 0,
            "flickr_url": "",
            "coco_url": "",
            "date_captured": 0
        }
    ],
    "annotations": [
        {
            "id": 10,
            "image_id": 10,
            "category_id": 1,
            "segmentation": [
                [
                    6.9,
                    192.8,
                    34.67,
                    198.6,
                    72.54,
                    173.97,
                    169.73,
                    177.94,
                    193.27,
                    201.75,
                    221.6,
                    202.81,
                    223.99,
                    155.7,
                    84.5,
                    122.1,
                    34.41,
                    124.72,
                    52.41,
                    141.67
                ]
            ],
            "area": 9446.0,
            "bbox": [
                6.9,
                122.1,
                217.09,
                80.71
            ],
            "iscrowd": 0,
            "attributes": {
                "occluded": false
            }
        }
    ]
}