{
    "info": {
        "contributor": "",
        "date_created": "",
        "description": "",
        "url": "",
        "version": "",
        "year": ""
    },
    "licenses": [
        {
            "name": "",
            "id": 0,
            "url": ""
        }
    ],
    "categories": [
        {
            "id": 1,
            "name": "Road",
            "supercategory": ""
        }
    ],
    "images": [
        {
            "id": 32,
            "width": 224,
            "height": 224,
            "file_name": "1611677020031933.png",
            "license": 0,
            "flickr_url": "",
            "coco_url": "",
            "date_captured": 0
        }
    ],
    "annotations": [
        {
            "id": 32,
            "image_id": 32,
            "category_id": 1,
            "segmentation": [
                [
                    28.87,
                    195.13,
                    72.03,
                    173.15,
                    165.5,
                    175.56,
                    189.86,
                    197.24,
                    220.57,
                    203.33,
                    143.52,
                    127.61,
                    100.36,
                    128.14
                ]
            ],
            "area": 5121.0,
            "bbox": [
                28.87,
                127.61,
                191.7,
                75.72
            ],
            "iscrowd": 0,
            "attributes": {
                "occluded": false
            }
        }
    ]
}