{
    "info": {
        "contributor": "",
        "date_created": "",
        "description": "",
        "url": "",
        "version": "",
        "year": ""
    },
    "licenses": [
        {
            "name": "",
            "id": 0,
            "url": ""
        }
    ],
    "categories": [
        {
            "id": 1,
            "name": "Road",
            "supercategory": ""
        }
    ],
    "images": [
        {
            "id": 113,
            "width": 224,
            "height": 224,
            "file_name": "1611677162732440.png",
            "license": 0,
            "flickr_url": "",
            "coco_url": "",
            "date_captured": 0
        }
    ],
    "annotations": [
        {
            "id": 113,
            "image_id": 113,
            "category_id": 1,
            "segmentation": [
                [
                    36.53,
                    196.48,
                    79.71,
                    174.74,
                    165.76,
                    175.56,
                    189.59,
                    199.1,
                    222.16,
                    202.57,
                    148.53,
                    128.69,
                    110.16,
                    128.14
                ]
            ],
            "area": 5017.0,
            "bbox": [
                36.53,
                128.14,
                185.63,
                74.43
            ],
            "iscrowd": 0,
            "attributes": {
                "occluded": false
            }
        }
    ]
}