{
    "info": {
        "contributor": "",
        "date_created": "",
        "description": "",
        "url": "",
        "version": "",
        "year": ""
    },
    "licenses": [
        {
            "name": "",
            "id": 0,
            "url": ""
        }
    ],
    "categories": [
        {
            "id": 1,
            "name": "Road",
            "supercategory": ""
        }
    ],
    "images": [
        {
            "id": 36,
            "width": 224,
            "height": 224,
            "file_name": "1611676942531652.png",
            "license": 0,
            "flickr_url": "",
            "coco_url": "",
            "date_captured": 0
        }
    ],
    "annotations": [
        {
            "id": 36,
            "image_id": 36,
            "category_id": 1,
            "segmentation": [
                [
                    25.67,
                    193.27,
                    46.85,
                    192.24,
                    81.27,
                    173.15,
                    164.15,
                    175.82,
                    189.86,
                    198.6,
                    223.72,
                    200.18,
                    223.19,
                    161.26,
                    140.05,
                    123.37,
                    104.34,
                    123.37
                ]
            ],
            "area": 7634.0,
            "bbox": [
                25.67,
                123.37,
                198.05,
                76.81
            ],
            "iscrowd": 0,
            "attributes": {
                "occluded": false
            }
        }
    ]
}