{
    "info": {
        "contributor": "",
        "date_created": "",
        "description": "",
        "url": "",
        "version": "",
        "year": ""
    },
    "licenses": [
        {
            "name": "",
            "id": 0,
            "url": ""
        }
    ],
    "categories": [
        {
            "id": 1,
            "name": "Road",
            "supercategory": ""
        }
    ],
    "images": [
        {
            "id": 88,
            "width": 224,
            "height": 224,
            "file_name": "1611677104632233.png",
            "license": 0,
            "flickr_url": "",
            "coco_url": "",
            "date_captured": 0
        }
    ],
    "annotations": [
        {
            "id": 88,
            "image_id": 88,
            "category_id": 1,
            "segmentation": [
                [
                    23.9,
                    191.76,
                    44.55,
                    192.56,
                    77.38,
                    175.61,
                    160.52,
                    176.67,
                    187.26,
                    197.59,
                    222.21,
                    201.3,
                    146.75,
                    135.63,
                    97.5,
                    134.31
                ]
            ],
            "area": 5265.0,
            "bbox": [
                23.9,
                134.31,
                198.31,
                66.99
            ],
            "iscrowd": 0,
            "attributes": {
                "occluded": false
            }
        }
    ]
}