{
    "info": {
        "contributor": "",
        "date_created": "",
        "description": "",
        "url": "",
        "version": "",
        "year": ""
    },
    "licenses": [
        {
            "name": "",
            "id": 0,
            "url": ""
        }
    ],
    "categories": [
        {
            "id": 1,
            "name": "Road",
            "supercategory": ""
        }
    ],
    "images": [
        {
            "id": 18,
            "width": 224,
            "height": 224,
            "file_name": "1611677008131890.png",
            "license": 0,
            "flickr_url": "",
            "coco_url": "",
            "date_captured": 0
        }
    ],
    "annotations": [
        {
            "id": 18,
            "image_id": 18,
            "category_id": 1,
            "segmentation": [
                [
                    41.8,
                    194.1,
                    77.3,
                    176.33,
                    169.18,
                    177.94,
                    195.68,
                    202.57,
                    223.72,
                    203.6,
                    224.0,
                    196.01,
                    224.0,
                    159.61,
                    146.96,
                    126.29,
                    105.9,
                    126.02
                ]
            ],
            "area": 7219.0,
            "bbox": [
                41.8,
                126.02,
                182.2,
                77.58
            ],
            "iscrowd": 0,
            "attributes": {
                "occluded": false
            }
        }
    ]
}