{
    "info": {
        "contributor": "",
        "date_created": "",
        "description": "",
        "url": "",
        "version": "",
        "year": ""
    },
    "licenses": [
        {
            "name": "",
            "id": 0,
            "url": ""
        }
    ],
    "categories": [
        {
            "id": 1,
            "name": "Road",
            "supercategory": ""
        }
    ],
    "images": [
        {
            "id": 2,
            "width": 224,
            "height": 224,
            "file_name": "1611676851931316.png",
            "license": 0,
            "flickr_url": "",
            "coco_url": "",
            "date_captured": 0
        }
    ],
    "annotations": [
        {
            "id": 2,
            "image_id": 2,
            "category_id": 1,
            "segmentation": [
                [
                    0.3,
                    184.6,
                    1.07,
                    201.48,
                    37.08,
                    199.63,
                    65.41,
                    179.24,
                    163.12,
                    173.97,
                    189.86,
                    202.3,
                    222.42,
                    200.71,
                    129.22,
                    128.69,
                    70.7,
                    130.5
                ]
            ],
            "area": 7550.0,
            "bbox": [
                0.3,
                128.69,
                222.12,
                73.61
            ],
            "iscrowd": 0,
            "attributes": {
                "occluded": false
            }
        }
    ]
}