{
    "info": {
        "contributor": "",
        "date_created": "",
        "description": "",
        "url": "",
        "version": "",
        "year": ""
    },
    "licenses": [
        {
            "name": "",
            "id": 0,
            "url": ""
        }
    ],
    "categories": [
        {
            "id": 1,
            "name": "Road",
            "supercategory": ""
        }
    ],
    "images": [
        {
            "id": 26,
            "width": 224,
            "height": 224,
            "file_name": "1611677013031908.png",
            "license": 0,
            "flickr_url": "",
            "coco_url": "",
            "date_captured": 0
        }
    ],
    "annotations": [
        {
            "id": 26,
            "image_id": 26,
            "category_id": 1,
            "segmentation": [
                [
                    41.9,
                    193.9,
                    77.38,
                    174.82,
                    170.85,
                    175.61,
                    187.5,
                    197.3,
                    218.8,
                    202.4,
                    141.5,
                    126.9,
                    105.98,
                    126.89
                ]
            ],
            "area": 4765.0,
            "bbox": [
                41.9,
                126.89,
                176.9,
                75.51
            ],
            "iscrowd": 0,
            "attributes": {
                "occluded": false
            }
        }
    ]
}