{
    "info": {
        "contributor": "",
        "date_created": "",
        "description": "",
        "url": "",
        "version": "",
        "year": ""
    },
    "licenses": [
        {
            "name": "",
            "id": 0,
            "url": ""
        }
    ],
    "categories": [
        {
            "id": 1,
            "name": "Road",
            "supercategory": ""
        }
    ],
    "images": [
        {
            "id": 96,
            "width": 224,
            "height": 224,
            "file_name": "1611677130732327.png",
            "license": 0,
            "flickr_url": "",
            "coco_url": "",
            "date_captured": 0
        }
    ],
    "annotations": [
        {
            "id": 96,
            "image_id": 96,
            "category_id": 1,
            "segmentation": [
                [
                    42.43,
                    191.5,
                    75.26,
                    173.49,
                    168.2,
                    176.14,
                    191.76,
                    197.32,
                    224.0,
                    200.47,
                    224.0,
                    200.2,
                    151.52,
                    134.04,
                    97.24,
                    131.66
                ]
            ],
            "area": 4883.0,
            "bbox": [
                42.43,
                131.66,
                181.57,
                68.81
            ],
            "iscrowd": 0,
            "attributes": {
                "occluded": false
            }
        }
    ]
}