{
    "info": {
        "contributor": "",
        "date_created": "",
        "description": "",
        "url": "",
        "version": "",
        "year": ""
    },
    "licenses": [
        {
            "name": "",
            "id": 0,
            "url": ""
        }
    ],
    "categories": [
        {
            "id": 1,
            "name": "Road",
            "supercategory": ""
        }
    ],
    "images": [
        {
            "id": 13,
            "width": 224,
            "height": 224,
            "file_name": "1611676862831357.png",
            "license": 0,
            "flickr_url": "",
            "coco_url": "",
            "date_captured": 0
        }
    ],
    "annotations": [
        {
            "id": 13,
            "image_id": 13,
            "category_id": 1,
            "segmentation": [
                [
                    1.31,
                    174.74,
                    1.31,
                    195.95,
                    50.06,
                    190.39,
                    77.59,
                    172.36,
                    167.35,
                    176.09,
                    189.04,
                    200.18,
                    221.6,
                    201.75,
                    204.42,
                    176.86,
                    136.08,
                    126.84,
                    97.69,
                    126.29,
                    87.92,
                    141.91,
                    61.44,
                    141.91
                ]
            ],
            "area": 7606.0,
            "bbox": [
                1.31,
                126.29,
                220.29,
                75.46
            ],
            "iscrowd": 0,
            "attributes": {
                "occluded": false
            }
        }
    ]
}