{
    "info": {
        "contributor": "",
        "date_created": "",
        "description": "",
        "url": "",
        "version": "",
        "year": ""
    },
    "licenses": [
        {
            "name": "",
            "id": 0,
            "url": ""
        }
    ],
    "categories": [
        {
            "id": 1,
            "name": "Road",
            "supercategory": ""
        }
    ],
    "images": [
        {
            "id": 181,
            "width": 224,
            "height": 224,
            "file_name": "1611677351933094.png",
            "license": 0,
            "flickr_url": "",
            "coco_url": "",
            "date_captured": 0
        }
    ],
    "annotations": [
        {
            "id": 181,
            "image_id": 181,
            "category_id": 1,
            "segmentation": [
                [
                    11.9,
                    192.5,
                    35.49,
                    192.51,
                    74.92,
                    175.27,
                    159.67,
                    173.15,
                    186.42,
                    193.01,
                    221.34,
                    194.86,
                    169.73,
                    131.85,
                    101.66,
                    130.55
                ]
            ],
            "area": 6379.0,
            "bbox": [
                11.9,
                130.55,
                209.44,
                64.31
            ],
            "iscrowd": 0,
            "attributes": {
                "occluded": false
            }
        }
    ]
}