{
    "info": {
        "contributor": "",
        "date_created": "",
        "description": "",
        "url": "",
        "version": "",
        "year": ""
    },
    "licenses": [
        {
            "name": "",
            "id": 0,
            "url": ""
        }
    ],
    "categories": [
        {
            "id": 1,
            "name": "Road",
            "supercategory": ""
        }
    ],
    "images": [
        {
            "id": 31,
            "width": 224,
            "height": 224,
            "file_name": "1611677019531930.png",
            "license": 0,
            "flickr_url": "",
            "coco_url": "",
            "date_captured": 0
        }
    ],
    "annotations": [
        {
            "id": 31,
            "image_id": 31,
            "category_id": 1,
            "segmentation": [
                [
                    27.79,
                    193.27,
                    74.15,
                    173.71,
                    171.32,
                    176.59,
                    189.3,
                    199.1,
                    222.42,
                    202.57,
                    143.5,
                    128.7,
                    100.1,
                    127.61
                ]
            ],
            "area": 5325.0,
            "bbox": [
                27.79,
                127.61,
                194.63,
                74.96
            ],
            "iscrowd": 0,
            "attributes": {
                "occluded": false
            }
        }
    ]
}