{
    "info": {
        "contributor": "",
        "date_created": "",
        "description": "",
        "url": "",
        "version": "",
        "year": ""
    },
    "licenses": [
        {
            "name": "",
            "id": 0,
            "url": ""
        }
    ],
    "categories": [
        {
            "id": 1,
            "name": "Road",
            "supercategory": ""
        }
    ],
    "images": [
        {
            "id": 101,
            "width": 224,
            "height": 224,
            "file_name": "1611677140032360.png",
            "license": 0,
            "flickr_url": "",
            "coco_url": "",
            "date_captured": 0
        }
    ],
    "annotations": [
        {
            "id": 101,
            "image_id": 101,
            "category_id": 1,
            "segmentation": [
                [
                    35.23,
                    196.48,
                    69.91,
                    176.09,
                    167.35,
                    176.09,
                    188.27,
                    198.33,
                    223.72,
                    199.1,
                    160.7,
                    132.1,
                    104.6,
                    132.37
                ]
            ],
            "area": 5337.0,
            "bbox": [
                35.23,
                132.1,
                188.49,
                67.0
            ],
            "iscrowd": 0,
            "attributes": {
                "occluded": false
            }
        }
    ]
}