{
    "info": {
        "contributor": "",
        "date_created": "",
        "description": "",
        "url": "",
        "version": "",
        "year": ""
    },
    "licenses": [
        {
            "name": "",
            "id": 0,
            "url": ""
        }
    ],
    "categories": [
        {
            "id": 1,
            "name": "Road",
            "supercategory": ""
        }
    ],
    "images": [
        {
            "id": 58,
            "width": 224,
            "height": 224,
            "file_name": "1611677052432047.png",
            "license": 0,
            "flickr_url": "",
            "coco_url": "",
            "date_captured": 0
        }
    ],
    "annotations": [
        {
            "id": 58,
            "image_id": 58,
            "category_id": 1,
            "segmentation": [
                [
                    32.9,
                    197.59,
                    70.5,
                    174.55,
                    164.76,
                    175.08,
                    191.23,
                    199.71,
                    219.04,
                    201.56,
                    134.57,
                    130.87,
                    92.47,
                    129.54
                ]
            ],
            "area": 4773.0,
            "bbox": [
                32.9,
                129.54,
                186.14,
                72.02
            ],
            "iscrowd": 0,
            "attributes": {
                "occluded": false
            }
        }
    ]
}