{
    "info": {
        "contributor": "",
        "date_created": "",
        "description": "",
        "url": "",
        "version": "",
        "year": ""
    },
    "licenses": [
        {
            "name": "",
            "id": 0,
            "url": ""
        }
    ],
    "categories": [
        {
            "id": 1,
            "name": "Road",
            "supercategory": ""
        }
    ],
    "images": [
        {
            "id": 188,
            "width": 224,
            "height": 224,
            "file_name": "1611677403333271.png",
            "license": 0,
            "flickr_url": "",
            "coco_url": "",
            "date_captured": 0
        }
    ],
    "annotations": [
        {
            "id": 188,
            "image_id": 188,
            "category_id": 1,
            "segmentation": [
                [
                    16.69,
                    190.12,
                    41.58,
                    190.89,
                    74.42,
                    173.71,
                    165.23,
                    174.74,
                    188.77,
                    196.21,
                    220.02,
                    197.24,
                    168.15,
                    139.29,
                    177.12,
                    127.11,
                    132.67,
                    122.31,
                    71.21,
                    134.49
                ]
            ],
            "area": 7266.0,
            "bbox": [
                16.69,
                122.31,
                203.33,
                74.93
            ],
            "iscrowd": 0,
            "attributes": {
                "occluded": false
            }
        }
    ]
}