{
    "info": {
        "contributor": "",
        "date_created": "",
        "description": "",
        "url": "",
        "version": "",
        "year": ""
    },
    "licenses": [
        {
            "name": "",
            "id": 0,
            "url": ""
        }
    ],
    "categories": [
        {
            "id": 1,
            "name": "Road",
            "supercategory": ""
        }
    ],
    "images": [
        {
            "id": 11,
            "width": 224,
            "height": 224,
            "file_name": "1611676812031167.png",
            "license": 0,
            "flickr_url": "",
            "coco_url": "",
            "date_captured": 0
        }
    ],
    "annotations": [
        {
            "id": 11,
            "image_id": 11,
            "category_id": 1,
            "segmentation": [
                [
                    20.93,
                    195.13,
                    44.73,
                    194.62,
                    79.71,
                    176.59,
                    154.62,
                    177.41,
                    186.15,
                    198.33,
                    224.0,
                    195.84,
                    224.0,
                    193.93,
                    143.76,
                    135.31,
                    82.36,
                    134.49
                ]
            ],
            "area": 6159.0,
            "bbox": [
                20.93,
                134.49,
                203.07,
                63.84
            ],
            "iscrowd": 0,
            "attributes": {
                "occluded": false
            }
        }
    ]
}