{
    "info": {
        "contributor": "",
        "date_created": "",
        "description": "",
        "url": "",
        "version": "",
        "year": ""
    },
    "licenses": [
        {
            "name": "",
            "id": 0,
            "url": ""
        }
    ],
    "categories": [
        {
            "id": 1,
            "name": "Road",
            "supercategory": ""
        }
    ],
    "images": [
        {
            "id": 189,
            "width": 224,
            "height": 224,
            "file_name": "1611677406933284.png",
            "license": 0,
            "flickr_url": "",
            "coco_url": "",
            "date_captured": 0
        }
    ],
    "annotations": [
        {
            "id": 189,
            "image_id": 189,
            "category_id": 1,
            "segmentation": [
                [
                    33.11,
                    196.21,
                    78.89,
                    173.44,
                    174.47,
                    176.59,
                    191.16,
                    196.72,
                    221.34,
                    196.48,
                    198.0,
                    138.4,
                    138.0,
                    132.1,
                    53.76,
                    150.38
                ]
            ],
            "area": 6746.0,
            "bbox": [
                33.11,
                132.1,
                188.23,
                64.62
            ],
            "iscrowd": 0,
            "attributes": {
                "occluded": false
            }
        }
    ]
}