{
    "info": {
        "contributor": "",
        "date_created": "",
        "description": "",
        "url": "",
        "version": "",
        "year": ""
    },
    "licenses": [
        {
            "name": "",
            "id": 0,
            "url": ""
        }
    ],
    "categories": [
        {
            "id": 1,
            "name": "Road",
            "supercategory": ""
        }
    ],
    "images": [
        {
            "id": 182,
            "width": 224,
            "height": 224,
            "file_name": "1611677354833104.png",
            "license": 0,
            "flickr_url": "",
            "coco_url": "",
            "date_captured": 0
        }
    ],
    "annotations": [
        {
            "id": 182,
            "image_id": 182,
            "category_id": 1,
            "segmentation": [
                [
                    7.67,
                    194.09,
                    36.0,
                    194.09,
                    79.42,
                    169.73,
                    155.9,
                    177.1,
                    105.4,
                    122.9,
                    56.91,
                    128.69
                ]
            ],
            "area": 5053.0,
            "bbox": [
                7.67,
                122.9,
                148.23,
                71.19
            ],
            "iscrowd": 0,
            "attributes": {
                "occluded": false
            }
        }
    ]
}