{
    "info": {
        "contributor": "",
        "date_created": "",
        "description": "",
        "url": "",
        "version": "",
        "year": ""
    },
    "licenses": [
        {
            "name": "",
            "id": 0,
            "url": ""
        }
    ],
    "categories": [
        {
            "id": 1,
            "name": "Road",
            "supercategory": ""
        }
    ],
    "images": [
        {
            "id": 161,
            "width": 224,
            "height": 224,
            "file_name": "1611677315832970.png",
            "license": 0,
            "flickr_url": "",
            "coco_url": "",
            "date_captured": 0
        }
    ],
    "annotations": [
        {
            "id": 161,
            "image_id": 161,
            "category_id": 1,
            "segmentation": [
                [
                    34.67,
                    192.24,
                    87.36,
                    167.62,
                    174.24,
                    173.15,
                    190.63,
                    198.83,
                    223.46,
                    200.71,
                    204.4,
                    128.4,
                    98.51,
                    128.14
                ]
            ],
            "area": 6988.0,
            "bbox": [
                34.67,
                128.14,
                188.79,
                72.57
            ],
            "iscrowd": 0,
            "attributes": {
                "occluded": false
            }
        }
    ]
}