{
    "info": {
        "contributor": "",
        "date_created": "",
        "description": "",
        "url": "",
        "version": "",
        "year": ""
    },
    "licenses": [
        {
            "name": "",
            "id": 0,
            "url": ""
        }
    ],
    "categories": [
        {
            "id": 1,
            "name": "Road",
            "supercategory": ""
        }
    ],
    "images": [
        {
            "id": 159,
            "width": 224,
            "height": 224,
            "file_name": "1611677302032923.png",
            "license": 0,
            "flickr_url": "",
            "coco_url": "",
            "date_captured": 0
        }
    ],
    "annotations": [
        {
            "id": 159,
            "image_id": 159,
            "category_id": 1,
            "segmentation": [
                [
                    23.31,
                    193.83,
                    40.5,
                    195.39,
                    82.09,
                    172.36,
                    167.62,
                    175.82,
                    189.04,
                    197.8,
                    222.42,
                    200.18,
                    160.71,
                    131.34,
                    103.0,
                    131.1
                ]
            ],
            "area": 5799.0,
            "bbox": [
                23.31,
                131.1,
                199.11,
                69.08
            ],
            "iscrowd": 0,
            "attributes": {
                "occluded": false
            }
        }
    ]
}