{
    "info": {
        "contributor": "",
        "date_created": "",
        "description": "",
        "url": "",
        "version": "",
        "year": ""
    },
    "licenses": [
        {
            "name": "",
            "id": 0,
            "url": ""
        }
    ],
    "categories": [
        {
            "id": 1,
            "name": "Road",
            "supercategory": ""
        }
    ],
    "images": [
        {
            "id": 163,
            "width": 224,
            "height": 224,
            "file_name": "1611677317032975.png",
            "license": 0,
            "flickr_url": "",
            "coco_url": "",
            "date_captured": 0
        }
    ],
    "annotations": [
        {
            "id": 163,
            "image_id": 163,
            "category_id": 1,
            "segmentation": [
                [
                    29.67,
                    198.07,
                    71.5,
                    175.56,
                    165.76,
                    173.71,
                    190.89,
                    197.51,
                    222.42,
                    199.1,
                    202.04,
                    129.22,
                    146.41,
                    126.29,
                    125.76,
                    133.7,
                    35.49,
                    139.55
                ]
            ],
            "area": 8744.0,
            "bbox": [
                29.67,
                126.29,
                192.75,
                72.81
            ],
            "iscrowd": 0,
            "attributes": {
                "occluded": false
            }
        }
    ]
}