{
    "info": {
        "contributor": "",
        "date_created": "",
        "description": "",
        "url": "",
        "version": "",
        "year": ""
    },
    "licenses": [
        {
            "name": "",
            "id": 0,
            "url": ""
        }
    ],
    "categories": [
        {
            "id": 1,
            "name": "Road",
            "supercategory": ""
        }
    ],
    "images": [
        {
            "id": 25,
            "width": 224,
            "height": 224,
            "file_name": "1611676936631631.png",
            "license": 0,
            "flickr_url": "",
            "coco_url": "",
            "date_captured": 0
        }
    ],
    "annotations": [
        {
            "id": 25,
            "image_id": 25,
            "category_id": 1,
            "segmentation": [
                [
                    0.6,
                    126.89,
                    2.71,
                    198.12,
                    40.58,
                    195.47,
                    68.11,
                    176.41,
                    177.2,
                    176.14,
                    197.32,
                    201.83,
                    223.54,
                    204.21,
                    223.01,
                    125.83,
                    135.37,
                    132.72,
                    119.48,
                    122.66
                ]
            ],
            "area": 12948.0,
            "bbox": [
                0.6,
                122.66,
                222.94,
                81.55
            ],
            "iscrowd": 0,
            "attributes": {
                "occluded": false
            }
        }
    ]
}