{
    "info": {
        "contributor": "",
        "date_created": "",
        "description": "",
        "url": "",
        "version": "",
        "year": ""
    },
    "licenses": [
        {
            "name": "",
            "id": 0,
            "url": ""
        }
    ],
    "categories": [
        {
            "id": 1,
            "name": "Road",
            "supercategory": ""
        }
    ],
    "images": [
        {
            "id": 9,
            "width": 224,
            "height": 224,
            "file_name": "1611676860331347.png",
            "license": 0,
            "flickr_url": "",
            "coco_url": "",
            "date_captured": 0
        }
    ],
    "annotations": [
        {
            "id": 9,
            "image_id": 9,
            "category_id": 1,
            "segmentation": [
                [
                    1.31,
                    197.51,
                    38.11,
                    196.48,
                    73.89,
                    176.09,
                    161.53,
                    176.09,
                    188.53,
                    197.8,
                    216.6,
                    196.72,
                    133.7,
                    129.99,
                    75.18,
                    132.37
                ]
            ],
            "area": 6517.0,
            "bbox": [
                1.31,
                129.99,
                215.29,
                67.81
            ],
            "iscrowd": 0,
            "attributes": {
                "occluded": false
            }
        }
    ]
}