{
    "info": {
        "contributor": "",
        "date_created": "",
        "description": "",
        "url": "",
        "version": "",
        "year": ""
    },
    "licenses": [
        {
            "name": "",
            "id": 0,
            "url": ""
        }
    ],
    "categories": [
        {
            "id": 1,
            "name": "Road",
            "supercategory": ""
        }
    ],
    "images": [
        {
            "id": 13,
            "width": 224,
            "height": 224,
            "file_name": "1611677002731871.png",
            "license": 0,
            "flickr_url": "",
            "coco_url": "",
            "date_captured": 0
        }
    ],
    "annotations": [
        {
            "id": 13,
            "image_id": 13,
            "category_id": 1,
            "segmentation": [
                [
                    37.93,
                    190.18,
                    76.85,
                    177.2,
                    161.58,
                    172.96,
                    188.59,
                    199.97,
                    220.89,
                    201.03,
                    224.0,
                    159.4,
                    224.0,
                    154.83,
                    143.84,
                    124.25,
                    102.53,
                    124.78
                ]
            ],
            "area": 7569.0,
            "bbox": [
                37.93,
                124.25,
                186.07,
                76.78
            ],
            "iscrowd": 0,
            "attributes": {
                "occluded": false
            }
        }
    ]
}