{
    "info": {
        "contributor": "",
        "date_created": "",
        "description": "",
        "url": "",
        "version": "",
        "year": ""
    },
    "licenses": [
        {
            "name": "",
            "id": 0,
            "url": ""
        }
    ],
    "categories": [
        {
            "id": 1,
            "name": "Road",
            "supercategory": ""
        }
    ],
    "images": [
        {
            "id": 33,
            "width": 224,
            "height": 224,
            "file_name": "1611676940831646.png",
            "license": 0,
            "flickr_url": "",
            "coco_url": "",
            "date_captured": 0
        }
    ],
    "annotations": [
        {
            "id": 33,
            "image_id": 33,
            "category_id": 1,
            "segmentation": [
                [
                    21.96,
                    195.68,
                    45.03,
                    195.39,
                    79.16,
                    176.09,
                    171.32,
                    177.12,
                    194.09,
                    200.18,
                    223.19,
                    203.33,
                    224.0,
                    182.03,
                    224.0,
                    160.3,
                    150.11,
                    122.87,
                    114.11,
                    123.64
                ]
            ],
            "area": 7843.0,
            "bbox": [
                21.96,
                122.87,
                202.04,
                80.46
            ],
            "iscrowd": 0,
            "attributes": {
                "occluded": false
            }
        }
    ]
}