{
    "info": {
        "contributor": "",
        "date_created": "",
        "description": "",
        "url": "",
        "version": "",
        "year": ""
    },
    "licenses": [
        {
            "name": "",
            "id": 0,
            "url": ""
        }
    ],
    "categories": [
        {
            "id": 1,
            "name": "Road",
            "supercategory": ""
        }
    ],
    "images": [
        {
            "id": 4,
            "width": 224,
            "height": 224,
            "file_name": "1611676855031328.png",
            "license": 0,
            "flickr_url": "",
            "coco_url": "",
            "date_captured": 0
        }
    ],
    "annotations": [
        {
            "id": 4,
            "image_id": 4,
            "category_id": 1,
            "segmentation": [
                [
                    1.31,
                    179.24,
                    1.31,
                    198.6,
                    30.99,
                    184.03,
                    153.58,
                    174.24,
                    185.33,
                    197.8,
                    222.95,
                    200.71,
                    223.46,
                    175.0,
                    109.6,
                    127.11,
                    32.85,
                    131.34
                ]
            ],
            "area": 9116.0,
            "bbox": [
                1.31,
                127.11,
                222.15,
                73.6
            ],
            "iscrowd": 0,
            "attributes": {
                "occluded": false
            }
        }
    ]
}