{
    "info": {
        "contributor": "",
        "date_created": "",
        "description": "",
        "url": "",
        "version": "",
        "year": ""
    },
    "licenses": [
        {
            "name": "",
            "id": 0,
            "url": ""
        }
    ],
    "categories": [
        {
            "id": 1,
            "name": "Road",
            "supercategory": ""
        }
    ],
    "images": [
        {
            "id": 32,
            "width": 224,
            "height": 224,
            "file_name": "1611676886831446.png",
            "license": 0,
            "flickr_url": "",
            "coco_url": "",
            "date_captured": 0
        }
    ],
    "annotations": [
        {
            "id": 32,
            "image_id": 32,
            "category_id": 1,
            "segmentation": [
                [
                    1.58,
                    173.97,
                    3.69,
                    196.48,
                    37.08,
                    196.48,
                    76.0,
                    177.41,
                    166.03,
                    173.71,
                    191.16,
                    199.92,
                    222.16,
                    202.81,
                    223.72,
                    141.4,
                    145.64,
                    119.93,
                    87.36,
                    117.28,
                    60.89,
                    148.0
                ]
            ],
            "area": 11055.0,
            "bbox": [
                1.58,
                117.28,
                222.14,
                85.53
            ],
            "iscrowd": 0,
            "attributes": {
                "occluded": false
            }
        }
    ]
}