{
    "info": {
        "contributor": "",
        "date_created": "",
        "description": "",
        "url": "",
        "version": "",
        "year": ""
    },
    "licenses": [
        {
            "name": "",
            "id": 0,
            "url": ""
        }
    ],
    "categories": [
        {
            "id": 1,
            "name": "Road",
            "supercategory": ""
        }
    ],
    "images": [
        {
            "id": 9,
            "width": 224,
            "height": 224,
            "file_name": "1635866773400493.png",
            "license": 0,
            "flickr_url": "",
            "coco_url": "",
            "date_captured": 0
        }
    ],
    "annotations": [
        {
            "id": 9,
            "image_id": 9,
            "category_id": 1,
            "segmentation": [
                [
                    217.73,
                    170.1,
                    1.98,
                    180.31,
                    2.76,
                    150.05,
                    68.0,
                    126.87,
                    90.79,
                    126.87,
                    93.54,
                    116.65,
                    107.3,
                    112.72,
                    116.73,
                    113.9,
                    139.92,
                    121.76,
                    170.96,
                    122.94,
                    172.14,
                    128.83,
                    164.28,
                    137.09
                ]
            ],
            "area": 8940.0,
            "bbox": [
                1.98,
                112.72,
                215.75,
                67.59
            ],
            "iscrowd": 0,
            "attributes": {
                "occluded": false
            }
        }
    ]
}