{
    "info": {
        "contributor": "",
        "date_created": "",
        "description": "",
        "url": "",
        "version": "",
        "year": ""
    },
    "licenses": [
        {
            "name": "",
            "id": 0,
            "url": ""
        }
    ],
    "categories": [
        {
            "id": 1,
            "name": "Road",
            "supercategory": ""
        }
    ],
    "images": [
        {
            "id": 7,
            "width": 224,
            "height": 224,
            "file_name": "1635866765500749.png",
            "license": 0,
            "flickr_url": "",
            "coco_url": "",
            "date_captured": 0
        }
    ],
    "annotations": [
        {
            "id": 7,
            "image_id": 7,
            "category_id": 1,
            "segmentation": [
                [
                    222.05,
                    175.6,
                    1.59,
                    175.6,
                    1.19,
                    131.98,
                    137.16,
                    126.87,
                    139.13,
                    115.86,
                    146.6,
                    116.26,
                    191.0,
                    130.8,
                    222.44,
                    132.76
                ]
            ],
            "area": 10594.0,
            "bbox": [
                1.19,
                115.86,
                221.25,
                59.74
            ],
            "iscrowd": 0,
            "attributes": {
                "occluded": false
            }
        }
    ]
}