{
    "info": {
        "contributor": "",
        "date_created": "",
        "description": "",
        "url": "",
        "version": "",
        "year": ""
    },
    "licenses": [
        {
            "name": "",
            "id": 0,
            "url": ""
        }
    ],
    "categories": [
        {
            "id": 1,
            "name": "Road",
            "supercategory": ""
        }
    ],
    "images": [
        {
            "id": 10,
            "width": 224,
            "height": 224,
            "file_name": "1635866864901194.png",
            "license": 0,
            "flickr_url": "",
            "coco_url": "",
            "date_captured": 0
        }
    ],
    "annotations": [
        {
            "id": 10,
            "image_id": 10,
            "category_id": 1,
            "segmentation": [
                [
                    222.44,
                    172.06,
                    3.55,
                    178.74,
                    3.16,
                    146.52,
                    25.16,
                    138.66,
                    45.21,
                    140.23,
                    73.5,
                    126.87,
                    82.54,
                    127.65,
                    87.65,
                    124.51,
                    98.65,
                    120.97,
                    120.66,
                    121.37
                ]
            ],
            "area": 8005.0,
            "bbox": [
                3.16,
                120.97,
                219.28,
                57.77
            ],
            "iscrowd": 0,
            "attributes": {
                "occluded": false
            }
        }
    ]
}