{
    "info": {
        "contributor": "",
        "date_created": "",
        "description": "",
        "url": "",
        "version": "",
        "year": ""
    },
    "licenses": [
        {
            "name": "",
            "id": 0,
            "url": ""
        }
    ],
    "categories": [
        {
            "id": 1,
            "name": "Road",
            "supercategory": ""
        }
    ],
    "images": [
        {
            "id": 3,
            "width": 224,
            "height": 224,
            "file_name": "1635866725200533.png",
            "license": 0,
            "flickr_url": "",
            "coco_url": "",
            "date_captured": 0
        }
    ],
    "annotations": [
        {
            "id": 3,
            "image_id": 3,
            "category_id": 1,
            "segmentation": [
                [
                    1.98,
                    175.28,
                    205.9,
                    171.0,
                    218.1,
                    144.6,
                    222.83,
                    116.73,
                    152.1,
                    125.77,
                    1.19,
                    143.45
                ]
            ],
            "area": 9079.0,
            "bbox": [
                1.19,
                116.73,
                221.64,
                58.55
            ],
            "iscrowd": 0,
            "attributes": {
                "occluded": false
            }
        }
    ]
}