{
    "info": {
        "contributor": "",
        "date_created": "",
        "description": "",
        "url": "",
        "version": "",
        "year": ""
    },
    "licenses": [
        {
            "name": "",
            "id": 0,
            "url": ""
        }
    ],
    "categories": [
        {
            "id": 1,
            "name": "Road",
            "supercategory": ""
        }
    ],
    "images": [
        {
            "id": 12,
            "width": 224,
            "height": 224,
            "file_name": "1635866957402203.png",
            "license": 0,
            "flickr_url": "",
            "coco_url": "",
            "date_captured": 0
        }
    ],
    "annotations": [
        {
            "id": 12,
            "image_id": 12,
            "category_id": 1,
            "segmentation": [
                [
                    1.98,
                    177.17,
                    204.76,
                    170.1,
                    134.81,
                    119.01,
                    106.51,
                    118.62,
                    88.04,
                    122.15,
                    22.81,
                    124.51,
                    14.95,
                    133.55,
                    2.76,
                    143.37
                ]
            ],
            "area": 8645.0,
            "bbox": [
                1.98,
                118.62,
                202.78,
                58.55
            ],
            "iscrowd": 0,
            "attributes": {
                "occluded": false
            }
        }
    ]
}