{
    "info": {
        "contributor": "",
        "date_created": "",
        "description": "",
        "url": "",
        "version": "",
        "year": ""
    },
    "licenses": [
        {
            "name": "",
            "id": 0,
            "url": ""
        }
    ],
    "categories": [
        {
            "id": 1,
            "name": "Road",
            "supercategory": ""
        }
    ],
    "images": [
        {
            "id": 15,
            "width": 224,
            "height": 224,
            "file_name": "1635867140403328.png",
            "license": 0,
            "flickr_url": "",
            "coco_url": "",
            "date_captured": 0
        }
    ],
    "annotations": [
        {
            "id": 15,
            "image_id": 15,
            "category_id": 1,
            "segmentation": [
                [
                    181.96,
                    171.28,
                    1.19,
                    181.89,
                    0.41,
                    141.02,
                    64.86,
                    133.55,
                    84.5,
                    118.22,
                    96.29,
                    117.44
                ]
            ],
            "area": 6959.0,
            "bbox": [
                0.41,
                117.44,
                181.55,
                64.45
            ],
            "iscrowd": 0,
            "attributes": {
                "occluded": false
            }
        }
    ]
}