{
    "info": {
        "contributor": "",
        "date_created": "",
        "description": "",
        "url": "",
        "version": "",
        "year": ""
    },
    "licenses": [
        {
            "name": "",
            "id": 0,
            "url": ""
        }
    ],
    "categories": [
        {
            "id": 1,
            "name": "Road",
            "supercategory": ""
        }
    ],
    "images": [
        {
            "id": 14,
            "width": 224,
            "height": 224,
            "file_name": "1635867048401931.png",
            "license": 0,
            "flickr_url": "",
            "coco_url": "",
            "date_captured": 0
        }
    ],
    "annotations": [
        {
            "id": 14,
            "image_id": 14,
            "category_id": 1,
            "segmentation": [
                [
                    217.33,
                    172.45,
                    2.76,
                    180.31,
                    2.76,
                    161.45,
                    84.9,
                    123.72,
                    101.4,
                    125.3,
                    102.19,
                    144.16,
                    131.27,
                    144.55,
                    130.09,
                    127.65,
                    136.38,
                    126.87,
                    144.24,
                    131.58,
                    159.96,
                    148.88,
                    199.26,
                    148.48
                ]
            ],
            "area": 7181.0,
            "bbox": [
                2.76,
                123.72,
                214.57,
                56.59
            ],
            "iscrowd": 0,
            "attributes": {
                "occluded": false
            }
        }
    ]
}