{
    "info": {
        "contributor": "",
        "date_created": "",
        "description": "",
        "url": "",
        "version": "",
        "year": ""
    },
    "licenses": [
        {
            "name": "",
            "id": 0,
            "url": ""
        }
    ],
    "categories": [
        {
            "id": 1,
            "name": "Road",
            "supercategory": ""
        }
    ],
    "images": [
        {
            "id": 16,
            "width": 224,
            "height": 224,
            "file_name": "1635867175303703.png",
            "license": 0,
            "flickr_url": "",
            "coco_url": "",
            "date_captured": 0
        }
    ],
    "annotations": [
        {
            "id": 16,
            "image_id": 16,
            "category_id": 1,
            "segmentation": [
                [
                    222.05,
                    173.24,
                    1.59,
                    178.35,
                    1.19,
                    150.05,
                    39.7,
                    146.52,
                    88.83,
                    119.01,
                    121.45,
                    117.83,
                    169.39,
                    144.95,
                    183.14,
                    146.91
                ]
            ],
            "area": 8195.0,
            "bbox": [
                1.19,
                117.83,
                220.86,
                60.52
            ],
            "iscrowd": 0,
            "attributes": {
                "occluded": false
            }
        }
    ]
}