{
    "info": {
        "contributor": "",
        "date_created": "",
        "description": "",
        "url": "",
        "version": "",
        "year": ""
    },
    "licenses": [
        {
            "name": "",
            "id": 0,
            "url": ""
        }
    ],
    "categories": [
        {
            "id": 1,
            "name": "Road",
            "supercategory": ""
        }
    ],
    "images": [
        {
            "id": 1,
            "width": 224,
            "height": 224,
            "file_name": "1635866584899719.png",
            "license": 0,
            "flickr_url": "",
            "coco_url": "",
            "date_captured": 0
        }
    ],
    "annotations": [
        {
            "id": 1,
            "image_id": 1,
            "category_id": 1,
            "segmentation": [
                [
                    1.58,
                    179.61,
                    199.26,
                    171.35,
                    174.89,
                    136.38,
                    144.24,
                    120.27,
                    112.01,
                    118.3,
                    76.65,
                    125.37,
                    0.41,
                    154.06
                ]
            ],
            "area": 8401.0,
            "bbox": [
                0.41,
                118.3,
                198.85,
                61.31
            ],
            "iscrowd": 0,
            "attributes": {
                "occluded": false
            }
        }
    ]
}