{
    "info": {
        "contributor": "",
        "date_created": "",
        "description": "",
        "url": "",
        "version": "",
        "year": ""
    },
    "licenses": [
        {
            "name": "",
            "id": 0,
            "url": ""
        }
    ],
    "categories": [
        {
            "id": 1,
            "name": "Road",
            "supercategory": ""
        }
    ],
    "images": [
        {
            "id": 6,
            "width": 224,
            "height": 224,
            "file_name": "1635866760000827.png",
            "license": 0,
            "flickr_url": "",
            "coco_url": "",
            "date_captured": 0
        }
    ],
    "annotations": [
        {
            "id": 6,
            "image_id": 6,
            "category_id": 1,
            "segmentation": [
                [
                    174.5,
                    171.28,
                    1.19,
                    178.74,
                    0.41,
                    130.01,
                    73.11,
                    125.3,
                    76.65,
                    117.44,
                    89.22,
                    117.44,
                    103.37,
                    121.76,
                    124.59,
                    117.44,
                    126.95,
                    122.15,
                    112.8,
                    128.44
                ]
            ],
            "area": 7283.0,
            "bbox": [
                0.41,
                117.44,
                174.09,
                61.3
            ],
            "iscrowd": 0,
            "attributes": {
                "occluded": false
            }
        }
    ]
}