{
    "info": {
        "contributor": "",
        "date_created": "",
        "description": "",
        "url": "",
        "version": "",
        "year": ""
    },
    "licenses": [
        {
            "name": "",
            "id": 0,
            "url": ""
        }
    ],
    "categories": [
        {
            "id": 1,
            "name": "Road",
            "supercategory": ""
        }
    ],
    "images": [
        {
            "id": 5,
            "width": 224,
            "height": 224,
            "file_name": "1635866748001817.png",
            "license": 0,
            "flickr_url": "",
            "coco_url": "",
            "date_captured": 0
        }
    ],
    "annotations": [
        {
            "id": 5,
            "image_id": 5,
            "category_id": 1,
            "segmentation": [
                [
                    187.47,
                    175.21,
                    0.0,
                    176.77,
                    0.0,
                    160.17,
                    60.53,
                    144.55,
                    169.78,
                    124.9,
                    187.07,
                    126.87,
                    199.65,
                    120.58,
                    221.26,
                    118.62,
                    221.66,
                    134.73,
                    195.33,
                    155.56
                ]
            ],
            "area": 7795.0,
            "bbox": [
                0.0,
                118.62,
                221.66,
                58.15
            ],
            "iscrowd": 0,
            "attributes": {
                "occluded": false
            }
        }
    ]
}