{
    "info": {
        "contributor": "",
        "date_created": "",
        "description": "",
        "url": "",
        "version": "",
        "year": ""
    },
    "licenses": [
        {
            "name": "",
            "id": 0,
            "url": ""
        }
    ],
    "categories": [
        {
            "id": 1,
            "name": "Road",
            "supercategory": ""
        }
    ],
    "images": [
        {
            "id": 11,
            "width": 224,
            "height": 224,
            "file_name": "1635866897501108.png",
            "license": 0,
            "flickr_url": "",
            "coco_url": "",
            "date_captured": 0
        }
    ],
    "annotations": [
        {
            "id": 11,
            "image_id": 11,
            "category_id": 1,
            "segmentation": [
                [
                    3.16,
                    176.78,
                    222.44,
                    176.38,
                    220.87,
                    150.84,
                    89.22,
                    113.9,
                    60.93,
                    113.11,
                    71.14,
                    122.15,
                    3.16,
                    149.27
                ]
            ],
            "area": 9838.0,
            "bbox": [
                3.16,
                113.11,
                219.28,
                63.67
            ],
            "iscrowd": 0,
            "attributes": {
                "occluded": false
            }
        }
    ]
}