{
    "info": {
        "contributor": "",
        "date_created": "",
        "description": "",
        "url": "",
        "version": "",
        "year": ""
    },
    "licenses": [
        {
            "name": "",
            "id": 0,
            "url": ""
        }
    ],
    "categories": [
        {
            "id": 1,
            "name": "Road",
            "supercategory": ""
        }
    ],
    "images": [
        {
            "id": 2,
            "width": 224,
            "height": 224,
            "file_name": "1635866599399745.png",
            "license": 0,
            "flickr_url": "",
            "coco_url": "",
            "date_captured": 0
        }
    ],
    "annotations": [
        {
            "id": 2,
            "image_id": 2,
            "category_id": 1,
            "segmentation": [
                [
                    1.19,
                    178.03,
                    223.23,
                    173.71,
                    221.66,
                    165.85,
                    124.2,
                    121.05,
                    99.44,
                    120.27,
                    94.72,
                    133.63,
                    44.42,
                    131.27,
                    1.98,
                    152.49
                ]
            ],
            "area": 8422.0,
            "bbox": [
                1.19,
                120.27,
                222.04,
                57.76
            ],
            "iscrowd": 0,
            "attributes": {
                "occluded": false
            }
        }
    ]
}