{
    "info": {
        "contributor": "",
        "date_created": "",
        "description": "",
        "url": "",
        "version": "",
        "year": ""
    },
    "licenses": [
        {
            "name": "",
            "id": 0,
            "url": ""
        }
    ],
    "categories": [
        {
            "id": 1,
            "name": "Road",
            "supercategory": ""
        }
    ],
    "images": [
        {
            "id": 4,
            "width": 224,
            "height": 224,
            "file_name": "1635866741301106.png",
            "license": 0,
            "flickr_url": "",
            "coco_url": "",
            "date_captured": 0
        }
    ],
    "annotations": [
        {
            "id": 4,
            "image_id": 4,
            "category_id": 1,
            "segmentation": [
                [
                    1.58,
                    180.31,
                    187.47,
                    172.45,
                    121.84,
                    117.44,
                    102.58,
                    116.65,
                    1.19,
                    163.02
                ]
            ],
            "area": 6928.0,
            "bbox": [
                1.19,
                116.65,
                186.28,
                63.66
            ],
            "iscrowd": 0,
            "attributes": {
                "occluded": false
            }
        }
    ]
}