{
    "info": {
        "contributor": "",
        "date_created": "",
        "description": "",
        "url": "",
        "version": "",
        "year": ""
    },
    "licenses": [
        {
            "name": "",
            "id": 0,
            "url": ""
        }
    ],
    "categories": [
        {
            "id": 1,
            "name": "Road",
            "supercategory": ""
        }
    ],
    "images": [
        {
            "id": 8,
            "width": 224,
            "height": 224,
            "file_name": "1635866767401234.png",
            "license": 0,
            "flickr_url": "",
            "coco_url": "",
            "date_captured": 0
        }
    ],
    "annotations": [
        {
            "id": 8,
            "image_id": 8,
            "category_id": 1,
            "segmentation": [
                [
                    1.19,
                    177.17,
                    223.62,
                    174.42,
                    223.23,
                    159.09,
                    1.19,
                    119.79
                ]
            ],
            "area": 8104.0,
            "bbox": [
                1.19,
                119.79,
                222.43,
                57.38
            ],
            "iscrowd": 0,
            "attributes": {
                "occluded": false
            }
        }
    ]
}