{
    "info": {
        "contributor": "",
        "date_created": "",
        "description": "",
        "url": "",
        "version": "",
        "year": ""
    },
    "licenses": [
        {
            "name": "",
            "id": 0,
            "url": ""
        }
    ],
    "categories": [
        {
            "id": 1,
            "name": "Road",
            "supercategory": ""
        }
    ],
    "images": [
        {
            "id": 13,
            "width": 224,
            "height": 224,
            "file_name": "1635866973202251.png",
            "license": 0,
            "flickr_url": "",
            "coco_url": "",
            "date_captured": 0
        }
    ],
    "annotations": [
        {
            "id": 13,
            "image_id": 13,
            "category_id": 1,
            "segmentation": [
                [
                    181.57,
                    171.67,
                    1.19,
                    182.67,
                    1.19,
                    161.45,
                    89.22,
                    120.97,
                    103.37,
                    119.79,
                    108.87,
                    116.65,
                    121.45,
                    118.62
                ]
            ],
            "area": 6974.0,
            "bbox": [
                1.19,
                116.65,
                180.38,
                66.02
            ],
            "iscrowd": 0,
            "attributes": {
                "occluded": false
            }
        }
    ]
}