{
    "info": {
        "contributor": "",
        "date_created": "",
        "description": "",
        "url": "",
        "version": "",
        "year": ""
    },
    "licenses": [
        {
            "name": "",
            "id": 0,
            "url": ""
        }
    ],
    "categories": [
        {
            "id": 1,
            "name": "Road",
            "supercategory": ""
        }
    ],
    "images": [
        {
            "id": 32,
            "width": 224,
            "height": 224,
            "file_name": "1637695930622321.png",
            "license": 0,
            "flickr_url": "",
            "coco_url": "",
            "date_captured": 0
        }
    ],
    "annotations": [
        {
            "id": 32,
            "image_id": 32,
            "category_id": 1,
            "segmentation": [
                [
                    209.87,
                    172.45,
                    44.03,
                    179.13,
                    97.47,
                    126.08,
                    114.76,
                    124.9,
                    115.16,
                    118.62,
                    127.73,
                    116.26,
                    151.7,
                    121.76,
                    154.85,
                    128.05,
                    165.85,
                    132.37,
                    188.65,
                    130.41,
                    222.44,
                    140.62,
                    222.44,
                    154.77
                ]
            ],
            "area": 7097.0,
            "bbox": [
                44.03,
                116.26,
                178.41,
                62.87
            ],
            "iscrowd": 0,
            "attributes": {
                "occluded": false
            }
        }
    ]
}