{
    "info": {
        "contributor": "",
        "date_created": "",
        "description": "",
        "url": "",
        "version": "",
        "year": ""
    },
    "licenses": [
        {
            "name": "",
            "id": 0,
            "url": ""
        }
    ],
    "categories": [
        {
            "id": 1,
            "name": "Road",
            "supercategory": ""
        }
    ],
    "images": [
        {
            "id": 49,
            "width": 224,
            "height": 224,
            "file_name": "1637696657026403.png",
            "license": 0,
            "flickr_url": "",
            "coco_url": "",
            "date_captured": 0
        }
    ],
    "annotations": [
        {
            "id": 49,
            "image_id": 49,
            "category_id": 1,
            "segmentation": [
                [
                    149.74,
                    174.03,
                    4.34,
                    173.63,
                    75.86,
                    126.48,
                    62.1,
                    119.4,
                    69.18,
                    117.83,
                    99.05,
                    119.01,
                    128.52,
                    133.55
                ]
            ],
            "area": 4909.0,
            "bbox": [
                4.34,
                117.83,
                145.4,
                56.2
            ],
            "iscrowd": 0,
            "attributes": {
                "occluded": false
            }
        }
    ]
}