{
    "info": {
        "contributor": "",
        "date_created": "",
        "description": "",
        "url": "",
        "version": "",
        "year": ""
    },
    "licenses": [
        {
            "name": "",
            "id": 0,
            "url": ""
        }
    ],
    "categories": [
        {
            "id": 1,
            "name": "Road",
            "supercategory": ""
        }
    ],
    "images": [
        {
            "id": 45,
            "width": 224,
            "height": 224,
            "file_name": "1637696393324926.png",
            "license": 0,
            "flickr_url": "",
            "coco_url": "",
            "date_captured": 0
        }
    ],
    "annotations": [
        {
            "id": 45,
            "image_id": 45,
            "category_id": 1,
            "segmentation": [
                [
                    47.56,
                    172.06,
                    188.25,
                    177.96,
                    116.34,
                    113.11,
                    105.33,
                    113.51
                ]
            ],
            "area": 4655.0,
            "bbox": [
                47.56,
                113.11,
                140.69,
                64.85
            ],
            "iscrowd": 0,
            "attributes": {
                "occluded": false
            }
        }
    ]
}