{
    "info": {
        "contributor": "",
        "date_created": "",
        "description": "",
        "url": "",
        "version": "",
        "year": ""
    },
    "licenses": [
        {
            "name": "",
            "id": 0,
            "url": ""
        }
    ],
    "categories": [
        {
            "id": 1,
            "name": "Road",
            "supercategory": ""
        }
    ],
    "images": [
        {
            "id": 41,
            "width": 224,
            "height": 224,
            "file_name": "1637696166024286.png",
            "license": 0,
            "flickr_url": "",
            "coco_url": "",
            "date_captured": 0
        }
    ],
    "annotations": [
        {
            "id": 41,
            "image_id": 41,
            "category_id": 1,
            "segmentation": [
                [
                    221.66,
                    175.99,
                    0.8,
                    178.35,
                    1.19,
                    135.51,
                    42.85,
                    131.19,
                    102.58,
                    136.69,
                    170.57,
                    137.09,
                    222.44,
                    133.55
                ]
            ],
            "area": 9300.0,
            "bbox": [
                0.8,
                131.19,
                221.64,
                47.16
            ],
            "iscrowd": 0,
            "attributes": {
                "occluded": false
            }
        }
    ]
}