{
    "info": {
        "contributor": "",
        "date_created": "",
        "description": "",
        "url": "",
        "version": "",
        "year": ""
    },
    "licenses": [
        {
            "name": "",
            "id": 0,
            "url": ""
        }
    ],
    "categories": [
        {
            "id": 1,
            "name": "Road",
            "supercategory": ""
        }
    ],
    "images": [
        {
            "id": 25,
            "width": 224,
            "height": 224,
            "file_name": "1637695742621267.png",
            "license": 0,
            "flickr_url": "",
            "coco_url": "",
            "date_captured": 0
        }
    ],
    "annotations": [
        {
            "id": 25,
            "image_id": 25,
            "category_id": 1,
            "segmentation": [
                [
                    185.89,
                    173.63,
                    23.59,
                    175.21,
                    93.15,
                    126.87,
                    113.19,
                    126.48,
                    112.41,
                    117.04,
                    123.8,
                    116.65
                ]
            ],
            "area": 5025.0,
            "bbox": [
                23.59,
                116.65,
                162.3,
                58.56
            ],
            "iscrowd": 0,
            "attributes": {
                "occluded": false
            }
        }
    ]
}