{
    "info": {
        "contributor": "",
        "date_created": "",
        "description": "",
        "url": "",
        "version": "",
        "year": ""
    },
    "licenses": [
        {
            "name": "",
            "id": 0,
            "url": ""
        }
    ],
    "categories": [
        {
            "id": 1,
            "name": "Road",
            "supercategory": ""
        }
    ],
    "images": [
        {
            "id": 29,
            "width": 224,
            "height": 224,
            "file_name": "1637695781121252.png",
            "license": 0,
            "flickr_url": "",
            "coco_url": "",
            "date_captured": 0
        }
    ],
    "annotations": [
        {
            "id": 29,
            "image_id": 29,
            "category_id": 1,
            "segmentation": [
                [
                    220.87,
                    174.03,
                    1.19,
                    176.78,
                    1.98,
                    151.63,
                    1.98,
                    151.63,
                    42.85,
                    132.76,
                    64.07,
                    124.12,
                    94.72,
                    123.33,
                    135.99,
                    121.37,
                    144.63,
                    131.19,
                    193.36,
                    142.98,
                    221.66,
                    143.77
                ]
            ],
            "area": 9309.0,
            "bbox": [
                1.19,
                121.37,
                220.47,
                55.41
            ],
            "iscrowd": 0,
            "attributes": {
                "occluded": false
            }
        }
    ]
}