{
    "info": {
        "contributor": "",
        "date_created": "",
        "description": "",
        "url": "",
        "version": "",
        "year": ""
    },
    "licenses": [
        {
            "name": "",
            "id": 0,
            "url": ""
        }
    ],
    "categories": [
        {
            "id": 1,
            "name": "Road",
            "supercategory": ""
        }
    ],
    "images": [
        {
            "id": 36,
            "width": 224,
            "height": 224,
            "file_name": "1637696004222539.png",
            "license": 0,
            "flickr_url": "",
            "coco_url": "",
            "date_captured": 0
        }
    ],
    "annotations": [
        {
            "id": 36,
            "image_id": 36,
            "category_id": 1,
            "segmentation": [
                [
                    1.98,
                    174.81,
                    205.94,
                    173.63,
                    126.16,
                    122.94,
                    106.9,
                    123.33,
                    103.76,
                    118.62,
                    92.76,
                    119.01,
                    60.14,
                    130.8,
                    22.81,
                    135.12,
                    1.59,
                    137.48
                ]
            ],
            "area": 7780.0,
            "bbox": [
                1.59,
                118.62,
                204.35,
                56.19
            ],
            "iscrowd": 0,
            "attributes": {
                "occluded": false
            }
        }
    ]
}