{
    "info": {
        "contributor": "",
        "date_created": "",
        "description": "",
        "url": "",
        "version": "",
        "year": ""
    },
    "licenses": [
        {
            "name": "",
            "id": 0,
            "url": ""
        }
    ],
    "categories": [
        {
            "id": 1,
            "name": "Road",
            "supercategory": ""
        }
    ],
    "images": [
        {
            "id": 39,
            "width": 224,
            "height": 224,
            "file_name": "1637696079823197.png",
            "license": 0,
            "flickr_url": "",
            "coco_url": "",
            "date_captured": 0
        }
    ],
    "annotations": [
        {
            "id": 39,
            "image_id": 39,
            "category_id": 1,
            "segmentation": [
                [
                    201.22,
                    170.49,
                    59.35,
                    179.92,
                    106.9,
                    115.86,
                    117.52,
                    115.47
                ]
            ],
            "area": 4640.0,
            "bbox": [
                59.35,
                115.47,
                141.87,
                64.45
            ],
            "iscrowd": 0,
            "attributes": {
                "occluded": false
            }
        }
    ]
}