{
    "info": {
        "contributor": "",
        "date_created": "",
        "description": "",
        "url": "",
        "version": "",
        "year": ""
    },
    "licenses": [
        {
            "name": "",
            "id": 0,
            "url": ""
        }
    ],
    "categories": [
        {
            "id": 1,
            "name": "Road",
            "supercategory": ""
        }
    ],
    "images": [
        {
            "id": 18,
            "width": 224,
            "height": 224,
            "file_name": "1637695689720695.png",
            "license": 0,
            "flickr_url": "",
            "coco_url": "",
            "date_captured": 0
        }
    ],
    "annotations": [
        {
            "id": 18,
            "image_id": 18,
            "category_id": 1,
            "segmentation": [
                [
                    180.4,
                    176.0,
                    23.2,
                    177.6,
                    89.22,
                    127.65,
                    159.96,
                    118.22,
                    166.25,
                    125.3,
                    143.85,
                    136.3
                ]
            ],
            "area": 5484.0,
            "bbox": [
                23.2,
                118.22,
                157.2,
                59.38
            ],
            "iscrowd": 0,
            "attributes": {
                "occluded": false
            }
        }
    ]
}