{
    "info": {
        "contributor": "",
        "date_created": "",
        "description": "",
        "url": "",
        "version": "",
        "year": ""
    },
    "licenses": [
        {
            "name": "",
            "id": 0,
            "url": ""
        }
    ],
    "categories": [
        {
            "id": 1,
            "name": "Road",
            "supercategory": ""
        }
    ],
    "images": [
        {
            "id": 38,
            "width": 224,
            "height": 224,
            "file_name": "1637696074523057.png",
            "license": 0,
            "flickr_url": "",
            "coco_url": "",
            "date_captured": 0
        }
    ],
    "annotations": [
        {
            "id": 38,
            "image_id": 38,
            "category_id": 1,
            "segmentation": [
                [
                    221.26,
                    165.77,
                    1.98,
                    185.42,
                    3.16,
                    147.3,
                    76.65,
                    125.3,
                    83.72,
                    113.51,
                    92.76,
                    112.33,
                    126.55,
                    122.94,
                    172.93,
                    122.94,
                    176.07,
                    129.23,
                    174.5,
                    138.66
                ]
            ],
            "area": 9444.0,
            "bbox": [
                1.98,
                112.33,
                219.28,
                73.09
            ],
            "iscrowd": 0,
            "attributes": {
                "occluded": false
            }
        }
    ]
}