{
    "info": {
        "contributor": "",
        "date_created": "",
        "description": "",
        "url": "",
        "version": "",
        "year": ""
    },
    "licenses": [
        {
            "name": "",
            "id": 0,
            "url": ""
        }
    ],
    "categories": [
        {
            "id": 1,
            "name": "Road",
            "supercategory": ""
        }
    ],
    "images": [
        {
            "id": 22,
            "width": 224,
            "height": 224,
            "file_name": "1637695729120947.png",
            "license": 0,
            "flickr_url": "",
            "coco_url": "",
            "date_captured": 0
        }
    ],
    "annotations": [
        {
            "id": 22,
            "image_id": 22,
            "category_id": 1,
            "segmentation": [
                [
                    212.22,
                    172.45,
                    18.88,
                    181.1,
                    24.38,
                    152.81,
                    53.46,
                    153.2,
                    88.43,
                    127.26,
                    101.4,
                    128.44,
                    100.62,
                    119.01,
                    112.41,
                    119.79
                ]
            ],
            "area": 6374.0,
            "bbox": [
                18.88,
                119.01,
                193.34,
                62.09
            ],
            "iscrowd": 0,
            "attributes": {
                "occluded": false
            }
        }
    ]
}