{
    "info": {
        "contributor": "",
        "date_created": "",
        "description": "",
        "url": "",
        "version": "",
        "year": ""
    },
    "licenses": [
        {
            "name": "",
            "id": 0,
            "url": ""
        }
    ],
    "categories": [
        {
            "id": 1,
            "name": "Road",
            "supercategory": ""
        }
    ],
    "images": [
        {
            "id": 47,
            "width": 224,
            "height": 224,
            "file_name": "1637696444526300.png",
            "license": 0,
            "flickr_url": "",
            "coco_url": "",
            "date_captured": 0
        }
    ],
    "annotations": [
        {
            "id": 47,
            "image_id": 47,
            "category_id": 1,
            "segmentation": [
                [
                    214.19,
                    164.59,
                    1.59,
                    185.82,
                    0.01,
                    169.31,
                    113.59,
                    113.9,
                    121.05,
                    113.11,
                    124.2,
                    116.26,
                    131.27,
                    116.65
                ]
            ],
            "area": 7759.0,
            "bbox": [
                0.01,
                113.11,
                214.18,
                72.71
            ],
            "iscrowd": 0,
            "attributes": {
                "occluded": false
            }
        }
    ]
}