{
    "info": {
        "contributor": "",
        "date_created": "",
        "description": "",
        "url": "",
        "version": "",
        "year": ""
    },
    "licenses": [
        {
            "name": "",
            "id": 0,
            "url": ""
        }
    ],
    "categories": [
        {
            "id": 1,
            "name": "Road",
            "supercategory": ""
        }
    ],
    "images": [
        {
            "id": 31,
            "width": 224,
            "height": 224,
            "file_name": "1637695929022319.png",
            "license": 0,
            "flickr_url": "",
            "coco_url": "",
            "date_captured": 0
        }
    ],
    "annotations": [
        {
            "id": 31,
            "image_id": 31,
            "category_id": 1,
            "segmentation": [
                [
                    221.26,
                    174.42,
                    3.16,
                    181.1,
                    3.16,
                    162.63,
                    55.03,
                    162.24,
                    82.15,
                    128.05,
                    82.54,
                    119.79,
                    98.26,
                    119.01,
                    102.19,
                    129.23,
                    120.27,
                    126.48,
                    117.52,
                    116.65,
                    127.34,
                    114.29,
                    161.53,
                    126.87,
                    199.26,
                    148.48,
                    220.08,
                    149.27
                ]
            ],
            "area": 8316.0,
            "bbox": [
                3.16,
                114.29,
                218.1,
                66.81
            ],
            "iscrowd": 0,
            "attributes": {
                "occluded": false
            }
        }
    ]
}