{
    "info": {
        "contributor": "",
        "date_created": "",
        "description": "",
        "url": "",
        "version": "",
        "year": ""
    },
    "licenses": [
        {
            "name": "",
            "id": 0,
            "url": ""
        }
    ],
    "categories": [
        {
            "id": 1,
            "name": "Road",
            "supercategory": ""
        }
    ],
    "images": [
        {
            "id": 24,
            "width": 224,
            "height": 224,
            "file_name": "1637695739621501.png",
            "license": 0,
            "flickr_url": "",
            "coco_url": "",
            "date_captured": 0
        }
    ],
    "annotations": [
        {
            "id": 24,
            "image_id": 24,
            "category_id": 1,
            "segmentation": [
                [
                    222.83,
                    170.88,
                    0.01,
                    179.53,
                    0.01,
                    137.48,
                    39.31,
                    128.05,
                    57.0,
                    135.51,
                    61.32,
                    146.12,
                    106.12,
                    150.05,
                    207.12,
                    126.48,
                    222.44,
                    129.62
                ]
            ],
            "area": 8277.0,
            "bbox": [
                0.01,
                126.48,
                222.82,
                53.05
            ],
            "iscrowd": 0,
            "attributes": {
                "occluded": false
            }
        }
    ]
}