{
    "info": {
        "contributor": "",
        "date_created": "",
        "description": "",
        "url": "",
        "version": "",
        "year": ""
    },
    "licenses": [
        {
            "name": "",
            "id": 0,
            "url": ""
        }
    ],
    "categories": [
        {
            "id": 1,
            "name": "Road",
            "supercategory": ""
        }
    ],
    "images": [
        {
            "id": 46,
            "width": 224,
            "height": 224,
            "file_name": "1637696410325214.png",
            "license": 0,
            "flickr_url": "",
            "coco_url": "",
            "date_captured": 0
        }
    ],
    "annotations": [
        {
            "id": 46,
            "image_id": 46,
            "category_id": 1,
            "segmentation": [
                [
                    40.88,
                    174.42,
                    183.93,
                    175.21,
                    116.3,
                    115.9,
                    102.2,
                    117.4
                ]
            ],
            "area": 4592.0,
            "bbox": [
                40.88,
                115.9,
                143.05,
                59.31
            ],
            "iscrowd": 0,
            "attributes": {
                "occluded": false
            }
        }
    ]
}