{
    "info": {
        "contributor": "",
        "date_created": "",
        "description": "",
        "url": "",
        "version": "",
        "year": ""
    },
    "licenses": [
        {
            "name": "",
            "id": 0,
            "url": ""
        }
    ],
    "categories": [
        {
            "id": 1,
            "name": "Road",
            "supercategory": ""
        }
    ],
    "images": [
        {
            "id": 34,
            "width": 224,
            "height": 224,
            "file_name": "1637695957022584.png",
            "license": 0,
            "flickr_url": "",
            "coco_url": "",
            "date_captured": 0
        }
    ],
    "annotations": [
        {
            "id": 34,
            "image_id": 34,
            "category_id": 1,
            "segmentation": [
                [
                    39.71,
                    173.63,
                    208.29,
                    174.81,
                    127.34,
                    121.37,
                    102.19,
                    123.33
                ]
            ],
            "area": 5038.0,
            "bbox": [
                39.71,
                121.37,
                168.58,
                53.44
            ],
            "iscrowd": 0,
            "attributes": {
                "occluded": false
            }
        }
    ]
}