{
    "info": {
        "contributor": "",
        "date_created": "",
        "description": "",
        "url": "",
        "version": "",
        "year": ""
    },
    "licenses": [
        {
            "name": "",
            "id": 0,
            "url": ""
        }
    ],
    "categories": [
        {
            "id": 1,
            "name": "Road",
            "supercategory": ""
        }
    ],
    "images": [
        {
            "id": 17,
            "width": 224,
            "height": 224,
            "file_name": "1637695684720670.png",
            "license": 0,
            "flickr_url": "",
            "coco_url": "",
            "date_captured": 0
        }
    ],
    "annotations": [
        {
            "id": 17,
            "image_id": 17,
            "category_id": 1,
            "segmentation": [
                [
                    16.91,
                    178.74,
                    166.25,
                    178.74,
                    113.59,
                    123.33,
                    91.97,
                    124.51
                ]
            ],
            "area": 4712.0,
            "bbox": [
                16.91,
                123.33,
                149.34,
                55.41
            ],
            "iscrowd": 0,
            "attributes": {
                "occluded": false
            }
        }
    ]
}