{
    "info": {
        "contributor": "",
        "date_created": "",
        "description": "",
        "url": "",
        "version": "",
        "year": ""
    },
    "licenses": [
        {
            "name": "",
            "id": 0,
            "url": ""
        }
    ],
    "categories": [
        {
            "id": 1,
            "name": "Road",
            "supercategory": ""
        }
    ],
    "images": [
        {
            "id": 30,
            "width": 224,
            "height": 224,
            "file_name": "1637695927322716.png",
            "license": 0,
            "flickr_url": "",
            "coco_url": "",
            "date_captured": 0
        }
    ],
    "annotations": [
        {
            "id": 30,
            "image_id": 30,
            "category_id": 1,
            "segmentation": [
                [
                    222.44,
                    168.52,
                    0.8,
                    179.92,
                    1.19,
                    144.95,
                    68.79,
                    127.65,
                    122.62,
                    125.3,
                    117.91,
                    113.9,
                    127.73,
                    113.51,
                    163.49,
                    126.48,
                    222.05,
                    141.8
                ]
            ],
            "area": 9780.0,
            "bbox": [
                0.8,
                113.51,
                221.64,
                66.41
            ],
            "iscrowd": 0,
            "attributes": {
                "occluded": false
            }
        }
    ]
}