{
    "info": {
        "contributor": "",
        "date_created": "",
        "description": "",
        "url": "",
        "version": "",
        "year": ""
    },
    "licenses": [
        {
            "name": "",
            "id": 0,
            "url": ""
        }
    ],
    "categories": [
        {
            "id": 1,
            "name": "Road",
            "supercategory": ""
        }
    ],
    "images": [
        {
            "id": 48,
            "width": 224,
            "height": 224,
            "file_name": "1637696512025423.png",
            "license": 0,
            "flickr_url": "",
            "coco_url": "",
            "date_captured": 0
        }
    ],
    "annotations": [
        {
            "id": 48,
            "image_id": 48,
            "category_id": 1,
            "segmentation": [
                [
                    188.65,
                    172.45,
                    2.37,
                    179.92,
                    2.37,
                    127.26,
                    67.61,
                    122.94,
                    117.91,
                    123.33,
                    125.77,
                    117.04,
                    137.56,
                    118.22,
                    162.32,
                    124.51,
                    189.43,
                    124.9,
                    187.86,
                    133.94,
                    157.99,
                    143.77,
                    165.07,
                    150.05,
                    185.5,
                    147.3
                ]
            ],
            "area": 9542.0,
            "bbox": [
                2.37,
                117.04,
                187.06,
                62.88
            ],
            "iscrowd": 0,
            "attributes": {
                "occluded": false
            }
        }
    ]
}