{
    "info": {
        "contributor": "",
        "date_created": "",
        "description": "",
        "url": "",
        "version": "",
        "year": ""
    },
    "licenses": [
        {
            "name": "",
            "id": 0,
            "url": ""
        }
    ],
    "categories": [
        {
            "id": 1,
            "name": "Road",
            "supercategory": ""
        }
    ],
    "images": [
        {
            "id": 37,
            "width": 224,
            "height": 224,
            "file_name": "1637696070023018.png",
            "license": 0,
            "flickr_url": "",
            "coco_url": "",
            "date_captured": 0
        }
    ],
    "annotations": [
        {
            "id": 37,
            "image_id": 37,
            "category_id": 1,
            "segmentation": [
                [
                    216.94,
                    166.17,
                    1.59,
                    186.21,
                    1.59,
                    152.81,
                    82.54,
                    120.58,
                    95.9,
                    121.76,
                    94.72,
                    115.08,
                    112.8,
                    118.62
                ]
            ],
            "area": 8450.0,
            "bbox": [
                1.59,
                115.08,
                215.35,
                71.13
            ],
            "iscrowd": 0,
            "attributes": {
                "occluded": false
            }
        }
    ]
}