{
    "info": {
        "contributor": "",
        "date_created": "",
        "description": "",
        "url": "",
        "version": "",
        "year": ""
    },
    "licenses": [
        {
            "name": "",
            "id": 0,
            "url": ""
        }
    ],
    "categories": [
        {
            "id": 1,
            "name": "Road",
            "supercategory": ""
        }
    ],
    "images": [
        {
            "id": 19,
            "width": 224,
            "height": 224,
            "file_name": "1637695696521187.png",
            "license": 0,
            "flickr_url": "",
            "coco_url": "",
            "date_captured": 0
        }
    ],
    "annotations": [
        {
            "id": 19,
            "image_id": 19,
            "category_id": 1,
            "segmentation": [
                [
                    174.89,
                    173.63,
                    0.8,
                    178.35,
                    0.8,
                    170.49,
                    59.75,
                    142.19,
                    76.25,
                    126.87,
                    60.53,
                    119.01,
                    69.18,
                    114.69,
                    97.87,
                    117.44,
                    110.44,
                    117.83,
                    116.34,
                    126.48
                ]
            ],
            "area": 5821.0,
            "bbox": [
                0.8,
                114.69,
                174.09,
                63.66
            ],
            "iscrowd": 0,
            "attributes": {
                "occluded": false
            }
        }
    ]
}