{
    "info": {
        "contributor": "",
        "date_created": "",
        "description": "",
        "url": "",
        "version": "",
        "year": ""
    },
    "licenses": [
        {
            "name": "",
            "id": 0,
            "url": ""
        }
    ],
    "categories": [
        {
            "id": 1,
            "name": "Road",
            "supercategory": ""
        }
    ],
    "images": [
        {
            "id": 42,
            "width": 224,
            "height": 224,
            "file_name": "1637696224023479.png",
            "license": 0,
            "flickr_url": "",
            "coco_url": "",
            "date_captured": 0
        }
    ],
    "annotations": [
        {
            "id": 42,
            "image_id": 42,
            "category_id": 1,
            "segmentation": [
                [
                    52.28,
                    176.78,
                    181.96,
                    173.63,
                    111.62,
                    113.9,
                    107.3,
                    113.9
                ]
            ],
            "area": 4126.0,
            "bbox": [
                52.28,
                113.9,
                129.68,
                62.88
            ],
            "iscrowd": 0,
            "attributes": {
                "occluded": false
            }
        }
    ]
}