{
    "info": {
        "contributor": "",
        "date_created": "",
        "description": "",
        "url": "",
        "version": "",
        "year": ""
    },
    "licenses": [
        {
            "name": "",
            "id": 0,
            "url": ""
        }
    ],
    "categories": [
        {
            "id": 1,
            "name": "Road",
            "supercategory": ""
        }
    ],
    "images": [
        {
            "id": 35,
            "width": 224,
            "height": 224,
            "file_name": "1637695961022483.png",
            "license": 0,
            "flickr_url": "",
            "coco_url": "",
            "date_captured": 0
        }
    ],
    "annotations": [
        {
            "id": 35,
            "image_id": 35,
            "category_id": 1,
            "segmentation": [
                [
                    50.71,
                    173.24,
                    202.01,
                    174.03,
                    142.27,
                    129.62,
                    132.06,
                    122.94,
                    103.37,
                    122.94
                ]
            ],
            "area": 4588.0,
            "bbox": [
                50.71,
                122.94,
                151.3,
                51.09
            ],
            "iscrowd": 0,
            "attributes": {
                "occluded": false
            }
        }
    ]
}