{
    "info": {
        "contributor": "",
        "date_created": "",
        "description": "",
        "url": "",
        "version": "",
        "year": ""
    },
    "licenses": [
        {
            "name": "",
            "id": 0,
            "url": ""
        }
    ],
    "categories": [
        {
            "id": 1,
            "name": "Road",
            "supercategory": ""
        }
    ],
    "images": [
        {
            "id": 21,
            "width": 224,
            "height": 224,
            "file_name": "1637695719320746.png",
            "license": 0,
            "flickr_url": "",
            "coco_url": "",
            "date_captured": 0
        }
    ],
    "annotations": [
        {
            "id": 21,
            "image_id": 21,
            "category_id": 1,
            "segmentation": [
                [
                    38.53,
                    178.35,
                    196.5,
                    170.88,
                    119.87,
                    122.94,
                    112.01,
                    123.33,
                    111.62,
                    117.04,
                    102.19,
                    120.19,
                    80.97,
                    133.16
                ]
            ],
            "area": 4902.0,
            "bbox": [
                38.53,
                117.04,
                157.97,
                61.31
            ],
            "iscrowd": 0,
            "attributes": {
                "occluded": false
            }
        }
    ]
}