{
    "info": {
        "contributor": "",
        "date_created": "",
        "description": "",
        "url": "",
        "version": "",
        "year": ""
    },
    "licenses": [
        {
            "name": "",
            "id": 0,
            "url": ""
        }
    ],
    "categories": [
        {
            "id": 1,
            "name": "Road",
            "supercategory": ""
        }
    ],
    "images": [
        {
            "id": 50,
            "width": 224,
            "height": 224,
            "file_name": "1637696687126573.png",
            "license": 0,
            "flickr_url": "",
            "coco_url": "",
            "date_captured": 0
        }
    ],
    "annotations": [
        {
            "id": 50,
            "image_id": 50,
            "category_id": 1,
            "segmentation": [
                [
                    223.23,
                    177.17,
                    22.02,
                    175.6,
                    32.24,
                    158.31,
                    29.88,
                    151.63,
                    99.05,
                    133.16,
                    116.34,
                    119.4,
                    120.66,
                    114.29,
                    128.91,
                    114.29,
                    134.02,
                    120.19,
                    136.38,
                    131.19,
                    144.63,
                    138.66,
                    168.21,
                    139.44
                ]
            ],
            "area": 6696.0,
            "bbox": [
                22.02,
                114.29,
                201.21,
                62.88
            ],
            "iscrowd": 0,
            "attributes": {
                "occluded": false
            }
        }
    ]
}