{
    "info": {
        "contributor": "",
        "date_created": "",
        "description": "",
        "url": "",
        "version": "",
        "year": ""
    },
    "licenses": [
        {
            "name": "",
            "id": 0,
            "url": ""
        }
    ],
    "categories": [
        {
            "id": 1,
            "name": "Road",
            "supercategory": ""
        }
    ],
    "images": [
        {
            "id": 23,
            "width": 224,
            "height": 224,
            "file_name": "1637695737421320.png",
            "license": 0,
            "flickr_url": "",
            "coco_url": "",
            "date_captured": 0
        }
    ],
    "annotations": [
        {
            "id": 23,
            "image_id": 23,
            "category_id": 1,
            "segmentation": [
                [
                    191.0,
                    175.6,
                    16.91,
                    177.17,
                    18.09,
                    167.74,
                    76.25,
                    135.91,
                    110.83,
                    128.83,
                    170.17,
                    135.12,
                    202.01,
                    137.48,
                    202.01,
                    141.8,
                    183.93,
                    148.09,
                    183.93,
                    157.13
                ]
            ],
            "area": 6380.0,
            "bbox": [
                16.91,
                128.83,
                185.1,
                48.34
            ],
            "iscrowd": 0,
            "attributes": {
                "occluded": false
            }
        }
    ]
}