{
    "info": {
        "contributor": "",
        "date_created": "",
        "description": "",
        "url": "",
        "version": "",
        "year": ""
    },
    "licenses": [
        {
            "name": "",
            "id": 0,
            "url": ""
        }
    ],
    "categories": [
        {
            "id": 1,
            "name": "Road",
            "supercategory": ""
        }
    ],
    "images": [
        {
            "id": 40,
            "width": 224,
            "height": 224,
            "file_name": "1637696157923761.png",
            "license": 0,
            "flickr_url": "",
            "coco_url": "",
            "date_captured": 0
        }
    ],
    "annotations": [
        {
            "id": 40,
            "image_id": 40,
            "category_id": 1,
            "segmentation": [
                [
                    221.3,
                    181.1,
                    1.98,
                    175.6,
                    1.59,
                    128.44,
                    56.21,
                    118.22,
                    69.18,
                    123.72,
                    86.47,
                    131.98,
                    144.24,
                    131.98,
                    187.07,
                    132.76,
                    221.66,
                    127.26
                ]
            ],
            "area": 10930.0,
            "bbox": [
                1.59,
                118.22,
                220.07,
                62.88
            ],
            "iscrowd": 0,
            "attributes": {
                "occluded": false
            }
        }
    ]
}