{
    "info": {
        "contributor": "",
        "date_created": "",
        "description": "",
        "url": "",
        "version": "",
        "year": ""
    },
    "licenses": [
        {
            "name": "",
            "id": 0,
            "url": ""
        }
    ],
    "categories": [
        {
            "id": 1,
            "name": "Road",
            "supercategory": ""
        }
    ],
    "images": [
        {
            "id": 44,
            "width": 224,
            "height": 224,
            "file_name": "1637696339224786.png",
            "license": 0,
            "flickr_url": "",
            "coco_url": "",
            "date_captured": 0
        }
    ],
    "annotations": [
        {
            "id": 44,
            "image_id": 44,
            "category_id": 1,
            "segmentation": [
                [
                    216.94,
                    167.42,
                    0.8,
                    181.96,
                    1.19,
                    152.88,
                    71.54,
                    121.84,
                    94.33,
                    123.02,
                    123.02,
                    123.41,
                    154.85,
                    132.45
                ]
            ],
            "area": 8348.0,
            "bbox": [
                0.8,
                121.84,
                216.14,
                60.12
            ],
            "iscrowd": 0,
            "attributes": {
                "occluded": false
            }
        }
    ]
}