{
    "info": {
        "contributor": "",
        "date_created": "",
        "description": "",
        "url": "",
        "version": "",
        "year": ""
    },
    "licenses": [
        {
            "name": "",
            "id": 0,
            "url": ""
        }
    ],
    "categories": [
        {
            "id": 1,
            "name": "Road",
            "supercategory": ""
        }
    ],
    "images": [
        {
            "id": 20,
            "width": 224,
            "height": 224,
            "file_name": "1637695706621458.png",
            "license": 0,
            "flickr_url": "",
            "coco_url": "",
            "date_captured": 0
        }
    ],
    "annotations": [
        {
            "id": 20,
            "image_id": 20,
            "category_id": 1,
            "segmentation": [
                [
                    223.23,
                    172.45,
                    1.59,
                    178.35,
                    1.59,
                    128.44,
                    40.49,
                    120.19,
                    45.6,
                    124.12,
                    42.85,
                    131.19,
                    100.62,
                    140.62,
                    223.62,
                    147.3
                ]
            ],
            "area": 8243.0,
            "bbox": [
                1.59,
                120.19,
                222.03,
                58.16
            ],
            "iscrowd": 0,
            "attributes": {
                "occluded": false
            }
        }
    ]
}