{
    "info": {
        "contributor": "",
        "date_created": "",
        "description": "",
        "url": "",
        "version": "",
        "year": ""
    },
    "licenses": [
        {
            "name": "",
            "id": 0,
            "url": ""
        }
    ],
    "categories": [
        {
            "id": 1,
            "name": "Road",
            "supercategory": ""
        }
    ],
    "images": [
        {
            "id": 28,
            "width": 224,
            "height": 224,
            "file_name": "1637695780021267.png",
            "license": 0,
            "flickr_url": "",
            "coco_url": "",
            "date_captured": 0
        }
    ],
    "annotations": [
        {
            "id": 28,
            "image_id": 28,
            "category_id": 1,
            "segmentation": [
                [
                    172.93,
                    175.99,
                    1.59,
                    172.45,
                    0.8,
                    159.49,
                    81.75,
                    124.9,
                    101.4,
                    122.55,
                    102.19,
                    115.47,
                    111.62,
                    115.47,
                    134.02,
                    122.94,
                    143.85,
                    128.05,
                    220.87,
                    131.98,
                    220.87,
                    142.19,
                    161.53,
                    148.09
                ]
            ],
            "area": 7717.0,
            "bbox": [
                0.8,
                115.47,
                220.07,
                60.52
            ],
            "iscrowd": 0,
            "attributes": {
                "occluded": false
            }
        }
    ]
}