{
    "info": {
        "contributor": "",
        "date_created": "",
        "description": "",
        "url": "",
        "version": "",
        "year": ""
    },
    "licenses": [
        {
            "name": "",
            "id": 0,
            "url": ""
        }
    ],
    "categories": [
        {
            "id": 1,
            "name": "Road",
            "supercategory": ""
        }
    ],
    "images": [
        {
            "id": 43,
            "width": 224,
            "height": 224,
            "file_name": "1637696297024128.png",
            "license": 0,
            "flickr_url": "",
            "coco_url": "",
            "date_captured": 0
        }
    ],
    "annotations": [
        {
            "id": 43,
            "image_id": 43,
            "category_id": 1,
            "segmentation": [
                [
                    205.94,
                    168.52,
                    2.76,
                    182.28,
                    1.98,
                    133.94,
                    73.89,
                    126.08,
                    117.91,
                    115.47,
                    132.84,
                    115.86,
                    134.81,
                    126.48
                ]
            ],
            "area": 8653.0,
            "bbox": [
                1.98,
                115.47,
                203.96,
                66.81
            ],
            "iscrowd": 0,
            "attributes": {
                "occluded": false
            }
        }
    ]
}