{
    "info": {
        "contributor": "",
        "date_created": "",
        "description": "",
        "url": "",
        "version": "",
        "year": ""
    },
    "licenses": [
        {
            "name": "",
            "id": 0,
            "url": ""
        }
    ],
    "categories": [
        {
            "id": 1,
            "name": "Road",
            "supercategory": ""
        }
    ],
    "images": [
        {
            "id": 33,
            "width": 224,
            "height": 224,
            "file_name": "1637695944324573.png",
            "license": 0,
            "flickr_url": "",
            "coco_url": "",
            "date_captured": 0
        }
    ],
    "annotations": [
        {
            "id": 33,
            "image_id": 33,
            "category_id": 1,
            "segmentation": [
                [
                    223.23,
                    173.24,
                    34.6,
                    177.56,
                    63.28,
                    124.9,
                    95.9,
                    125.3,
                    134.41,
                    135.91,
                    207.12,
                    139.05,
                    222.83,
                    140.62
                ]
            ],
            "area": 7383.0,
            "bbox": [
                34.6,
                124.9,
                188.63,
                52.66
            ],
            "iscrowd": 0,
            "attributes": {
                "occluded": false
            }
        }
    ]
}