{
    "info": {
        "contributor": "",
        "date_created": "",
        "description": "",
        "url": "",
        "version": "",
        "year": ""
    },
    "licenses": [
        {
            "name": "",
            "id": 0,
            "url": ""
        }
    ],
    "categories": [
        {
            "id": 1,
            "name": "Road",
            "supercategory": ""
        }
    ],
    "images": [
        {
            "id": 27,
            "width": 224,
            "height": 224,
            "file_name": "1637695761121416.png",
            "license": 0,
            "flickr_url": "",
            "coco_url": "",
            "date_captured": 0
        }
    ],
    "annotations": [
        {
            "id": 27,
            "image_id": 27,
            "category_id": 1,
            "segmentation": [
                [
                    193.36,
                    174.81,
                    32.63,
                    176.38,
                    96.29,
                    128.05,
                    74.29,
                    123.72,
                    95.9,
                    121.76,
                    116.34,
                    119.01,
                    124.2,
                    121.37,
                    132.06,
                    128.05
                ]
            ],
            "area": 4991.0,
            "bbox": [
                32.63,
                119.01,
                160.73,
                57.37
            ],
            "iscrowd": 0,
            "attributes": {
                "occluded": false
            }
        }
    ]
}