{
    "info": {
        "contributor": "",
        "date_created": "",
        "description": "",
        "url": "",
        "version": "",
        "year": ""
    },
    "licenses": [
        {
            "name": "",
            "id": 0,
            "url": ""
        }
    ],
    "categories": [
        {
            "id": 1,
            "name": "Road",
            "supercategory": ""
        }
    ],
    "images": [
        {
            "id": 26,
            "width": 224,
            "height": 224,
            "file_name": "1637695746821433.png",
            "license": 0,
            "flickr_url": "",
            "coco_url": "",
            "date_captured": 0
        }
    ],
    "annotations": [
        {
            "id": 26,
            "image_id": 26,
            "category_id": 1,
            "segmentation": [
                [
                    221.66,
                    176.78,
                    2.76,
                    175.21,
                    2.37,
                    142.98,
                    58.57,
                    142.98,
                    89.61,
                    120.58,
                    87.65,
                    117.44,
                    116.73,
                    117.83,
                    160.35,
                    137.48,
                    180.79,
                    136.69,
                    196.5,
                    151.63,
                    220.08,
                    157.91
                ]
            ],
            "area": 8722.0,
            "bbox": [
                2.37,
                117.44,
                219.29,
                59.34
            ],
            "iscrowd": 0,
            "attributes": {
                "occluded": false
            }
        }
    ]
}